1789477454,762091813,body,-2.353226439099267e-06,-6.072563164841693e-06,0.002144295058540748,0.013876501710168972,0.00043458105444897475,-0.00286053729469304
1789477454,768247033,body,5.834792736918499e-06,-0.00019452614152123317,-0.0008612245849898749,-0.0033254227396697744,-8.975905175852755e-05,-0.00026140010501062694
1789477454,775063487,body,0.00010254771622798517,-0.0004945411792100935,-0.001709690890789409,-0.008080037977801512,-0.06591623262612648,9.466130755290366e-05
1789477454,781569258,body,-0.0006587254521429744,-0.0006385739331843238,-0.002144059761240964,-0.005527836389290836,-0.16513943312595789,0.00014490349928609052
1789477454,788724061,body,-0.004450740372139823,-0.00061795645036464,-0.0023904724236875068,-0.0016527518341355157,-0.216040581297656,0.0001140115043315502
1789477454,795017839,body,-0.013045341894774933,-0.000516154572820294,-0.0023734222238251694,0.0006138645800206267,-0.21947439854181494,6.737130960436648e-05
1789477454,801860883,body,-0.027012953322351242,-0.00040595523113391685,-0.002004191629869219,0.0011316148929157454,-0.19666976914136008,4.506729410723727e-05
1789477454,808131717,body,-0.04605506400998907,-0.00031788310198539607,-0.0012435102622018425,0.0008013304041816017,-0.16477905885753188,4.9285846052421406e-05
1789477454,814424376,body,-0.06947625207396133,-0.00025225364667593505,-9.931896246444943e-05,0.0003774509231368831,-0.13254252672654218,6.079794597816849e-05
1789477454,821032168,body,-0.09648696688449414,-0.00019948148042317734,0.001388331252184038,0.00015360898133554775,-0.10287235042066324,6.516466326083226e-05
1789477454,830064731,body,-0.1263340140912786,-0.0001520385344467665,0.003157227876909964,0.00011379772907317821,-0.07603500588255062,6.0581247616014066e-05
1789477454,836583178,body,-0.15833298521060113,-0.00010717095676476956,0.005128782384313621,0.0001516776805118762,-0.05159041327657403,5.183979022696514e-05
1789477454,843030467,body,-0.1918636250442947,-6.51512465636886e-05,0.007213466892457475,0.00019056633428843957,-0.029170547237940724,4.341017000657504e-05
1789477454,849533087,body,-0.22635920364223874,-2.7053577462322792e-05,0.009317042305589926,0.00020527806682754332,-0.00862621683507662,3.700880126907722e-05
1789477454,856098242,body,-0.2612999443803412,6.4069768747393755e-06,0.011346866441114996,0.00020064404451472653,0.010048149882540517,3.2404277637412894e-05
1789477454,862495452,body,-0.2962109356377413,3.5062932487531273e-05,0.013217349075440843,0.00018820592749217398,0.026810903475929636,2.885936951491206e-05
1789477454,869101025,body,-0.3306623831724326,5.9073318384975314e-05,0.014854086030286347,0.0001752475859662193,0.041630619477328955,2.590502668890346e-05
1789477454,875640069,body,-0.3642703862512164,7.86955417597232e-05,0.016196636831456744,0.00016377456135184754,0.05450652281621051,2.3425317610220856e-05
1789477454,882526454,body,-0.3966973326569694,9.417968485784487e-05,0.017200109291319113,0.00015315062830052484,0.06546882134720343,2.1470642156745536e-05
1789477454,889065831,body,-0.427651663930892,0.00010575711197293248,0.017835746845895013,0.00014238565340979865,0.07457230788349861,2.009842269651639e-05
1789477454,895438961,body,-0.456887059942398,0.00011366176454349372,0.018090688348231257,0.0001310277234793567,0.08188980914080393,1.9317914304093605e-05
1789477454,902111930,body,-0.48420116276719477,0.0001181467457537014,0.017967045606116276,0.00011912324500668248,0.08750741227467454,1.9099440769295944e-05
1789477454,908774209,body,-0.5094339387224173,0.00011948743846963898,0.01748043507725031,0.00010691564508964647,0.09152133153004378,1.939727616221373e-05
1789477454,915156255,body,-0.5324657409084784,0.00011797621660958751,0.016658099814905,9.463694727123658e-05,0.09403577839575716,2.016315214979662e-05
1789477454,921344326,body,-0.5532151104527719,0.00011391518332455539,0.015536756949239398,8.244732415185564e-05,0.09516132269981155,2.1349532911692366e-05
1789477454,927503637,body,-0.5716363453182713,0.00010761012297120735,0.014160300185540372,7.04543900219916e-05,0.0950134639877364,2.2908640308574396e-05
1789477454,933545571,body,-0.5877168655168097,9.936605572939625e-05,0.012577475570456177,5.874540102336485e-05,0.09371129407337449,2.4791437768280966e-05
1789477454,940233088,body,-0.6014744073856129,8.948373656754544e-05,0.01083963351768423,4.7404456421435886e-05,0.09137620935413093,2.694769311350817e-05
1789477454,948827894,body,-0.6129540839497051,7.825652833542454e-05,0.008998642423016505,3.6514807040804115e-05,0.0881306594253216,2.932671648349749e-05
1789477454,958034650,body,-0.6222253518171678,6.596746100381616e-05,0.007105030414912113,2.615490048828484e-05,0.08409692720447343,3.187821530280188e-05
1789477454,964795826,body,-0.6293789270503763,5.288653036206522e-05,0.005206402813333856,1.6394436514069065e-05,0.07939594070573437,3.45530174994962e-05
1789477454,971342614,body,-0.6345236929382853,3.926834604643168e-05,0.0033461644444498597,7.292394630025227e-06,0.07414612227824419,3.730364970675655e-05
1789477454,977994451,body,-0.6377836416259798,2.5350195877670894e-05,0.0015625587309329816,-1.1034270590049366e-06,0.06846228710440504,4.008481791222663e-05
1789477454,985146450,body,-0.6392948892582127,1.1350544027204404e-05,-0.00011197997579810368,-8.756274275502552e-06,0.0624546075494678,4.2853827603090704e-05
1789477454,991405923,body,-0.6392028008576177,-2.5320528393501215e-06,-0.0016511775536688657,-1.5640213918987077e-05,0.056227662575655674,4.557094514030715e-05
1789477454,997742345,body,-0.6376592568135533,-1.611963696638955e-05,-0.0030350020916010837,-2.173991859049056e-05,0.04987959162407664,4.819969895033336e-05
1789477455,4236713,body,-0.6348200878852382,-2.9255179068603607e-05,-0.004249511848536507,-2.7050370950085234e-05,0.04350137038706762,5.070711470472135e-05
1789477455,10711559,body,-0.6308427003053161,-4.1802577164579155e-05,-0.005286509369981644,-3.157640483966532e-05,0.03717622225245746,5.3063883853489214e-05
1789477455,16887431,body,-0.6258839071791398,-5.364636016985607e-05,-0.0061430443143210035,-3.5332061233598155e-05,0.030979174486949573,5.5244468239986526e-05
1789477455,23008595,body,-0.6200979771430001,-6.469113245920832e-05,-0.0068208075302585375,-3.833978272712759e-05,0.02497676301717824,5.7227143966442635e-05
1789477455,29222583,body,-0.6136349063617144,-7.486079888272104e-05,-0.00732545690006256,-4.0629488546603996e-05,0.019226884464199328,5.8993987213463506e-05
1789477455,35687328,body,-0.6066389155362808,-8.409760823513784e-05,-0.007665911846535082,-4.223757257373151e-05,0.013778789308774693,6.053080813351645e-05
1789477455,41833395,body,-0.5992471697426549,-9.236105239085411e-05,-0.007853648643931127,-4.320585895920626e-05,0.008673206014086261,6.182703738436991e-05
1789477455,47966291,body,-0.5915887156569201,-9.962665567903124e-05,-0.007902023212827633,-4.358054635153356e-05,0.003942582794440282,6.28755707432721e-05
1789477455,54153804,body,-0.5837836280393177,-0.00010588468624060761,-0.007825642317824616,-4.3411167121603586e-05,-0.0003885684263886004,6.367257906979603e-05
1789477455,60209006,body,-0.5759423552123974,-0.00011113881735137702,-0.007639798371650355,-4.274958438784842e-05,-0.004303242495974958,6.421728895651086e-05
1789477455,66330597,body,-0.5681652516276567,-0.00011540476367332355,-0.007359977660017621,-4.1649046824568935e-05,-0.007791442879629529,6.4511740646083e-05
1789477455,76063042,body,-0.5605422844082064,-0.00011870891387946999,-0.007001446946472744,-4.016331582647609e-05,-0.010849631364100672,6.456053023598613e-05
1789477455,82946993,body,-0.553152899919024,-0.00012108697751239113,-0.006578919236277896,-3.8345876453137185e-05,-0.01348014111805687,6.437053976310968e-05
1789477455,89111546,body,-0.5460660358950123,-0.0001225826620308239,-0.006106296048933705,-3.624923798304342e-05,-0.01569056723445974,6.395066218593362e-05
1789477455,95072838,body,-0.5393402643920782,-0.00012324639185130767,-0.005596480892623922,-3.392432803373831e-05,-0.01749314728294807,6.3311525779338e-05
1789477455,101308379,body,-0.5330240507774956,-0.0001231340796289233,-0.005061256728672707,-3.141997948540322e-05,-0.018904142722561648,6.246522133339828e-05
1789477455,107429823,body,-0.5271561141037414,-0.00012230595854290357,-0.004511219004048018,-2.87825080120921e-05,-0.019943230365906155,6.142503622530936e-05
1789477455,113641935,body,-0.5217658744826271,-0.00012082548085547291,-0.00395575523616778,-2.605537537964098e-05,-0.020632911528663714,6.020519848339299e-05
1789477455,119973176,body,-0.5168739734799772,-0.00011875828833123426,-0.0034030620630652675,-2.327893325196456e-05,-0.020997945076238596,5.8820633651277596e-05
1789477455,125959155,body,-0.5124928540538081,-0.00011617125699399098,-0.0028601910231373143,-2.049024015295999e-05,-0.021064809323527233,5.7286735649955185e-05
1789477455,131881112,body,-0.5086273871610578,-0.00011313161963685349,-0.0023331150019232786,-1.7722944408256975e-05,-0.02086119664777973,5.561915380736787e-05
1789477455,138139127,body,-0.505275532834551,-0.00010970616628741358,-0.0018268081827369025,-1.5007226499926473e-05,-0.020415543729112286,5.383359764111834e-05
1789477455,144179843,body,-0.5024290242815239,-0.00010596052356182178,-0.0013453333759674028,-1.2369791782858885e-05,-0.01975659952398082,5.1945658514486706e-05
1789477455,150453600,body,-0.5000740643593906,-0.00010195851280802657,-0.0008919317021311783,-9.833907996715587e-06,-0.018913032374748773,4.997065081817729e-05
1789477455,156706411,body,-0.4981920246390917,-9.776158579280587e-05,-0.0004691107013614338,-7.419480104320068e-06,-0.01791307705212149,4.792347091455492e-05
1789477455,162863656,body,-0.4967601381539587,-9.342833671896131e-05,-7.872798563394675e-05,-5.1431565329418215e-06,-0.016784221991130353,4.581847502839448e-05
1789477455,168967188,body,-0.49575217784646536,-8.901408830876983e-05,0.00027793149924671334,-3.018460791586114e-06,-0.015552936508133426,4.3669374322477736e-05
1789477455,174905785,body,-0.49513911365004004,-8.457055016737573e-05,0.0006000857040529374,-1.0559442322617447e-06,-0.01424443735988528,4.1489148759987315e-05
1789477455,180790482,body,-0.494889742071826,-8.014554583149339e-05,0.0008873936057678382,7.366453590547141e-07,-0.012882493627932489,3.9289976832740946e-05
1789477455,189429064,body,-0.4949712830582673,-7.578280624835948e-05,0.0011399010899499958,2.3541827973726064e-06,-0.011489268569331065,3.708318158571839e-05
1789477455,197111733,body,-0.4953499398221831,-7.152182535955007e-05,0.001357994025614968,3.793975368713312e-06,-0.01008519677853713,3.487919196390304e-05
1789477455,203437178,body,-0.4959914181779068,-6.739777497820947e-05,0.0015423576907793938,5.055567151529502e-06,-0.008688894744139548,3.268751848776544e-05
1789477455,209816083,body,-0.4968614027586416,-6.344147419086614e-05,0.001693941542992811,6.140539486281909e-06,-0.007317102669853565,3.051674112151143e-05
1789477455,216003525,body,-0.4979259882747562,-5.967940962242419e-05,0.0018139282681267918,7.052310009587022e-06,-0.005984655251808804,2.837451052114866e-05
1789477455,221979041,body,-0.49915206470295,-5.613380232888161e-05,0.0019037060627493385,7.79593259469052e-06,-0.004704478972871409,2.6267558424297303e-05
1789477455,227897056,body,-0.5005076559738555,-5.282271626282585e-05,0.001964843192679143,8.377898843480673e-06,-0.003487613384791,2.4201719111884156e-05
1789477455,233923379,body,-0.5019622123441921,-4.976020462249052e-05,0.0019990640039425135,8.805943610571229e-06,-0.0023432537948864345,2.2181959301170645e-05
1789477455,240001198,body,-0.5034868571957862,-4.695648883315932e-05,0.002008225724828077,9.08885435041334e-06,-0.0012788127647444668,2.021241369007886e-05
1789477455,245874522,body,-0.5050545894982394,-4.441816604208885e-05,0.0019942955743306083,9.236286837988685e-06,-0.00029999784505552716,1.829642893449046e-05
1789477455,252287434,body,-0.5066404436103507,-4.214844013186146e-05,0.00195932786883617,9.258587578897586e-06,0.0005890969749932863,1.6436611453495935e-05
1789477455,258378168,body,-0.5082216084584434,-4.0147372458196155e-05,0.001905440985878889,9.16662309156364e-06,0.0013858885478356885,1.4634879443485003e-05
1789477455,264353071,body,-0.5097775084511407,-3.841214715586694e-05,0.001834794192066629,8.971618462954675e-06,0.002089192921793799,1.2892517638288373e-05
1789477455,270630346,body,-0.5112898487362996,-3.6937347559550146e-05,0.0017495644667007177,8.685004261210238e-06,0.002699106992479672,1.1210235324720501e-05
1789477455,276646586,body,-0.5127426276082928,-3.57152389647811e-05,0.001651923549765988,8.318273514985358e-06,0.0032168855427367224,9.588223313081377e-06
1789477455,283060918,body,-0.5141221190164901,-3.473605491265488e-05,0.0015440155113936361,7.88284940087977e-06,0.0036448156151226542,8.026213428830884e-06
1789477455,289236547,body,-0.515416828221922,-3.398828238937662e-05,0.001427935180092899,7.389962969551192e-06,0.003986090007427421,6.52353603826556e-06
1789477455,295107138,body,-0.5166174236967654,-3.3458943357613614e-05,0.001305707780941253,6.850542869378333e-06,0.0042446815231185955,5.079176864136864e-06
1789477455,301758635,body,-0.5177166483691685,-3.313386935874795e-05,0.0011792701253060883,6.275116829978012e-06,0.004425219444790332,3.6918327634199334e-06
1789477455,311227710,body,-0.5187092132792178,-3.2997966846973816e-05,0.0010504536643856583,5.6737240359934405e-06,0.004532869534821236,2.359963620796912e-06
1789477455,317521014,body,-0.5195916766482909,-3.303547005156269e-05,0.0009209696737305981,5.055840766430616e-06,0.004573218705140224,1.0818431571337648e-06
1789477455,323786504,body,-0.5203623112592104,-3.32301807040175e-05,0.0007923967795282394,4.430317405143819e-06,0.0045521653352901805,-1.4439416553492548e-07
1789477455,330112505,body,-0.521020962923181,-3.356569132249364e-05,0.0006661709738960838,3.8053273319259412e-06,0.004475816060633959,-1.320709773954593e-06
1789477455,336337085,body,-0.5215689026559066,-3.402559213516022e-05,0.0005435781993263005,3.1883277528130507e-06,0.004350389699214186,-2.449120470476012e-06
1789477455,342440010,body,-0.5220086750190713,-3.459365969932156e-05,0.0004257495160138262,2.586031492680168e-06,0.004182128838652821,-3.5316626818649977e-06
1789477455,348709873,body,-0.5223439448987123,-3.525402661871029e-05,0.000313658802016548,2.0043905755220214e-06,0.003977219464085279,-4.570359581908943e-06
1789477455,355157999,body,-0.5225793447952932,-3.59913322377213e-05,0.00020812287879757094,1.4485887379578895e-06,0.0037417188730456876,-5.567192879390032e-06
1789477455,361427746,body,-0.522720324499841,-3.6790853872211346e-05,0.0001098039040043332,9.23045033136282e-07,0.003481492003238659,-6.524077781952517e-06
1789477455,367485134,body,-0.5227730048191647,-3.7638618482503826e-05,1.9213832055577223e-05,4.314255962950836e-07,0.003202156178539512,-7.442841994099365e-06
1789477455,374265990,body,-0.5227440368066377,-3.8521495735384335e-05,-6.327928939812969e-05,-2.3336493183513565e-08,0.00290903417840691,-8.325209099380225e-06
1789477455,380927502,body,-0.5226404677446134,-3.942727199419811e-05,-0.00013744344143008617,-4.390136364111066e-07,0.002607115437489151,-9.172784146941442e-06
1789477455,387381055,body,-0.5224696149224104,-4.0344707454813825e-05,-0.00020317344209617094,-8.140499134816021e-07,0.0023010251000954774,-9.987043838166356e-06
1789477455,393433337,body,-0.5222389480543137,-4.126357519078871e-05,-0.00026048071317789033,-1.1475221262028951e-06,0.0019950005798915,-1.0769328904770676e-05
1789477455,400119212,body,-0.521955980992849,-4.2174685409499535e-05,-0.0003094822746566557,-1.4390957183529206e-06,0.0016928752135124522,-1.152084012528784e-05
1789477455,406378799,body,-0.5216281732128905,-4.306989428581883e-05,-0.0003503892257582303,-1.6889776478922179e-06,0.0013980685449412591,-1.224263649676985e-05
1789477455,412582882,body,-0.5212628413725228,-4.3942099411959906e-05,-0.0003834949559583257,-1.8978662134089943e-06,0.0011135827366094357,-1.293563622234148e-05
1789477455,419580631,body,-0.5208670811017374,-4.4785223120806796e-05,-0.00040916330912694825,-2.066899009489654e-06,0.0008420045730907904,-1.3600620016754133e-05
1789477455,429646055,body,-0.5204476990245608,-4.559418463012574e-05,-0.0004278169006840171,-2.1976000984635406e-06,0.0005855125018559219,-1.4238235349599084e-05
1789477455,437967689,body,-0.5200111548922033,-4.636486261851293e-05,-0.00043992576230073233,-2.291826604595002e-06,0.0003458881438106852,-1.4849003632862258e-05
1789477455,444507161,body,-0.5195635135894267,-4.70940495035938e-05,-0.00044599646227538615,-2.3517161250711586e-06,0.0001245317036312135,-1.5433328370273155e-05
1789477455,452108128,body,-0.5191104066730207,-4.777939889248038e-05,-0.0004465618233379879,-2.379634880044244e-06,-7.751928646019607e-05,-1.599150365545094e-05
1789477455,458465414,body,-0.5186570030161185,-4.841936697477331e-05,-0.0004421713336569425,-2.3781277091976236e-06,-0.0002595684437149589,-1.6523724811035075e-05
1789477455,465035568,body,-0.5182079880567214,-4.901314983523081e-05,-0.00043338232272428225,-2.34987049624471e-06,-0.0004212367698448614,-1.7030099159697273e-05
1789477455,471661660,body,-0.5177675510903695,-4.956061723115563e-05,-0.00042075195075671947,-2.2976246255320774e-06,-0.0005624371581787926,-1.7510656997668373e-05
1789477455,477739713,body,-0.5173393799966963,-5.006224456115338e-05,-0.00040483004013636365,-2.224194901127944e-06,-0.000683347660211597,-1.796536334161448e-05
1789477455,484787917,body,-0.5169266627588762,-5.0519043233804214e-05,-0.000386152759014518,-2.132390615559471e-06,-0.0007843839672193229,-1.8394129387544292e-05
1789477455,491283619,body,-0.5165320951062491,-5.093249140591458e-05,-0.0003652371517420986,-2.024989857631053e-06,-0.0008661715295547355,-1.8796824446172774e-05
1789477455,497424304,body,-0.5161578936012218,-5.13044651806183e-05,-0.00034257649742630087,-1.9047077184543665e-06,-0.0009295177000463635,-1.9173286475117822e-05
1789477455,503824938,body,-0.5158058134867335,-5.163717141029568e-05,-0.0003186364671548448,-1.7741680768865662e-06,-0.0009753842499636765,-1.9523333949722353e-05
1789477455,510026400,body,-0.5154771706160933,-5.1933082782032394e-05,-0.0002938520418561763,-1.63587896959848e-06,-0.0010048605683975374,-1.9846775550560465e-05
1789477455,516417272,body,-0.5151728668009703,-5.2194875716433154e-05,-0.00026862514606339877,-1.4922120361622304e-06,-0.0010191378171506365,-2.0143420391904552e-05
1789477455,522731135,body,-0.5148934179338933,-5.2425371617807416e-05,-0.00024332294827992079,-1.345385144183086e-06,-0.0010194842752002098,-2.0413087197078736e-05
1789477455,528794662,body,-0.5146389842684718,-5.262748190949264e-05,-0.00021827677529941817,-1.1974489650795875e-06,-0.0010072220684684198,-2.065561272869494e-05
1789477455,535270003,body,-0.5144094022714312,-5.280415729943933e-05,-0.00019378158632777406,-1.0502766591846854e-06,-0.0009837054456722791,-2.087085946236436e-05
1789477455,541331586,body,-0.5142042174981403,-5.295834135682667e-05,-0.00017009595173206739,-9.055567650140988e-07,-0.0009503007248464841,-2.1058722408777947e-05
1789477455,549270143,body,-0.5140227179822019,-5.3092928568426245e-05,-0.00014744248195361915,-7.647892163627885e-07,-0.0009083680026406617,-2.1219134970852204e-05
1789477455,558919509,body,-0.5138639676708924,-5.321072733135268e-05,-0.0001260086527417259,-6.292840034808367e-07,-0.000859244687920345,-2.1352074597063733e-05
1789477455,565951277,body,-0.5138999660354672,-5.3490282192203644e-05,-0.0034827892882289928,-0.0005511337464039608,0.13070409747199796,-6.573394893303826e-05
1789477455,572438030,body,-0.5121583123876289,-5.0012572831302224e-05,-0.01191186931608975,0.0002859215586175748,0.3294053672610558,-0.00012393202251228787
1789477455,578847738,body,-0.5041527388568124,-4.4611896403358155e-05,-0.022674410289144842,0.0005282576345310637,0.4312251779494921,-0.00015800147067027539
1789477455,585165613,body,-0.48633771728960434,-4.892345906423812e-05,-0.0328643524813565,0.00020315212755697652,0.4379096834123657,-0.0001753553952950573
1789477455,591356048,body,-0.45769312692844777,-6.005821233648579e-05,-0.04072665537172742,-0.00012409280345129672,0.3920583941736952,-0.00017745939523904812
1789477455,597558630,body,-0.41894970591307723,-6.991542532205923e-05,-0.04560427879698639,-0.00021214497629913254,0.3279857239665753,-0.000159040379379963
1789477455,603965309,body,-0.3715903606466795,-7.42137104930137e-05,-0.047484561842678824,-0.00013105192191015645,0.2631615271304069,-0.00012539805406429388
1789477455,610084897,body,-0.3172432160413642,-7.348854034426393e-05,-0.04663793018856117,-2.160945587357256e-05,0.2034672113803777,-8.940314102124771e-05
1789477455,616219638,body,-0.2574332664388828,-7.027895464975754e-05,-0.04344110080008839,3.9881084777637384e-05,0.14953879941706633,-6.009533757079188e-05
1789477455,622311853,body,-0.19352630294945625,-6.67114618694664e-05,-0.03831523613193715,4.926864460176194e-05,0.10059035622293848,-3.883318602371262e-05
1789477455,628247512,body,-0.12674263149418122,-6.372798467930849e-05,-0.03170538350948737,3.296523283451426e-05,0.05593876895436603,-2.2647683929628435e-05
1789477455,634272698,body,-0.058181796608780395,-6.140462677424059e-05,-0.024065326872498558,1.4444331129094343e-05,0.015291654924818168,-8.480708289118136e-06
1789477455,640265868,body,0.011160143001124941,-5.9516996354997636e-05,-0.01583960436412751,3.479361496350419e-06,-0.021395477640607063,5.01521441454145e-06
1789477455,646366118,body,0.08038175190725069,-5.7896327225904924e-05,-0.007445102208737233,-2.418522912157643e-07,-0.05410058906812044,1.778773490053468e-05
1789477455,652686574,body,0.14867216527659066,-5.6519800579946065e-05,0.0007443461347877468,-3.7242646759307087e-07,-0.08283787379742094,2.9316144738284724e-05
1789477455,658683868,body,0.2153087592538459,-5.545665336093911e-05,0.008408789644418782,2.2709309975660326e-07,-0.10768683968234613,3.921794949811712e-05
1789477455,665002056,body,0.27965499850365705,-5.479130474173778e-05,0.01528845518602397,4.5226144132141776e-07,-0.12878274934487713,4.738486283252915e-05
1789477455,675172623,body,0.3411580257835149,-5.457928881463587e-05,0.021186234193040228,3.116908396827452e-07,-0.14629633618649476,5.3879368599097246e-05
1789477455,682613577,body,0.39934604472680496,-5.483815698868634e-05,0.025967163169496096,1.035829277200921e-07,-0.16041649547446254,5.8812874217085894e-05
1789477455,689026512,body,0.45382562825085854,-5.5555395194863677e-05,0.02955555957413588,-6.058513678101115e-09,-0.17133955074685966,6.228878790317224e-05
1789477455,695378402,body,0.5042790037257232,-5.669827587095887e-05,0.031930331109757626,-3.494176088522074e-08,-0.1792640688805589,6.439811243513602e-05
1789477455,701903862,body,0.5504612695203018,-5.821989462867703e-05,0.03311888952595998,-8.575004858131887e-08,-0.18438910686789126,6.523212817491453e-05
1789477455,708030389,body,0.5921974420686363,-6.006194039711885e-05,0.03319005762195183,-2.549946805967765e-07,-0.1869141702573845,6.489116619440966e-05
1789477455,714240585,body,0.6293792221800675,-6.215643421498892e-05,0.03224633525957106,-5.966834623546519e-07,-0.18703983633957694,6.348567515239304e-05
1789477455,720528274,body,0.6619613892302454,-6.442785648034536e-05,0.030415870388109854,-1.124909314395534e-06,-0.1849684890679403,6.113318973553039e-05
1789477455,726642497,body,0.6899577666610776,-6.679591833661322e-05,0.027844457186149932,-1.8282915928918934e-06,-0.18090487984890913,5.795472986646533e-05
1789477455,732863741,body,0.7134367414340003,-6.917864535982742e-05,0.024687853136677994,-2.681254156548326e-06,-0.1750563534076481,5.407198987771074e-05
1789477455,739169677,body,0.7325163578854754,-7.149538452005092e-05,0.021104669571859008,-3.649534953913313e-06,-0.167632642991241,4.9605274144695914e-05
1789477455,745408891,body,0.7473590396778282,-7.366950060869721e-05,0.017250046074913768,-4.692583641448562e-06,-0.15884518816148424,4.4671831485339877e-05
1789477455,751989941,body,0.7581660203785883,-7.56306662117613e-05,0.013270269009630967,-5.765461081412367e-06,-0.14890597514610382,3.938439948183035e-05
1789477455,758293032,body,0.7651715824601258,-7.731671797234408e-05,0.009298440189859803,-6.8212190438891616e-06,-0.13802594373672,3.384994312254862e-05
1789477455,764312076,body,0.7686372156289205,-7.867506762592227e-05,0.005451245927781809,-7.813597721587484e-06,-0.1264130421006063,2.8168617830486853e-05
1789477455,770670366,body,0.7688458084606219,-7.966366560185193e-05,0.001826822496528704,-8.699581888276498e-06,-0.11427003847330003,2.2432973439514507e-05
1789477455,776938868,body,0.7660959830617998,-8.025152587806776e-05,-0.0014963354797576899,-9.441504478966874e-06,-0.10179221502509639,1.6727386919661218e-05
1789477455,783143144,body,0.7606966721863104,-8.041883772032714e-05,-0.004459519296120429,-1.0008595536640062e-05,-0.0891650740542222,1.1127700958627178e-05
1789477455,791376765,body,0.7529620235207402,-8.01567065962527e-05,-0.007023131302257259,-1.0377991960401982e-05,-0.07656218076113404,5.701039367830696e-06
1789477455,800151902,body,0.7432066984750869,-7.946657799533104e-05,-0.009165341046205616,-1.0535257344017483e-05,-0.06414325168974203,5.057778025649488e-07
1789477455,806681197,body,0.731741614455729,-7.835940542134682e-05,-0.010880233560411574,-1.0474460731596924e-05,-0.05205257558477043,-4.408352619560638e-06
1789477455,812900714,body,0.7188701616876526,-7.685462435873318e-05,-0.012175611577387148,-1.0197860513128155e-05,-0.0404178265026106,-9.000050188044157e-06
1789477455,819323684,body,0.7048849093059134,-7.497899359288917e-05,-0.013070605110482839,-9.715247775792379e-06,-0.029349300358161034,-1.3236131713549855e-05
1789477455,825543385,body,0.6900648013559705,-7.276535958041557e-05,-0.013593226322189015,-9.043013560521681e-06,-0.0189395784182304,-1.70911446197722e-05
1789477455,831532064,body,0.6746728319018033,-7.025139453144567e-05,-0.013777987039705477,-8.20301341138737e-06,-0.009263596905486194,-2.054691580143309e-05
1789477455,837835089,body,0.6589541796656492,-6.747834976410823e-05,-0.013663672809872265,-7.221305286897945e-06,-0.0003790825423487634,-2.3592052133975228e-05
1789477455,843872538,body,0.6431347763433254,-6.448986092908858e-05,-0.01329134299257011,-6.126836893246954e-06,0.007672699543608111,-2.622140340381203e-05
1789477455,849970997,body,0.627420278605376,-6.133083089215807e-05,-0.012702602746993155,-4.9501510690892255e-06,0.01486594647000311,-2.843550104846372e-05
1789477455,856232728,body,0.6119954114111387,-5.804641153342848e-05,-0.011938171153402368,-3.722168836327327e-06,0.02118912952681495,-3.023998117765942e-05
1789477455,862406519,body,0.5970236492061007,-5.4681097301056196e-05,-0.011036751009995925,-2.473096768833568e-06,0.026643677367804448,-3.164500292745385e-05
1789477455,868405885,body,0.5826472014719559,-5.127793896916306e-05,-0.010034190538800954,-1.2314935712728844e-06,0.031242584447024054,-3.266466981481243e-05
1789477455,874656975,body,0.5689872696224859,-4.787787977432144e-05,-0.008962915483478754,-2.351487313640314e-08,0.03500899070604338,-3.3316462620079916e-05
1789477455,880815498,body,0.5561445431591983,-4.451921333621557e-05,-0.00785160178351326,1.127654620597173e-06,0.03797476975245343,-3.3620689467185906e-05
1789477455,887549951,body,0.5441999041259805,-4.123715853535753e-05,-0.006725053874498643,2.2021858144199922e-06,0.04017915416601413,-3.35999592497256e-05
1789477455,893699285,body,0.5332153101322376,-3.8063544327938976e-05,-0.005604251288290948,3.183818803554622e-06,0.041667418787506495,-3.327868301229956e-05
1789477455,899764563,body,0.5232348274927789,-3.502659593385976e-05,-0.004506526143713154,4.059923381091767e-06,0.04248963626959671,-3.2682605797655444e-05
1789477455,906054020,body,0.5142857873321273,-3.2150812201804865e-05,-0.003445835846902854,4.821429213577521e-06,0.04269951394398251,-3.183837218632049e-05
1789477455,915249391,body,0.5063800388254199,-2.945692307612926e-05,-0.002433098394431255,5.462649952067266e-06,0.04235331713776323,-3.077312580167529e-05
1789477455,921937180,body,0.4995152751243216,-2.6961916827613657e-05,-0.001476561663104818,5.981025819379339e-06,0.04150888129657319,-2.9514145467348974e-05
1789477455,928036763,body,0.4936764089472383,-2.4679125778593658e-05,-0.0005821825970758494,6.376808457106072e-06,0.04022471341420824,-2.8088515081001678e-05
1789477455,934283330,body,0.4888369763297581,-2.2618360297594425e-05,0.00024600305821924264,6.6527083681930275e-06,0.038559182090069075,-2.6522828886959298e-05
1789477455,940636727,body,0.4849605486303505,-2.0786081634672276e-05,0.0010055351425382305,6.813525055265275e-06,0.03656979481227523,-2.4842931878302145e-05
1789477455,946902152,body,0.4820021345792787,-1.918560458452457e-05,0.0016952178364995243,6.8657743167241445e-06,0.03431256061093279,-2.3073691309997112e-05
1789477455,953328892,body,0.47990955592022544,-1.781732244405327e-05,0.0023148490382656475,6.817326419244848e-06,0.03184143589867196,-2.1238802081822888e-05
1789477455,959413221,body,0.4786247820223457,-1.6678947496176487e-05,0.002864993142442221,6.67706450800775e-06,0.029207851027228796,-1.9360621642369997e-05
1789477455,965315260,body,0.47808521069719995,-1.576576086453963e-05,0.003346797119792218,6.454570713014358e-06,0.026460314776955002,-1.74600347245324e-05
1789477455,971311158,body,0.4782248843240707,-1.5070867690480706e-05,0.003761847523073173,6.1598445737814714e-06,0.02364409365042749,-1.5556346989440817e-05
1789477455,977384754,body,0.4789756322286078,-1.4585452944357014e-05,0.004112064369731213,5.8030567107701785e-06,0.0208009624586868,-1.3667203845493965e-05
1789477455,983239879,body,0.48026813206027874,-1.4299034933854786e-05,0.004399626739286298,5.394337562168591e-06,0.01796902229189868,-1.18085363811213e-05
1789477455,989267764,body,0.48203288463238025,-1.4199714327513762e-05,0.004626924315822135,4.943602366851494e-06,0.015182581580926632,-9.994531300563074e-06
1789477455,995190968,body,0.48420109832005176,-1.427441638977935e-05,0.004796528933636728,4.460408555769146e-06,0.01247209560663274,-8.237621530535422e-06
1789477456,1195998,body,0.4867054806261233,-1.4509124730354857e-05,0.004911180370261482,3.9538443927039355e-06,0.009864159527236072,-6.5485001853248085e-06
1789477456,7184096,body,0.48948093592375924,-1.4889105760989955e-05,0.004973781095210128,3.43244517376706e-06,0.007381549782422585,-4.93615161680023e-06
1789477456,13093478,body,0.4924651696464736,-1.539912286611293e-05,0.004987395347133604,2.904133483614589e-06,0.0050433086095153234,-3.4079013650302545e-06
1789477456,19157985,body,0.4955992003336602,-1.602363901091256e-05,0.004955248703564996,2.376179868233954e-06,0.0028648663727302284,-1.969480426482507e-06
1789477456,27669194,body,0.49882778193735405,-1.6747007829398412e-05,0.00488072516091017,1.85518090230239e-06,0.0008581964558901553,-6.25104025503763e-07
1789477456,34997070,body,0.5020997396669306,-1.7553651913969916e-05,0.004767359601310299,1.347050905891707e-06,-0.0009680024052709112,6.22438795469275e-07
1789477456,41106993,body,0.5053682233927728,-1.8428228272055755e-05,0.004618824342403921,8.570243850211795e-07,-0.002608101284220686,1.7716861274827445e-06
1789477456,47226081,body,0.5085908832518723,-1.935578027374754e-05,0.004438909209870045,3.8966719540939687e-07,-0.004059318412471974,2.822395119686633e-06
1789477456,53659179,body,0.5117299726074578,-2.0321875259691348e-05,0.004231495216069592,-5.1106519582429157e-08,-0.005321483131833686,3.775430825432309e-06
1789477456,59756761,body,0.5147523839138906,-2.131272829141607e-05,0.00400052245575316,-4.62012770894199e-07,-0.0063967905656501095,4.6326490992064175e-06
1789477456,65731131,body,0.5176296233369589,-2.2315310537191707e-05,0.003749953233860742,-8.40373149076788e-07,-0.007289550806962659,5.396778965162262e-06
1789477456,71855648,body,0.5203377301818559,-2.3317443112145864e-05,0.0034837317219470593,-1.184088027666219e-06,-0.008005936101680855,6.071304172097322e-06
1789477456,77973596,body,0.5228571472962981,-2.430787521183672e-05,0.0032057416039604266,-1.4916085995816234e-06,-0.008553729183763435,6.660346946530908e-06
1789477456,84041452,body,0.5251725486470109,-2.5276347605979685e-05,0.002919763230426373,-1.761907566435796e-06,-0.008942075602615437,7.168553223256172e-06
1789477456,90253509,body,0.5272726302252029,-2.6213640291776503e-05,0.002629431766280506,-1.9944491898601056e-06,-0.009181242574912781,7.600983697529794e-06
1789477456,96132323,body,0.5291498703222401,-2.7111605832576816e-05,0.002338197707889767,-2.1891586414348963e-06,-0.009282386591591906,7.963008732087039e-06
1789477456,102112020,body,0.530800265042281,-2.7963187754252222e-05,0.0020492909764723453,-2.3463902233901212e-06,-0.009257331718848185,8.260209720607138e-06
1789477456,108133284,body,0.5322230446857996,-2.8762424922674673e-05,0.0017656895850717649,-2.4668953284530496e-06,-0.009118360247580502,8.49828779005507e-06
1789477456,114004033,body,0.5334203763587175,-2.950444302512431e-05,0.001490093641437134,-2.5517886725055286e-06,-0.008878017070260986,8.6829790739894e-06
1789477456,120169158,body,0.5343970578397969,-3.0185433113584947e-05,0.001224905203480513,-2.602514243403859e-06,-0.008548928896402805,8.819978625078287e-06
1789477456,126785181,body,0.5351602073820501,-3.080261895784751e-05,0.0009722142620298235,-2.6208098184969163e-06,-0.008143639158221132,8.914871900387174e-06
1789477456,132904145,body,0.5357189537417646,-3.135421378753388e-05,0.0007337908964696105,-2.608670748194881e-06,-0.007674459208388633,8.973074882835227e-06
1789477456,139597876,body,0.536084130324012,-3.183936788204547e-05,0.0005110834428642358,-2.5683128677396874e-06,-0.007153336172370817,8.999781770741763e-06
1789477456,148879083,body,0.5362679769182871,-3.225810825935764e-05,0.00030522233593640913,-2.50213483924478e-06,-0.006591737588781561,8.99992138914062e-06
1789477456,155429165,body,0.5362838520741353,-3.261127131584274e-05,0.00011702914080673213,-2.4126803962920246e-06,-0.006000552759562194,8.978121417131123e-06
1789477456,161845007,body,0.5361459587435246,-3.290043040460929e-05,-5.2969821100552555e-05,-2.302600590727793e-06,-0.005390010530835071,8.938679520904424e-06
1789477456,168022012,body,0.5358690853991458,-3.31278191417681e-05,-0.0002045259246795926,-2.1746159889096667e-06,-0.004769613045985115,8.885542598891182e-06
1789477456,173982567,body,0.5354683644307343,-3.329625194001491e-05,-0.00033764748979512845,-2.031480831390408e-06,-0.004148084850031127,8.822291947658414e-06
1789477456,180145892,body,0.5349590492288954,-3.340904290598605e-05,-0.00045257655791272925,-1.8759474040303248e-06,-0.0035333365814012065,8.752135091006881e-06
1789477456,186232203,body,0.5343563109932651,-3.3469924625495385e-05,-0.0005497639172020795,-1.7107326071739922e-06,-0.0029324423680678786,8.677903320818354e-06
1789477456,192116202,body,0.5336750559511353,-3.3482967299490224e-05,-0.0006298430627756206,-1.5384870849496443e-06,-0.0023516299453157294,8.60205398182841e-06
1789477456,198347175,body,0.5329297633461327,-3.345250017033646e-05,-0.0006936037273681782,-1.3617654849633308e-06,-0.0017962824339885354,8.526678375357137e-06
1789477456,204449988,body,0.5321343442588403,-3.338303490651797e-05,-0.0007419655533173948,-1.1830013801227265e-06,-0.0012709506648006313,8.453512356535406e-06
1789477456,210669993,body,0.5313020210481428,-3.327919336251846e-05,-0.0007759524033600348,-1.0044836032045875e-06,-0.0007793748955790365,8.383951848206471e-06
1789477456,216836799,body,0.5304452269623583,-3.3145638878831805e-05,-0.0007966677297369839,-8.28336930904656e-07,-0.00032451475427614044,8.31907003161231e-06
1789477456,223055411,body,0.5295755252556809,-3.2987012707896334e-05,-0.0008052713416691805,-6.565055603538165e-07,9.141375883052604e-05,8.25963817394734e-06
1789477456,228971014,body,0.5287035469617456,-3.2807875656142675e-05,-0.0008029578337601932,-4.907402852009292e-07,0.0004668953579620215,8.206147356575e-06
1789477456,235063921,body,0.52783894632261,-3.261265537547406e-05,-0.0007909368644260354,-3.325891506811141e-07,0.0008010677643047133,8.158832637312012e-06
1789477456,241009785,body,0.526990372743904,-3.240559943534321e-05,-0.0007704154059073114,-1.8339159055904632e-07,0.0010936702757210815,8.117697186832057e-06
1789477456,247029553,body,0.5261654580470889,-3.2190734774699006e-05,-0.0007425820274514472,-4.4275515691383906e-08,0.0013449896312051006,8.08253810272262e-06
1789477456,253268367,body,0.5253708177149801,-3.1971832945011476e-05,-0.0007085932209074855,8.384211583108783e-08,0.001555804123259,8.05297165979975e-06
1789477456,262929298,body,0.5246120647761504,-3.175238152944915e-05,-0.0006695617345572215,2.0025210269747757e-07,0.0017273268413697787,8.028459155855887e-06
1789477456,269836362,body,0.5238938349444687,-3.153556156845266e-05,-0.0006265468452809525,3.044467624022045e-07,0.0018611488553769038,8.008331022795011e-06
1789477456,276071939,body,0.5232198216216659,-3.132423076779894e-05,-0.0005805464718700614,3.9611200741411954e-07,0.0019591830686697324,7.99181199205135e-06
1789477456,282362468,body,0.5225928193805218,-3.11209121949952e-05,-0.0005324910120296726,4.751166766237493e-07,0.0020236093904115317,7.9780440377556e-06
1789477456,288497630,body,0.5220147745728229,-3.0927788175880265e-05,-0.00048323877205628293,5.415003377672787e-07,0.0020568217969418995,7.966108704136102e-06
1789477456,294669511,body,0.5214868417457005,-3.07466991253978e-05,-0.0004335728500624997,5.954598920842927e-07,0.002061377770272771,7.955047971497762e-06
1789477456,300894080,body,0.5210094446050666,-3.057914695923516e-05,-0.0003841993306017003,6.373348317923372e-07,0.002039950525646044,7.943883372650021e-06
1789477456,307106411,body,0.5205823403269808,-3.0426302251504485e-05,-0.0003357466490089194,6.675915324552975e-07,0.00199528436172359,7.931634299190951e-06
1789477456,313236386,body,0.520204686091803,-3.0289015579392567e-05,-0.0002887659875077455,6.868075123334945e-07,0.0019301533974686598,7.917334010589434e-06
1789477456,319422951,body,0.519875106794562,-3.0167831536030612e-05,-0.0002437325708339875,6.956547449578212e-07,0.0018473238877745903,7.90004416088031e-06
1789477456,325478939,body,0.5195917629722473,-3.0063005976637367e-05,-0.00020104773652095063,6.948837781757487e-07,0.0017495202495673694,7.878867738593268e-06
1789477456,331630937,body,0.5193524180751475,-2.9974525153518356e-05,-0.00016104166317695658,6.853073920457768e-07,0.0016393948668433787,7.852959787716514e-06
1789477456,337795229,body,0.5191545043028689,-2.9902127177350054e-05,-0.00012397664861875778,6.677852614992459e-07,0.0015195016913997809,7.82153720772199e-06
1789477456,344018291,body,0.5189951863175868,-2.9845324588854363e-05,-9.005083856215973e-05,6.432088253498522e-07,0.001392273605485767,7.783886295406237e-06
1789477456,350169720,body,0.5188714222381345,-2.980342805771526e-05,-5.9402314932783965e-05,6.124872570831754e-07,0.0012600034688474825,7.739369073888576e-06
1789477456,356475981,body,0.5187800214108855,-2.977557103680359e-05,-3.211346080968603e-05,5.765341834632196e-07,0.0011248287341341274,7.687427395938405e-06
1789477456,362733801,body,0.51871769854105,-2.976073414920993e-05,-8.21552674554394e-06,5.36255481362642e-07,0.0009887194808585345,7.627586882859845e-06
1789477456,369000328,body,0.5186811238530217,-2.9757770189555592e-05,1.2306670180319875e-05,4.925383254987523e-07,0.0008534696907346454,7.559458026625162e-06
1789477456,376456366,body,0.5186669690296115,-2.9765428296442776e-05,2.9509976464714785e-05,4.46241023961148e-07,0.0007206915614067112,7.482737045685683e-06
1789477456,385144550,body,0.5186719487577599,-2.9782377540111103e-05,4.3488117898887485e-05,3.981845417293837e-07,0.000591812641134049,7.397205205730493e-06
1789477456,391326983,body,0.5186928577777729,-2.980723001742342e-05,5.436695161676932e-05,3.4914489282292843e-07,0.00046807554827655196,7.302727335409571e-06
1789477456,397286149,body,0.5187266034006226,-2.9838562411726238e-05,6.229980042167239e-05,2.998468514074192e-07,0.0003505400336590051,7.1992490090354685e-06
1789477456,403437510,body,0.5187702335179726,-2.987493650139728e-05,6.7462910576126e-05,2.509587744771251e-07,0.00024008713490828714,7.086793422680713e-06
1789477456,409612090,body,0.5188209601821598,-2.991491815596044e-05,7.005106973169259e-05,2.0308879587080424e-07,0.0001374251723159363,6.96545718154758e-06
1789477456,415754924,body,0.5188761788833327,-2.995709488336327e-05,7.02734174602443e-05,1.5678190815393163e-07,4.309733469038494e-05,6.8354057295906045e-06
1789477456,422001416,body,0.51893348369176,-3.0000091673882e-05,6.834947655753583e-05,1.1251823245263855e-07,-4.25093907867924e-05,6.696868486259443e-06
1789477456,428033471,body,0.5189906784686676,-3.004258489213697e-05,6.450542922814545e-05,7.071219006862762e-08,-0.00011915418435224653,6.550132882446457e-06
1789477456,433936378,body,0.5190457843798346,-3.0083315006507827e-05,5.8970658123567294e-05,3.1712646615209255e-08,-0.00018673148599799086,6.395538927959976e-06
1789477456,440174578,body,0.519097043969855,-3.0121096882149972e-05,5.197456830424387e-05,-4.1961977276156706e-09,-0.0002452594330104163,6.233473489117583e-06
1789477456,446128043,body,0.5191429220731163,-3.0154828783776498e-05,4.374370194787331e-05,-3.679308408947994e-08,-0.0002948678507715067,6.0643640434431795e-06
1789477456,452375361,body,0.5191821038512371,-3.018349951278021e-05,3.449915404394448e-05,-6.591715126234564e-08,-0.0003357859884790068,5.8886725953922074e-06
1789477456,458450640,body,0.5192134902555029,-3.020619368654989e-05,2.4454293181260427e-05,-9.146524814410759e-08,-0.0003683301775677137,5.706890261467757e-06
1789477456,464468676,body,0.5192361912159714,-3.0222096045185588e-05,1.3812788100986027e-05,-1.1338837613304404e-07,-0.00039289157472988546,5.519531014845159e-06
1789477456,470612568,body,0.5192495168591809,-3.0230493085343468e-05,2.7669370564584353e-06,-1.3168773525182978e-07,-0.00040992413450160065,5.327126199123334e-06
1789477456,476747530,body,0.5192529670525253,-3.0230774729682872e-05,-8.503706292830434e-06,-1.4641070801324635e-07,-0.00041993294023346696,5.130219532368707e-06
1789477456,482889513,body,0.5192462195655677,-3.0222433366638432e-05,-1.983341960312757e-05,-1.5764640820130813e-07,-0.0004234630053163053,4.929361501076494e-06
1789477456,489022449,body,0.5192291171280926,-3.0205062612513752e-05,-3.1071123273471205e-05,-1.6552100923564996e-07,-0.0004210886397057184,4.7251051011596255e-06
1789477456,498227241,body,0.5192016536532151,-3.017835435045101e-05,-4.208093096821181e-05,-1.7019306793779771e-07,-0.0004134034618046565,4.518001313742015e-06
1789477456,504947579,body,0.5191639598768052,-3.0142095269156032e-05,-5.2742455714853966e-05,-1.718490351420919e-07,-0.00040101111916962463,4.308594756376288e-06
1789477456,511147219,body,0.5191162886495141,-3.0096162315122278e-05,-6.295088980835979e-05,-1.706983482574243e-07,-0.00038451676613733505,4.097420600823698e-06
1789477456,517475411,body,0.5190590000990946,-3.0040517450756224e-05,-7.261687820162484e-05,-1.6696894101531093e-07,-0.0003645193343427991,3.885001077557463e-06
1789477456,523492081,body,0.5189925468604942,-2.9975201943412195e-05,-8.166620576009084e-05,-1.6090278729579702e-07,-0.00034160461652893345,3.671842277395192e-06
1789477456,529630072,body,0.5189174595542616,-2.9900330109994534e-05,-9.003931982217586e-05,-1.527518259558811e-07,-0.0003163391739438021,3.4584323204927632e-06
1789477456,535550089,body,0.5188343326694936,-2.98160826440663e-05,-9.769070934735429e-05,-1.4277372800596777e-07,-0.00028926506423001283,3.245238750907143e-06
1789477456,541615496,body,0.5187438109922016,-2.9722699801361957e-05,-0.00010458816227455945,-1.3122836076033491e-07,-0.0002608953789083533,3.032707125302072e-06
1789477456,547613740,body,0.5186465766951476,-2.962047460685605e-05,-0.00011071192213421774,-1.1837406532495155e-07,-0.00023171056874074915,2.821259532144758e-06
1789477456,553934607,body,0.5185433371901012,-2.950974550932785e-05,-0.00011605376440795616,-1.0446476602495968e-07,-0.00020215552831336832,2.611293386949797e-06
1789477456,560065105,body,0.5184348138203234,-2.9390889729005035e-05,-0.00012061601242088139,-8.974710688715379e-08,-0.00017263740433273177,2.4031811550863106e-06
1789477456,565913669,body,0.5183217314564449,-2.9264316387987562e-05,-0.00012441051125554935,-7.445764768275095e-08,-0.00014352408535209715,2.197269736515533e-06
1789477456,572030805,body,0.5182048090396646,-2.9130459680261514e-05,-0.0001274575772446142,-5.88212303544381e-08,-0.00011514332884349111,1.9938800091610374e-06
1789477456,577988280,body,0.5180847511002972,-2.898977291771428e-05,-0.0001297849390051136,-4.3048741670740924e-08,-8.778247359147827e-05,1.7933076639139579e-06
1789477456,583985785,body,0.5179622402653895,-2.8842722189298702e-05,-0.00013142668470509395,-2.733564763477081e-08,-6.16886868858632e-05,1.5958228293528472e-06
1789477456,589988249,body,0.5178379307554651,-2.8689780888536396e-05,-0.00013242222871781602,-1.1861112110464993e-08,-3.70696924599127e-05,1.4016710774611926e-06
1789477456,595895821,body,0.517712442856728,-2.8531424488511146e-05,-0.00013281530908533325,3.2131147612175573e-09,-1.4094923016868401e-05,1.211073696235913e-06
1789477456,601929655,body,0.5175863583462981,-2.8368125739055286e-05,-0.00013265302604561919,1.7743311236315994e-08,7.1029563412417995e-06,1.0242291579734048e-06
1789477456,609414893,body,0.5174602168359311,-2.8200350328379314e-05,-0.00013198492987729368,3.160383274738918e-08,2.6426208513078847e-05,8.413137738234742e-07
1789477456,617514030,body,0.5173345129931418,-2.802855305557778e-05,-0.00013086216522770127,4.4687244223408474e-08,4.380992224627755e-05,6.624823970558907e-07
1789477456,623732470,body,0.517209694591141,-2.7853174423915682e-05,-0.00012933667731143783,5.6904357393937464e-08,5.92196986091312e-05,4.878704363707888e-07
1789477456,629698145,body,0.5170861613322709,-2.7674637849569698e-05,-0.0001274604843502502,6.818336675424966e-08,7.264917470906749e-05,3.1759412537963303e-07
1789477456,635889213,body,0.5169642643868055,-2.7493347061502475e-05,-0.0001252850189046337,7.846960080810259e-08,8.411743238417257e-05,1.5175259709364332e-07
1789477456,642140057,body,0.5168443065842824,-2.7309684306792003e-05,-0.0001228605400162195,8.772473368289597e-08,9.366633433829413e-05,-9.571335849296513e-09
1789477456,648255542,body,0.5167265431928887,-2.7124008752111283e-05,-0.00012023561662879653,9.592555640601562e-08,0.00010135782816956027,-1.6630989113008117e-07
1789477456,654705364,body,0.5166111832211024,-2.6936655337661905e-05,-0.00011745668200214682,1.0306337001216362e-07,0.00010727125596896932,-3.184086959849943e-07
1789477456,660873404,body,0.5164983911754498,-2.674793417412342e-05,-0.00011456765778269533,1.0914260419208472e-07,0.00011150070168756825,-4.658260886461485e-07
1789477456,666873870,body,0.5163882892089968,-2.6558130115438384e-05,-0.00011160964580688683,1.1417976648045381e-07,0.00011415240677250766,-6.085314616686824e-07
1789477456,672917991,body,0.516280959596174,-2.6367502770920454e-05,-0.00010862068487142064,1.1820209812172726e-07,0.00011534227907952743,-7.465043610957551e-07
1789477456,678825645,body,0.5161764474722274,-2.617628684498386e-05,-0.00010563556925316662,1.2124632393377818e-07,0.00011519351867537372,-8.797333934711162e-07
1789477456,684961641,body,0.5160747637770378,-2.5984692733728674e-05,-0.00010268572532470515,1.233575676943962e-07,0.0001138343780005404,-1.0082150750516835e-06
1789477456,690912255,body,0.5159758883477013,-2.579290721898436e-05,-9.97991420632127e-05,1.2458772063624088e-07,0.00011139607192544027,-1.1319529616181956e-06
1789477456,696810811,body,0.5158797731066693,-2.5601094669883872e-05,-9.700035126171562e-05,1.2499454020469614e-07,0.00010801085046764701,-1.2509570215463403e-06
1789477456,702788778,body,0.5157863452955949,-2.5409398147941486e-05,-9.431045277534922e-05,1.246403627481335e-07,0.00010381024168744123,-1.3652422825651263e-06
1789477456,709041423,body,0.5156955107115707,-2.521794076894533e-05,-9.174718020308076e-05,1.2359084727029828e-07,9.892347122762973e-05,-1.4748285509078968e-06
1789477456,714939071,body,0.5156071569032539,-2.502682719210676e-05,-8.932500223891419e-05,1.219138618649723e-07,9.34760612776493e-05,-1.5797396108359872e-06
1789477456,721160536,body,0.5155211562920876,-2.4836145134103368e-05,-8.705525506473824e-05,1.1967863704279698e-07,8.758860970130105e-05,-1.68000257625451e-06
1789477456,730342925,body,0.51543736918512,-2.464596704453067e-05,-8.494630110854776e-05,1.1695457522985374e-07,8.137574690124226e-05,-1.775647778402983e-06
1789477456,736961017,body,0.5153556466538697,-2.4456351585162928e-05,-8.300370964162336e-05,1.1381069821216038e-07,7.494526738702472e-05,-1.8667076899772987e-06
1789477456,743070913,body,0.5152758332539575,-2.4267345474340406e-05,-8.123045495878787e-05,1.1031436625864255e-07,6.839742904012117e-05,-1.953217141311237e-06
1789477456,749062154,body,0.5151977695676286,-2.4078984955361865e-05,-7.96271278976727e-05,1.065312832935246e-07,6.182441471130398e-05,-2.03521264310294e-06
1789477456,755317788,body,0.5151212945545878,-2.3891297436303274e-05,-7.819215685463394e-05,1.0252409409950089e-07,5.53099453834478e-05,-2.1127325147770474e-06
1789477456,761612402,body,0.5150462476984858,-2.3704302953657897e-05,-7.69220346376554e-05,9.835253800655908e-08,4.892903671963879e-05,-2.185816364821406e-06
1789477456,767710283,body,0.5149724709430553,-2.351801578484262e-05,-7.581154774480772e-05,9.407249618098856e-08,4.27478881952113e-05,-2.2545053968382186e-06
1789477456,773906624,body,0.5148998104128557,-2.3332445686918675e-05,-7.485400503603681e-05,8.973599328541276e-08,3.6823892687859e-05,-2.3188416277789066e-06
1789477456,779856835,body,0.5148281179178992,-2.3147599217577613e-05,-7.404146297011178e-05,8.539085822967068e-08,3.1205756332902486e-05,-2.3788683684069754e-06
1789477456,785927688,body,0.5147572522435675,-2.296348101429676e-05,-7.336494498457464e-05,8.108039495876086e-08,2.5933715125575192e-05,-2.4346303540326507e-06
1789477456,792062726,body,0.5146870802306237,-2.2780094704641514e-05,-7.281465277443883e-05,7.68433228490669e-08,2.1039837646647848e-05,-2.4861734745108495e-06
1789477456,798053191,body,0.5146174776511421,-2.259744408299531e-05,-7.238016769974222e-05,7.271376431005379e-08,1.654840106833129e-05,-2.533544675219898e-06
1789477456,804289834,body,0.5145483298893447,-2.2415533726168033e-05,-7.205064067293048e-05,6.872127259832941e-08,1.2476329098395381e-05,-2.576792617441714e-06
1789477456,810262652,body,0.5144795324371839,-2.2234369930016088e-05,-7.181496931719717e-05,6.489086237306662e-08,8.833680368380861e-06,-2.615966857708246e-06
1789477456,816270939,body,0.514410991215905,-2.2053961315040246e-05,-7.166196136848364e-05,6.124313092078745e-08,5.624176439015793e-06,-2.6511189056707694e-06
1789477456,822704106,body,0.5143426227366442,-2.187431921999708e-05,-7.158048359156725e-05,5.779436624175542e-08,2.8457586825287224e-06,-2.6823017731814252e-06
1789477456,829167208,body,0.5142743541127831,-2.1695458213127917e-05,-7.155959574751427e-05,5.4556930064222065e-08,4.911652067004887e-07,-2.7095701862450393e-06
1789477456,835803190,body,0.5142061229385391,-2.1517396289352354e-05,-7.158866934399769e-05,5.153909870061584e-08,-1.4514829884568581e-06,-2.7329806691933327e-06
1789477456,845029326,body,0.5141378770477609,-2.134015527011218e-05,-7.165749114601924e-05,4.874601143785416e-08,-2.9980925278029235e-06,-2.7525915791426956e-06
1789477456,853244658,body,0.5140695741674024,-2.1163760675266527e-05,-7.175635158829667e-05,4.6179128344953024e-08,-4.16801512927775e-06,-2.768463584242835e-06
1789477456,859683724,body,0.5140011814801871,-2.0988241890805152e-05,-7.187611845013798e-05,4.383713095414418e-08,-4.983476255376548e-06,-2.7806592018817486e-06
1789477456,865915328,body,0.5139326751104127,-2.0813632109286655e-05,-7.200829621554183e-05,4.171585617515878e-08,-5.469023056987631e-06,-2.7892433447845994e-06
1789477456,871940995,body,0.513864039546913,-2.0639968166715178e-05,-7.214507183277835e-05,3.980906463425878e-08,-5.650995077886266e-06,-2.794282862549817e-06
1789477456,878266171,body,0.5137952670160629,-2.0467290326846063e-05,-7.227934747545969e-05,3.810817780327702e-08,-5.557023622996372e-06,-2.795847215409674e-06
1789477456,884300462,body,0.5137263568177189,-2.0295642112875713e-05,-7.240476125084064e-05,3.660285180271915e-08,-5.215562001927595e-06,-2.794008029074916e-06
1789477456,890352610,body,0.5136573146359543,-2.012506996377459e-05,-7.251569666362974e-05,3.5281552621314735e-08,-4.655450533605303e-06,-2.7888393723483393e-06
1789477456,896266582,body,0.5135881518353619,-1.9955622955648754e-05,-7.260728180966452e-05,3.413139589997497e-08,-3.90551810278315e-06,-2.7804173240519488e-06
1789477456,902115809,body,0.5135188847534419,-1.9787352409063366e-05,-7.267537933166123e-05,3.313867646481751e-08,-2.994221910416815e-06,-2.7688206359018725e-06
1789477456,908176041,body,0.5134495339981405,-1.9620311502245895e-05,-7.27165680687998e-05,3.228902233158037e-08,-1.949325924232646e-06,-2.7541301862806945e-06
1789477456,914166346,body,0.5133801237588838,-1.945455482616722e-05,-7.272811746765706e-05,3.156775679119177e-08,-7.976190041876236e-07,-2.7364291978974997e-06
1789477456,920152124,body,0.5133106811384915,-1.9290138158119737e-05,-7.27079558169716e-05,3.095999155774299e-08,4.353281641982638e-07,-2.715802713770137e-06
1789477456,926152568,body,0.5132412355123351,-1.912711782658418e-05,-7.265463314120037e-05,3.04509568731131e-08,1.7253675140891559e-06,-2.6923383244869297e-06
1789477456,932081174,body,0.5131718179201336,-1.8965550412626303e-05,-7.256727994021803e-05,3.0026227305539544e-08,3.049940967892518e-06,-2.6661251968116216e-06
1789477456,937900938,body,0.5131024604950583,-1.880549231439102e-05,-7.244556248443249e-05,2.9671598371286913e-08,4.388211501306751e-06,-2.6372545899186852e-06
1789477456,943831248,body,0.5130331959335401,-1.8646999419092526e-05,-7.228963571842998e-05,2.9373556007711738e-08,5.721160637561366e-06,-2.6058194991241786e-06
1789477456,949817253,body,0.512964057008681,-1.849012667864249e-05,-7.210009448930582e-05,2.9119410619822807e-08,7.0316536052953884e-06,-2.5719142806752966e-06
1789477456,956579422,body,0.5128950761292619,-1.8334927675557056e-05,-7.187792392029477e-05,2.889698011883621e-08,8.304474446028462e-06,-2.535635051383351e-06
1789477456,965752463,body,0.5128262849452591,-1.8181454458498158e-05,-7.162444963703268e-05,2.8695185696992376e-08,9.526334314194881e-06,-2.4970792369113e-06
1789477456,972153808,body,0.5127577140008404,-1.8029757058158055e-05,-7.134128845888245e-05,2.850379491594228e-08,1.0685854032203405e-05,-2.4563452375661494e-06
1789477456,978435136,body,0.5126893924342137,-1.787988333708298e-05,-7.103030014084259e-05,2.8313655440106167e-08,1.177352527926888e-05,-2.413532580473674e-06
1789477456,984371897,body,0.5126213477238569,-1.773187869025168e-05,-7.069354070723185e-05,2.8116615860110083e-08,1.2781651242212896e-05,-2.3687415154660513e-06
1789477456,990320992,body,0.5125536054798995,-1.758578580606186e-05,-7.033321774197884e-05,2.7905508671699358e-08,1.3704270453060878e-05,-2.322073091709408e-06
1789477456,996295688,body,0.5124861892789484,-1.7441644376551078e-05,-6.995164809486997e-05,2.7674224503678244e-08,1.45370663325095e-05,-2.2736287180961614e-06
1789477457,2322914,body,0.5124191205401304,-1.7299491207972282e-05,-6.95512182035884e-05,2.741774196926373e-08,1.5277264568678366e-05,-2.2235101399608386e-06
1789477457,8171920,body,0.5123524184402156,-1.7159359764837993e-05,-6.913434739300365e-05,2.7131882323277053e-08,1.5923520670396683e-05,-2.1718193657784897e-06
1789477457,14274710,body,0.5122860998651372,-1.7021280288341072e-05,-6.870345422066613e-05,2.6813615030284794e-08,1.6475801034562775e-05,-2.1186580877130402e-06
1789477457,20627122,body,0.5122201793947107,-1.6885279568210143e-05,-6.826092608166737e-05,2.646079706991145e-08,1.6935258127094504e-05,-2.064128032415129e-06
1789477457,26573875,body,0.5121546693181451,-1.675138104065191e-05,-6.780909209316616e-05,2.6072063565438303e-08,1.7304102970484735e-05,-2.008330362609313e-06
1789477457,32524628,body,0.5120895796766622,-1.6619604626548343e-05,-6.735019931740699e-05,2.5646720563993346e-08,1.7585476546676525e-05,-1.9513661034163777e-06
1789477457,38807570,body,0.5120249183305021,-1.648996671321678e-05,-6.688639226572891e-05,2.5185184482336555e-08,1.7783322236868227e-05,-1.8933350388951393e-06
1789477457,44661566,body,0.5119606910469535,-1.6362480413302527e-05,-6.641969566454964e-05,2.468811793226574e-08,1.7902259097330693e-05,-1.8343363280589554e-06
1789477457,51054733,body,0.5118969016063145,-1.623715533155674e-05,-6.595200038146936e-05,2.4157109034922835e-08,1.7947460255571536e-05,-1.7744682918602725e-06
1789477457,57023951,body,0.5118335519228726,-1.6113997673134414e-05,-6.548505232809901e-05,2.3594151854725827e-08,1.7924534939142326e-05,-1.713827901286606e-06
1789477457,63143362,body,0.5117706421777228,-1.5993010569829887e-05,-6.502044433189873e-05,2.300168190607633e-08,1.7839416477452036e-05,-1.6525109294782592e-06
1789477457,69214610,body,0.5117081709610005,-1.5874193751462425e-05,-6.455961059658636e-05,2.2382518529849418e-08,1.769825723470148e-05,-1.590611849585092e-06
1789477457,78325702,body,0.5116461354203052,-1.5757544088868793e-05,-6.410382376305375e-05,2.173981627496089e-08,1.7507330420646173e-05,-1.5282234328635593e-06
1789477457,85489120,body,0.5115845314135103,-1.5643055349354226e-05,-6.36541942610443e-05,2.1076858562514552e-08,1.7272939916063837e-05,-1.4654369729085174e-06
1789477457,91746536,body,0.5115233536630033,-1.5530718600185618e-05,-6.321167172456662e-05,2.0397313351898046e-08,1.700133835827634e-05,-1.4023419437576908e-06
1789477457,97890681,body,0.5114625959098189,-1.5420522106998414e-05,-6.277704832446231e-05,1.9704924788988816e-08,1.669865357333566e-05,-1.3390259465462087e-06
1789477457,104231351,body,0.5114022510653079,-1.5312451723220832e-05,-6.235096376158238e-05,1.9003244788183166e-08,1.6370823408147676e-05,-1.2755749514888034e-06
1789477457,110585193,body,0.5113423113589366,-1.5206490754785491e-05,-6.193391166102416e-05,1.8296168593496247e-08,1.6023539790776776e-05,-1.2120726240758152e-06
1789477457,117754291,body,0.5112827684807187,-1.5102620341732313e-05,-6.152624722122e-05,1.758735994368001e-08,1.566220037579282e-05,-1.1486005980830716e-06
1789477457,124270951,body,0.511223613716874,-1.5000819542183913e-05,-6.112819585012189e-05,1.68804112171661e-08,1.5291869064740046e-05,-1.0852386476870808e-06
1789477457,130304759,body,0.5111648380776884,-1.4901065329973217e-05,-6.0739862617920585e-05,1.617894822719243e-08,1.4917244303715976e-05,-1.0220638914540562e-06
1789477457,136400345,body,0.5111064324168925,-1.4803332976349884e-05,-6.036124231391125e-05,1.548613072144287e-08,1.4542634806127781e-05,-9.591517459313731e-07
1789477457,142491865,body,0.5110483875416165,-1.4707596040320727e-05,-5.9992229897310394e-05,1.4805265655812086e-08,1.41719428815826e-05,-8.965749021314928e-07
1789477457,148528349,body,0.510990694312562,-1.4613826557998826e-05,-5.963263127246642e-05,1.4139167828859644e-08,1.3808653960929073e-05,-8.344038760875326e-07
1789477457,155053570,body,0.5109333437341457,-1.4521995117931483e-05,-5.928217406846924e-05,1.349059751204037e-08,1.345583273935053e-05,-7.727069500880403e-07
1789477457,161064337,body,0.5108763270342787,-1.443207107657972e-05,-5.894051843454993e-05,1.286205859811119e-08,1.3116124878328155e-05,-7.115498995250144e-07
1789477457,166888928,body,0.5108196357338167,-1.434402270524933e-05,-5.860726761032362e-05,1.2255749898694534e-08,1.2791763545970823e-05,-6.509958929637793e-07
1789477457,172933399,body,0.5107632617059858,-1.4257817195937456e-05,-5.828197825325431e-05,1.1673471871525682e-08,1.2484580750170097e-05,-5.911061460468734e-07
1789477457,178935191,body,0.5107071972255518,-1.4173420786490083e-05,-5.7964170279892396e-05,1.1117024295619522e-08,1.2196022744049856e-05,-5.319390744609253e-07
1789477457,184863803,body,0.5106514350086799,-1.4090799051685992e-05,-5.7653336322801184e-05,1.0587753262594143e-08,1.1927168421266086e-05,-4.7355075126828384e-07
1789477457,191870132,body,0.5105959682432657,-1.4009916672405562e-05,-5.734895055397321e-05,1.0086828761119899e-08,1.1678750795469363e-05,-4.159948236866136e-07
1789477457,200577655,body,0.5105407906108664,-1.3930737942680782e-05,-5.705047696825976e-05,9.615069256328895e-09,1.1451180845696688e-05,-3.593224853012815e-07
1789477457,206796696,body,0.5104858963001487,-1.3853226432397366e-05,-5.675737689928255e-05,9.173177022105835e-09,1.1244572991538771e-05,-3.0358249830801536e-07
1789477457,212890417,body,0.5104312800129713,-1.3777345403321744e-05,-5.646911598915383e-05,8.761411675342717e-09,1.1058771756251736e-05,-2.488212567389519e-07
1789477457,219119808,body,0.5103769369635849,-1.3703057788226218e-05,-5.6185170309859224e-05,8.380034245636773e-09,1.0893379593400136e-05,-1.9508250453855088e-07
1789477457,225133281,body,0.5103228628714106,-1.3630325995793355e-05,-5.590503184776033e-05,8.029009463443137e-09,1.0747784893329461e-05,-1.4240789728510275e-07
1789477457,231232721,body,0.5102690539484281,-1.3559112473593666e-05,-5.562821325212764e-05,7.707996868433224e-09,1.062118981091698e-05,-9.083653145308997e-08
1789477457,237294174,body,0.5102155068815845,-1.3489379352061217e-05,-5.535425184734082e-05,7.41664156354633e-09,1.051263839306536e-05,-4.0405107662676995e-08
1789477457,243191850,body,0.510162218811113,-1.342108861680124e-05,-5.508271297884378e-05,7.1542632244184365e-09,1.0421043116367075e-05,8.851890627145987e-09
1789477457,249225489,body,0.510109187305203,-1.3354202242818132e-05,-5.481319267410857e-05,6.920235732288276e-09,1.0345211485826574e-05,5.690244574771423e-08
1789477457,255567044,body,0.5100564103319375,-1.3288682097588205e-05,-5.4545319679707524e-05,6.713605097884862e-09,1.0283870697354019e-05,1.0371664950270707e-07
1789477457,261716890,body,0.5100038862289121,-1.3224490156514048e-05,-5.4278756870803056e-05,6.533478004857922e-09,1.0235691333257777e-05,1.4926711166825676e-07
1789477457,267860477,body,0.5099516136712132,-1.3161588333709726e-05,-5.4013202127829556e-05,6.378693014389597e-09,1.0199309276932838e-05,1.935285048556826e-07
1789477457,273844003,body,0.5098995916383193,-1.309993859333515e-05,-5.374838865642928e-05,6.248173557223588e-09,1.017334640742606e-05,2.3647776984711955e-07
1789477457,279965373,body,0.5098478193804475,-1.3039503127030823e-05,-5.348408488116874e-05,6.140710215901954e-09,1.0156428803748427e-05,2.7809392245228384e-07
1789477457,285939151,body,0.5097962963847822,-1.2980244110941464e-05,-5.322009385502369e-05,6.055018415307222e-09,1.0147203842329598e-05,3.183582866471223e-07
1789477457,292049520,body,0.5097450223420465,-1.2922123917257592e-05,-5.295625232578165e-05,5.989853772207466e-09,1.0144354906343886e-05,3.572542081184091e-07
1789477457,297927719,body,0.5096939971137665,-1.2865105086369585e-05,-5.269242947047849e-05,5.943907676146175e-09,1.0146614711729436e-05,3.947670720446626e-07
1789477457,303844449,body,0.5096432207007173,-1.2809150381780835e-05,-5.2428525328715736e-05,5.9158494448155916e-09,1.0152776126306824e-05,4.308844152223442e-07
1789477457,313132802,body,0.5095926932124955,-1.275422270734454e-05,-5.216446899369175e-05,5.904497227515248e-09,1.0161701906438242e-05,4.6559575284508915e-07
1789477457,319901763,body,0.5095424148390203,-1.2700285198082676e-05,-5.190021664818653e-05,5.9084182676976334e-09,1.0172331890155939e-05,4.988924209141639e-07
1789477457,325981291,body,0.5094923858235315,-1.2647301315864762e-05,-5.163574940360519e-05,5.926506221418697e-09,1.018368939649776e-05,5.307677682182749e-07
1789477457,332198733,body,0.5094426064377943,-1.259523467975357e-05,-5.137107105883397e-05,5.95750597175037e-09,1.0194885052435924e-05,5.612172019260279e-07
1789477457,338202397,body,0.5093930769592738,-1.254404921277942e-05,-5.11062057966227e-05,6.000244470843256e-09,1.0205119924823388e-05,5.902377101546883e-07
1789477457,344160460,body,0.5093437976505832,-1.2493709154123027e-05,-5.084119582307257e-05,6.053555286525096e-09,1.0213686691673752e-05,6.178281584112228e-07
1789477457,350134663,body,0.5092947687410717,-1.2444179088178011e-05,-5.057609901310097e-05,6.116402943399739e-09,1.02199699130625e-05,6.439892562669205e-07
1789477457,356384905,body,0.5092459904107584,-1.2395423826748588e-05,-5.031098659097563e-05,6.187805186525672e-09,1.0223444897580485e-05,6.687233719618039e-07
1789477457,362682100,body,0.5091974627764778,-1.2347408551359393e-05,-5.004594087558038e-05,6.266830787275256e-09,1.0223675662863102e-05,6.920346334352603e-07
1789477457,368664992,body,0.5091491858801687,-1.230009888604013e-05,-4.978105306401141e-05,6.352524020735907e-09,1.022031183695201e-05,7.139286407892008e-07
1789477457,374766414,body,0.5091011596793653,-1.2253460778837885e-05,-4.951642117648432e-05,6.444029052735237e-09,1.0213084912402405e-05,7.344126294721407e-07
1789477457,380829663,body,0.5090533840397203,-1.2207460480180923e-05,-4.9252148035919733e-05,6.540621040744761e-09,1.0201803975259147e-05,7.534954380781683e-07
1789477457,386765439,body,0.5090058587294743,-1.2162064838331666e-05,-4.898833945764345e-05,6.641630645485548e-09,1.0186350469244824e-05,7.711874051071346e-07
1789477457,392828794,body,0.5089585834157363,-1.2117240977677582e-05,-4.8725102533378284e-05,6.746366313085358e-09,1.0166672794517227e-05,7.87500200221704e-07
1789477457,398629580,body,0.5089115576625132,-1.2072956586386577e-05,-4.846254404250521e-05,6.854196484891298e-09,1.0142780565606097e-05,8.024470373979351e-07
1789477457,404595680,body,0.5088647809302527,-1.2029179692298133e-05,-4.820076908546203e-05,6.964689476234727e-09,1.0114738800498486e-05,8.16042459521699e-07
1789477457,410618536,body,0.50881825257687,-1.1985878965601608e-05,-4.793987980754187e-05,7.077251531667246e-09,1.0082661610132812e-05,8.283020986322068e-07
1789477457,416658580,body,0.5087719718599716,-1.1943023420209291e-05,-4.76799743072028e-05,7.191579880725391e-09,1.004670619764861e-05,8.392431299382374e-07
1789477457,424493925,body,0.5087259379402826,-1.1900582750884816e-05,-4.7421145706432195e-05,7.307167527343703e-09,1.0007066601158868e-05,8.488837767287872e-07
1789477457,432878575,body,0.5086801498859824,-1.1858527123078765e-05,-4.716348136483056e-05,7.423698525093867e-09,9.963967977222185e-06,8.572434435435912e-07
1789477457,439239710,body,0.5086346066778837,-1.1816827227144477e-05,-4.69070622264581e-05,7.540968045581703e-09,9.917660612294151e-06,8.643426351381137e-07
1789477457,445285714,body,0.5085893072153493,-1.1775454386257617e-05,-4.665196233755357e-05,7.658658129029562e-09,9.868414439337103e-06,8.702029731679905e-07
1789477457,451543536,body,0.5085442503226336,-1.1734380578490509e-05,-4.639824848228409e-05,7.77650197674654e-09,9.816513706529154e-06,8.748469641291533e-07
1789477457,457682738,body,0.5084994347557608,-1.16935783039485e-05,-4.614597995648581e-05,7.89436614368214e-09,9.762252167777367e-06,8.782981936354178e-07
1789477457,463790550,body,0.508454859209609,-1.1653020737687113e-05,-4.58952084240578e-05,8.011975171392795e-09,9.705928262130867e-06,8.805810389084798e-07
1789477457,469964841,body,0.508410522325161,-1.1612681675785526e-05,-4.5645977933297425e-05,8.12935571618402e-09,9.647841180259387e-06,8.817209174069474e-07
1789477457,475971356,body,0.5083664226968896,-1.1572535672092223e-05,-4.539832497575876e-05,8.246239180662828e-09,9.588286743307027e-06,8.817437517801771e-07
1789477457,481938414,body,0.5083225588800117,-1.1532557906049508e-05,-4.515227869869849e-05,8.36255695604931e-09,9.527554237643519e-06,8.80676571541628e-07
1789477457,487808228,body,0.5082789293976662,-1.1492724234844301e-05,-4.490786111174089e-05,8.478144998105425e-09,9.465923140816232e-06,8.785467281810748e-07
1789477457,493514476,body,0.5082355327479027,-1.1453011236240725e-05,-4.4665087419252094e-05,8.59305255881146e-09,9.403660962175345e-06,8.753825768002809e-07
1789477457,499177635,body,0.5081923674103528,-1.1413396298318406e-05,-4.442396641048142e-05,8.70713798359708e-09,9.341020435105283e-06,8.712128755360792e-07
1789477457,504821003,body,0.508149431852607,-1.1373857419190035e-05,-4.4184500852690765e-05,8.820235257381052e-09,9.27823816478334e-06,8.660669065523507e-07
1789477457,510690152,body,0.5081067245361889,-1.1334373410519225e-05,-4.394668793287732e-05,8.932420475245618e-09,9.215533140481055e-06,8.599746380976412e-07
1789477457,516260424,body,0.5080642439221307,-1.1294923870277988e-05,-4.371051978589141e-05,9.043521074380474e-09,9.153105419941311e-06,8.52966381510654e-07
1789477457,521684485,body,0.5080219884760829,-1.1255489066493243e-05,-4.347598394587618e-05,9.153457776669476e-09,9.091135550963091e-06,8.450727834038673e-07
1789477457,527333722,body,0.5079799566729644,-1.121605016202969e-05,-4.324306387235568e-05,9.262246821427078e-09,9.029784329363573e-06,8.363249644413706e-07
1789477457,532905089,body,0.5079381470011102,-1.1176588989420417e-05,-4.3011739468688355e-05,9.369831176273909e-09,8.969192387091528e-06,8.267542884343911e-07
1789477457,541723483,body,0.5078965579659653,-1.113708819267456e-05,-4.2781987584474705e-05,9.476076104786659e-09,8.90948028659466e-06,8.163924733640039e-07
1789477457,547649815,body,0.5078551880932405,-1.1097531257347657e-05,-4.255378250004121e-05,9.580871275288932e-09,8.850749301302937e-06,8.052713881972544e-07
1789477457,553567829,body,0.5078140359316221,-1.1057902382577538e-05,-4.232709644499425e-05,9.684230685109377e-09,8.793081461155638e-06,7.93423125039218e-07
1789477457,559081323,body,0.5077731000549878,-1.1018186578215783e-05,-4.210190002818886e-05,9.786021732046133e-09,8.736540756071337e-06,7.808797693511592e-07
1789477457,564434189,body,0.5077323790641761,-1.0978369698634496e-05,-4.187816268581472e-05,9.886189513025172e-09,8.681173810977169e-06,7.676737041234234e-07
1789477457,569788673,body,0.5076918715883232,-1.0938438314554187e-05,-4.1655853109753197e-05,9.984605775508317e-09,8.627011002681719e-06,7.538371769074335e-07
1789477457,575050482,body,0.5076515762857782,-1.089837977621589e-05,-4.143493961494141e-05,1.0081168857693995e-08,8.574067541238832e-06,7.394024896514184e-07
1789477457,580282560,body,0.5076114918446495,-1.0858182252336632e-05,-4.1215390498274413e-05,1.0175905837369745e-08,8.522344932110512e-06,7.244020941672311e-07
1789477457,585449293,body,0.507571616982986,-1.0817834737047828e-05,-4.09971743631295e-05,1.0268563898547296e-08,8.471831973141988e-06,7.088680304077438e-07
1789477457,590605170,body,0.5075319504486424,-1.0777326857937738e-05,-4.078026039019458e-05,1.0359098896332262e-08,8.422506251151661e-06,6.928324881797911e-07
1789477457,595785653,body,0.5074924910188536,-1.0736649116974127e-05,-4.05646186003701e-05,1.0447431052568618e-08,8.374335410906209e-06,6.76327365305498e-07
1789477457,600974337,body,0.5074532374995433,-1.069579275467381e-05,-4.035022007608978e-05,1.0533427216020094e-08,8.327278526253886e-06,6.59384470795216e-07
1789477457,606195021,body,0.5074141887244207,-1.0654749759269044e-05,-4.0137037126471655e-05,1.0617018517206603e-08,8.281287434608012e-06,6.420352883558902e-07
1789477457,611335901,body,0.5073753435538687,-1.061351275590307e-05,-3.992504346060544e-05,1.0698089366832848e-08,8.236307988170478e-06,6.243111484890498e-07
1789477457,616726401,body,0.5073367008736904,-1.0572075280688285e-05,-3.971421430523135e-05,1.0776484089791267e-08,8.192281193017871e-06,6.062429942329021e-07
1789477457,622069766,body,0.5072982595936998,-1.0530431439441204e-05,-3.950452646228773e-05,1.0852173489385866e-08,8.149144614647305e-06,5.878616331633208e-07
1789477457,627187016,body,0.5072600186462509,-1.0488576136345314e-05,-3.929595841863682e-05,1.0925017185620268e-08,8.106833296128782e-06,5.69197095713103e-07
1789477457,632259418,body,0.5072219769846376,-1.0446504892282128e-05,-3.9088490340590196e-05,1.099500798069106e-08,8.065280884984671e-06,5.502796154702146e-07
1789477457,639530930,body,0.5071841335815098,-1.0404213929178224e-05,-3.8882104123264655e-05,1.1061920905731599e-08,8.024420448083841e-06,5.311385611842545e-07
1789477457,646218512,body,0.5071464874272261,-1.0361700160087751e-05,-3.867678333699819e-05,1.1125701857901792e-08,7.984185554124124e-06,5.118029218886121e-07
1789477457,651895993,body,0.5071090375282146,-1.0318961123726007e-05,-3.847251323472184e-05,1.118640545991746e-08,7.944511023019577e-06,4.923015678104718e-07
1789477457,657207834,body,0.5070717829053608,-1.027599506802996e-05,-3.826928067775625e-05,1.1243728679502917e-08,7.905333254533476e-06,4.7266247215787886e-07
1789477457,662569412,body,0.5070347225924403,-1.0232800728540725e-05,-3.8067074091507025e-05,1.1297792495107602e-08,7.866591415105324e-06,4.529132850155742e-07
1789477457,667792054,body,0.5069978556345758,-1.0189377553234375e-05,-3.786588336743441e-05,1.1348464632986617e-08,7.828227544430636e-06,4.3308107585066825e-07
1789477457,673116559,body,0.5069611810868034,-1.0145725496039374e-05,-3.766569980258205e-05,1.1395672670123694e-08,7.790187090591293e-06,4.131924866876692e-07
1789477457,678373910,body,0.5069246980126821,-1.0101845219730045e-05,-3.7466515977873034e-05,1.1439392899040585e-08,7.752419313063503e-06,3.9327341347587356e-07
1789477457,683548341,body,0.5068884054830172,-1.0057737796790656e-05,-3.7268325666456784e-05,1.1479519342922599e-08,7.714877326017406e-06,3.733491726374663e-07
1789477457,688751235,body,0.506852302574652,-1.0013404938310145e-05,-3.7071123735351404e-05,1.1516147993003347e-08,7.6775187156044e-06,3.534446586875738e-07
1789477457,694022740,body,0.5068163883694143,-9.96884877816771e-06,-3.687490601922433e-05,1.1549146002897518e-08,7.64030524019151e-06,3.3358396902671393e-07
1789477457,699182229,body,0.5067806619530724,-9.924072079288117e-06,-3.667966921431982e-05,1.1578502541958124e-08,7.603203001338762e-06,3.1379058597845044e-07
1789477457,704272714,body,0.506745122414518,-9.87907805540204e-06,-3.648541077307227e-05,1.1604164473757634e-08,7.566182594788007e-06,2.9408727466702634e-07
1789477457,709768040,body,0.5067097688449572,-9.833870289370347e-06,-3.6292128792819804e-05,1.1626238452062247e-08,7.529218907296805e-06,2.744963883066997e-07
1789477457,714876228,body,0.5066746003372588,-9.788452950452524e-06,-3.60998218896576e-05,1.1644682230090993e-08,7.492291004499366e-06,2.5503939750075875e-07
1789477457,720079759,body,0.506639615985395,-9.742830625710732e-06,-3.5908489126819996e-05,1.1659515626324968e-08,7.455381996571575e-06,2.357370845076457e-07
1789477457,725360946,body,0.5066048148839862,-9.697008187175847e-06,-3.5718129900846027e-05,1.1670618467012222e-08,7.418478866149297e-06,2.166095521443267e-07
1789477457,730483154,body,0.5065701961279244,-9.650991087739593e-06,-3.5528743835609083e-05,1.1678236859904483e-08,7.381572335099559e-06,1.976763181013134e-07
1789477457,736011315,body,0.5065357588121343,-9.604785047076022e-06,-3.534033071819818e-05,1.1682228219124227e-08,7.344656353816947e-06,1.7895607743531556e-07
1789477457,744141325,body,0.5065015020313562,-9.558396208730857e-06,-3.515289041785818e-05,1.1682742946219463e-08,7.30772815784498e-06,1.6046671915022258e-07
1789477457,749601791,body,0.5064674248800533,-9.511831012950162e-06,-3.49664227914575e-05,1.1679749292805375e-08,7.270787837114547e-06,1.4222567485731553e-07
1789477457,755179181,body,0.506433526452415,-9.465096267722997e-06,-3.478092763714082e-05,1.1673281990492269e-08,7.233837925153077e-06,1.2424932811043244e-07
1789477457,760644251,body,0.5063998058423205,-9.418199102886188e-06,-3.4596404637463685e-05,1.1663440099220236e-08,7.196883464594707e-06,1.0655365722544366e-07
1789477457,765882903,body,0.5063662621435179,-9.371146865490698e-06,-3.441285329517593e-05,1.1650331438751193e-08,7.159931334381947e-06,8.91536690723419e-08
1789477457,771148711,body,0.5063328944497192,-9.323947308643782e-06,-3.4230272900243306e-05,1.163393273998368e-08,7.122990156506253e-06,7.206376435291646e-08
1789477457,776449245,body,0.5062997018547991,-9.276608333880995e-06,-3.4048662491158317e-05,1.1614327224352954e-08,7.086069996251115e-06,5.529764320736466e-08
1789477457,781675809,body,0.5062666834530541,-9.229138152621647e-06,-3.386802083166911e-05,1.1591586892689515e-08,7.049182016909541e-06,3.886801878885843e-08
1789477457,786844330,body,0.5062338383394336,-9.181545169008889e-06,-3.368834637509144e-05,1.1565730396054849e-08,7.012338268840646e-06,2.2787189032660454e-08
1789477457,792279601,body,0.5062011656098212,-9.133837986737425e-06,-3.350963725800165e-05,1.1537031642230422e-08,6.975551581785592e-06,7.066671361674513e-09
1789477457,797338973,body,0.506168664361407,-9.086025473369735e-06,-3.333189129312147e-05,1.1505362526506683e-08,6.938834983098847e-06,-8.282982654770528e-09
1789477457,802475590,body,0.506136333692908,-9.038116582769306e-06,-3.315510594797234e-05,1.1470959048940362e-08,6.902201908703137e-06,-2.3251567873232245e-08
1789477457,807698414,body,0.5061041727049537,-8.990120479722965e-06,-3.297927837941088e-05,1.1433766214832836e-08,6.865665486982929e-06,-3.7829919400194956e-08
1789477457,812813462,body,0.5060721805004135,-8.942046506158659e-06,-3.280440538695955e-05,1.1393877725486844e-08,6.829238939586987e-06,-5.200950407376556e-08
1789477457,817866460,body,0.5060403561847018,-8.893904027266803e-06,-3.263048347268031e-05,1.1351549318019623e-08,6.7929350562844725e-06,-6.578225282090853e-08
1789477457,823247751,body,0.5060086988660752,-8.845702674391013e-06,-3.24575088214144e-05,1.1306799041037048e-08,6.756766182756648e-06,-7.914102691208674e-08
1789477457,828370388,body,0.5059772076560094,-8.79745205080211e-06,-3.228547733062318e-05,1.1259567146042301e-08,6.7207438397869844e-06,-9.207943368011197e-08
1789477457,833561306,body,0.5059458816694092,-8.749161872090751e-06,-3.2114384614668244e-05,1.1210151328143728e-08,6.684879206213727e-06,-1.0459149904628136e-07
1789477457,842165934,body,0.5059147200249539,-8.700841961401469e-06,-3.194422604398862e-05,1.1158493918225019e-08,6.649182353979845e-06,-1.1667213929640265e-07
1789477457,848924928,body,0.5058837218453016,-8.6525022276344e-06,-3.177499675734014e-05,1.1104750355265284e-08,6.61366269777717e-06,-1.2831678143920045e-07
1789477457,854788889,body,0.505852886257374,-8.60415248668035e-06,-3.160669167700299e-05,1.1049038254419851e-08,6.578328614238236e-06,-1.3952159965968535e-07
1789477457,860287302,body,0.505822212392538,-8.555802694369659e-06,-3.14393055378344e-05,1.0991424097719526e-08,6.543187683967605e-06,-1.50283390973032e-07
1789477457,865570219,body,0.5057916993868277,-8.5074628524574e-06,-3.12728329175746e-05,1.0931952107044326e-08,6.508246466164386e-06,-1.605995097241927e-07
1789477457,870907185,body,0.5057613463811093,-8.459142804522857e-06,-3.110726826581873e-05,1.0870788561456139e-08,6.473510550799651e-06,-1.7046800637919932e-07
1789477457,876225473,body,0.5057311525211868,-8.410852567814011e-06,-3.094260589492245e-05,1.0808019749141228e-08,6.438984658544225e-06,-1.7988750760223382e-07
1789477457,881428326,body,0.5057011169580206,-8.362602000338822e-06,-3.0778840043613334e-05,1.0743665296108192e-08,6.40467248755155e-06,-1.8885716185600354e-07
1789477457,886790575,body,0.5056712388477176,-8.314400986484389e-06,-3.0615964878412016e-05,1.0677833578776757e-08,6.370576888872924e-06,-1.973768570198296e-07
1789477457,891966780,body,0.5056415173517096,-8.266259323119776e-06,-3.045397452417846e-05,1.0610681798133188e-08,6.3366999441804515e-06,-2.0544677185577612e-07
1789477457,897105258,body,0.5056119516367263,-8.218186797912963e-06,-3.0292863061213473e-05,1.0542236081005862e-08,6.303042794781334e-06,-2.1306785338808557e-07
1789477457,902228133,body,0.5055825408749332,-8.170193087451616e-06,-3.0132624594997632e-05,1.0472586903379754e-08,6.269605842577701e-06,-2.2024156712091894e-07
1789477457,907407732,body,0.505553284243851,-8.122287815801145e-06,-2.997325321208209e-05,1.040180471651782e-08,6.2363888610850364e-06,-2.26969874826197e-07
1789477457,912591178,body,0.5055241809263836,-8.074480465050843e-06,-2.981474304253029e-05,1.0329986587663994e-08,6.203390908833818e-06,-2.332551168641226e-07
1789477457,917721166,body,0.5054952301108697,-8.02678045768991e-06,-2.965708825021418e-05,1.0257293928211777e-08,6.170610548087066e-06,-2.3910024200268567e-07
1789477457,923105459,body,0.5054664309909509,-7.979197070851072e-06,-2.950028306566923e-05,1.0183579461919452e-08,6.138045653876561e-06,-2.445087829597053e-07
1789477457,928183325,body,0.5054377827656243,-7.931739512351633e-06,-2.9344321767539536e-05,1.0109148876649562e-08,6.105693866980898e-06,-2.494844290343869e-07
1789477457,933480447,body,0.5054092846390921,-7.884416786914478e-06,-2.9189198724174114e-05,1.0034016925424387e-08,6.07355232191443e-06,-2.540315966961702e-07
1789477457,939487592,body,0.5053809358207961,-7.837237758983706e-06,-2.903490839343878e-05,9.958160593111313e-09,6.041617719093105e-06,-2.581550310371876e-07
1789477457,947432598,body,0.5053527355252322,-7.790211261438036e-06,-2.8881445308729812e-05,9.881803319383339e-09,6.009886694543957e-06,-2.6185974695508854e-07
1789477457,953278698,body,0.5053246829719593,-7.743345795816972e-06,-2.872880410872167e-05,9.804917589273493e-09,5.978355583419773e-06,-2.651513777198449e-07
1789477457,958784813,body,0.5052967773855047,-7.696649836859281e-06,-2.8576979531949054e-05,9.727538048280987e-09,5.94702049327893e-06,-2.680358097376176e-07
1789477457,964109568,body,0.5052690179951749,-7.650131628481028e-06,-2.842596641746869e-05,9.649821447269841e-09,5.915877590522607e-06,-2.705192735940322e-07
1789477457,969295608,body,0.5052414040351211,-7.603799209363612e-06,-2.827575971423628e-05,9.571817932537025e-09,5.884922843931371e-06,-2.726083962150868e-07
1789477457,974521131,body,0.5052139347440774,-7.557660502062668e-06,-2.8126354468162052e-05,9.493562089349052e-09,5.854152292228074e-06,-2.7431014758429993e-07
1789477457,979737873,body,0.505186609365379,-7.511723190722799e-06,-2.7977745834921658e-05,9.415059625550004e-09,5.823561904195422e-06,-2.7563177079760106e-07
1789477457,985074897,body,0.5051594271468147,-7.465994740902085e-06,-2.7829929065482798e-05,9.336487212248257e-09,5.793147867326169e-06,-2.7658078207997477e-07
1789477457,990186450,body,0.505132387340544,-7.4204824533263865e-06,-2.7682899513355684e-05,9.257863852885039e-09,5.762906431288984e-06,-2.7716503404071123e-07
1789477457,995348549,body,0.5051054892029933,-7.375193430678119e-06,-2.753665263225532e-05,9.17921520272334e-09,5.732833847969572e-06,-2.7739264241244774e-07
1789477458,543997,body,0.5050787319947592,-7.330134511354236e-06,-2.7391183960963507e-05,9.100566916038403e-09,5.7029266146139975e-06,-2.772718872408053e-07
1789477458,5659853,body,0.5050521149805685,-7.285312341015487e-06,-2.724648912562378e-05,9.022037891140992e-09,5.67318148715332e-06,-2.768113838663303e-07
1789477458,10892003,body,0.5050256374291537,-7.240733379614862e-06,-2.7102563839628682e-05,8.94369152175513e-09,5.643595223734721e-06,-2.760198242302799e-07
1789477458,16165987,body,0.5049992986131063,-7.196403794303195e-06,-2.695940389244998e-05,8.865533452693713e-09,5.614164846740079e-06,-2.7490627552456396e-07
1789477458,21368501,body,0.5049730978089789,-7.152329556229541e-06,-2.6817005150826523e-05,8.787633731808398e-09,5.5848876816425255e-06,-2.7347984380406095e-07
1789477458,26490403,body,0.5049470342970549,-7.108516426246288e-06,-2.6675363533756237e-05,8.710015773354307e-09,5.555761162716624e-06,-2.717498527235473e-07
1789477458,31618261,body,0.5049211073613298,-7.064969879563558e-06,-2.6534475038948018e-05,8.632745179641593e-09,5.526782994022456e-06,-2.697257991359187e-07
1789477458,36739139,body,0.5048953162895032,-7.021695247154039e-06,-2.6394335710663548e-05,8.555825391381962e-09,5.497951008402712e-06,-2.674172109753124e-07
1789477458,44803102,body,0.5048696603728358,-6.978697443606292e-06,-2.6254941649334665e-05,8.479357544312988e-09,5.469263359558148e-06,-2.648338448894971e-07
1789477458,51163813,body,0.5048441389061861,-6.935981398573171e-06,-2.6116288997119267e-05,8.403333973887858e-09,5.440718332193129e-06,-2.6198560961816087e-07
1789477458,56637526,body,0.5048187511879381,-6.893551569755103e-06,-2.597837393273382e-05,8.327822528522752e-09,5.41231441418469e-06,-2.5888235839572953e-07
1789477458,61975214,body,0.5047934965198952,-6.851412268158085e-06,-2.584119268230556e-05,8.252842209602439e-09,5.384050277705932e-06,-2.5553408101020055e-07
1789477458,67301939,body,0.504768374207352,-6.809567594038207e-06,-2.5704741505138134e-05,8.178436450814503e-09,5.355924805871621e-06,-2.5195084496704404e-07
1789477458,72511328,body,0.5047433835590044,-6.768021355698412e-06,-2.556901666577717e-05,8.104670899555693e-09,5.327937019465379e-06,-2.4814277106408814e-07
1789477458,77732007,body,0.5047185238869321,-6.726777141207995e-06,-2.5434014472358005e-05,8.03151573907234e-09,5.300086090261285e-06,-2.441199567771356e-07
1789477458,83021269,body,0.504693794506599,-6.685838271828083e-06,-2.529973125362364e-05,7.959036638199901e-09,5.272371307716474e-06,-2.398925884070993e-07
1789477458,88159555,body,0.5046691947367642,-6.645207873252941e-06,-2.5166163339876065e-05,7.887181595570919e-09,5.244792098954529e-06,-2.3547084780506191e-07
1789477458,93256665,body,0.5046447238995794,-6.604888754588616e-06,-2.5033307093159603e-05,7.816151763268764e-09,5.217348102044334e-06,-2.3086478805527678e-07
1789477458,98420199,body,0.5046203813204915,-6.564883569111128e-06,-2.4901158875765955e-05,7.745755263373223e-09,5.190038794068644e-06,-2.2608478195668483e-07
1789477458,103539470,body,0.5045961663282338,-6.5251946750297665e-06,-2.4769715064241278e-05,7.676259897499316e-09,5.162864064006727e-06,-2.211407393795556e-07
1789477458,108656319,body,0.5045720782548879,-6.4858242349667994e-06,-2.4638972042037912e-05,7.607482708136486e-09,5.135823563247403e-06,-2.1604285437767997e-07
1789477458,113901889,body,0.5045481164357596,-6.4467741090225606e-06,-2.4508926193358336e-05,7.539567180415248e-09,5.108917274027558e-06,-2.108009857416761e-07
1789477458,119095830,body,0.5045242802095563,-6.408046043491513e-06,-2.4379573920209705e-05,7.472421424777453e-09,5.08214494210479e-06,-2.0542525980855575e-07
1789477458,124337412,body,0.504500568918165,-6.369641430837257e-06,-2.425091161443245e-05,7.4061667514062175e-09,5.055506628542065e-06,-1.9992546209246206e-07
1789477458,129536205,body,0.5044769819067949,-6.3315615028314534e-06,-2.4122935692432912e-05,7.340742399051264e-09,5.029002161254409e-06,-1.943114702427502e-07
1789477458,134615273,body,0.5044535185239853,-6.293807247904358e-06,-2.399564254090708e-05,7.276227523663391e-09,5.002631582429339e-06,-1.8859291989028962e-07
1789477458,141244189,body,0.5044301781215179,-6.256379502488014e-06,-2.3869028588161262e-05,7.212568072804259e-09,4.976394746628299e-06,-1.8277934895670398e-07
1789477458,148691014,body,0.504406960054398,-6.219278701462199e-06,-2.374309023684895e-05,7.149914283664781e-09,4.9502917093616e-06,-1.7688033201557531e-07
1789477458,154482243,body,0.5043838636810506,-6.182505248330231e-06,-2.3617823911020038e-05,7.088116661051659e-09,4.924322332961388e-06,-1.709052071416029e-07
1789477458,159784717,body,0.5043608883630539,-6.146059357839557e-06,-2.3493226032230466e-05,7.02719004034165e-09,4.898486545262301e-06,-1.648632158318192e-07
1789477458,165091855,body,0.5043380334653164,-6.1099407864971136e-06,-2.3369293024166657e-05,6.967258085394867e-09,4.872784266328647e-06,-1.5876336977468913e-07
1789477458,170540831,body,0.5043152983560685,-6.0741494192120985e-06,-2.3246021327617905e-05,6.908264615297782e-09,4.847215261903409e-06,-1.526146651028916e-07
1789477458,175709346,body,0.5042926824066672,-6.038684660788232e-06,-2.3123407378007377e-05,6.850175675453174e-09,4.821779483135202e-06,-1.4642592808659567e-07
1789477458,181036603,body,0.5042701849919156,-6.003545924884196e-06,-2.300144762362698e-05,6.79309501415219e-09,4.796476598067549e-06,-1.4020561641143693e-07
1789477458,186412780,body,0.5042478054897338,-5.968732265177481e-06,-2.288013852266155e-05,6.736910992993361e-09,4.771306391316925e-06,-1.339623753758736e-07
1789477458,191650391,body,0.5042255432814179,-5.934242743279314e-06,-2.2759476541090067e-05,6.68166522783999e-09,4.746268554241242e-06,-1.2770435068856768e-07
1789477458,196910362,body,0.5042033977514162,-5.9000760388762354e-06,-2.263945816445632e-05,6.62741932989157e-09,4.721362750441073e-06,-1.214396525323629e-07
1789477458,202051452,body,0.5041813682874544,-5.866230782569702e-06,-2.2520079869239628e-05,6.574130569303435e-09,4.696588633529291e-06,-1.1517622565975172e-07
1789477458,207113071,body,0.5041594542805098,-5.832705394356613e-06,-2.240133816809947e-05,6.521751803002454e-09,4.671945734988272e-06,-1.0892172949567252e-07
1789477458,212493611,body,0.5041376551247648,-5.799498184139207e-06,-2.228322957075159e-05,6.470346925712202e-09,4.64743355188838e-06,-1.0268371356043305e-07
1789477458,217530002,body,0.5041159702176181,-5.766607160841636e-06,-2.2165750608577398e-05,6.419868829586615e-09,4.62305166123411e-06,-9.646954973122572e-08
1789477458,222684008,body,0.504094398959674,-5.734030371930212e-06,-2.2048897833547756e-05,6.370323733614143e-09,4.5987995056925885e-06,-9.028617912227809e-08
1789477458,227854316,body,0.5040729407546901,-5.701765535124924e-06,-2.1932667809027752e-05,6.3217067509599e-09,4.574676451326341e-06,-8.414070827030772e-08
1789477458,233016259,body,0.5040515950096567,-5.669810328234949e-06,-2.1817057106652728e-05,6.274061889302018e-09,4.550681987432683e-06,-7.80396697299356e-08
1789477458,238246445,body,0.5040303611346821,-5.638162257417412e-06,-2.170206233213423e-05,6.227304380926029e-09,4.526815371271468e-06,-7.198953831575591e-08
1789477458,246288956,body,0.5040092385430275,-5.6068187312272265e-06,-2.1587680101870385e-05,6.181416085613039e-09,4.50307599444036e-06,-6.599667116312677e-08
1789477458,252309826,body,0.50398822665108,-5.575776902215471e-06,-2.1473907058344822e-05,6.136481036341784e-09,4.479463165269793e-06,-6.006701574170036e-08
1789477458,257659911,body,0.503967324878336,-5.545033992071014e-06,-2.136073984587581e-05,6.092414531705995e-09,4.455976184319685e-06,-5.420630634741755e-08
1789477458,262968013,body,0.5039465326473996,-5.514586972628217e-06,-2.124817515212984e-05,6.049225136527099e-09,4.4326142899762565e-06,-4.842024841644583e-08
1789477458,268157530,body,0.5039258493839492,-5.484432727874868e-06,-2.1136209669232584e-05,6.0069369918508145e-09,4.409376765034407e-06,-4.271411106828847e-08
1789477458,273272923,body,0.5039052745166465,-5.454568029649813e-06,-2.1024840124624383e-05,5.965425479726407e-09,4.386262812353747e-06,-3.709307126453043e-08
1789477458,278527067,body,0.503884807477369,-5.424989608115502e-06,-2.0914063242361187e-05,5.924819138491978e-09,4.363271760250656e-06,-3.156197735673855e-08
1789477458,283770348,body,0.5038644477008357,-5.395693994281774e-06,-2.080387579340038e-05,5.885046676823686e-09,4.340402790487958e-06,-2.612558331493969e-08
1789477458,288969468,body,0.5038441946248305,-5.366677727169709e-06,-2.069427456028623e-05,5.8460768046946896e-09,4.317655075950647e-06,-2.078817681802775e-08
1789477458,294191024,body,0.5038240476902014,-5.337937184681193e-06,-2.0585256346844248e-05,5.807909321271033e-09,4.2950279327411425e-06,-1.5554061089983405e-08
1789477458,299476470,body,0.5038040063406025,-5.309468744196676e-06,-2.0476817973100835e-05,5.770515187183448e-09,4.272520524860363e-06,-1.0427158546512204e-08
1789477458,304655268,body,0.5037840700227705,-5.2812685968813045e-06,-2.0368956290202494e-05,5.733905336560079e-09,4.250132040735098e-06,-5.4113594093214214e-09
1789477458,310062949,body,0.5037642381862926,-5.253333010760921e-06,-2.0261668161946478e-05,5.698090741471063e-09,4.227861871963511e-06,-5.09983245483486e-10
1789477458,315177163,body,0.5037445102837143,-5.225658044193123e-06,-2.0154950479062058e-05,5.6629780104374225e-09,4.205709107051356e-06,4.27355823574313e-09
1789477458,320262425,body,0.5037248857704316,-5.198239814885123e-06,-2.0048800146652967e-05,5.628589245243176e-09,4.183673067652634e-06,8.936307399280174e-09
1789477458,325411481,body,0.5037053641047183,-5.171074304948913e-06,-1.9943214093106272e-05,5.594919905881769e-09,4.1617529854925926e-06,1.3475324375233707e-08
1789477458,330424907,body,0.5036859447477082,-5.14415747352888e-06,-1.9838189274777037e-05,5.561978791653071e-09,4.139948170012105e-06,1.7887909101077006e-08
1789477458,335525029,body,0.5036666271633683,-5.117485311924523e-06,-1.973372265922846e-05,5.529659265961847e-09,4.118257801866032e-06,2.2171786736553166e-08
1789477458,342935114,body,0.5036474108184903,-5.091053634345176e-06,-1.9629811223810526e-05,5.498061204516768e-09,4.096681293746989e-06,2.6324837860358933e-08
1789477458,349341430,body,0.5036282951826369,-5.064858297189254e-06,-1.9526451989343067e-05,5.46702690653178e-09,4.075217866277308e-06,3.034483315429271e-08
1789477458,354949899,body,0.5036092797281945,-5.038895182474301e-06,-1.9423641973745858e-05,5.436720681239516e-09,4.053866905504171e-06,3.4230296012457166e-08
1789477458,360365173,body,0.5035903639302683,-5.0131600681238075e-06,-1.9321378224237852e-05,5.406947114324319e-09,4.032627664246668e-06,3.7979536687132414e-08
1789477458,365654664,body,0.5035715472667521,-4.987648723242749e-06,-1.9219657809946332e-05,5.377786142645341e-09,4.0114995118976695e-06,4.159112187605826e-08
1789477458,370993204,body,0.5035528292182572,-4.962356920835089e-06,-1.911847779811756e-05,5.349226694544313e-09,3.990481880023752e-06,4.506412343374695e-08
1789477458,376121012,body,0.5035342092680508,-4.937280460252969e-06,-1.9017835298230965e-05,5.321204398690058e-09,3.9695740347670244e-06,4.8397446684288156e-08
1789477458,381541000,body,0.5035156869022421,-4.912415060647202e-06,-1.8917727425244584e-05,5.2937081950420065e-09,3.948775378826521e-06,5.159035110982576e-08
1789477458,386905066,body,0.5034972616094987,-4.887756504615141e-06,-1.8818151301828967e-05,5.266820305838114e-09,3.928085401500754e-06,5.4642510300417014e-08
1789477458,392078798,body,0.5034789328812054,-4.863300546464007e-06,-1.8719104085105218e-05,5.240332048633922e-09,3.907503323411578e-06,5.7553129348416485e-08
1789477458,397255687,body,0.5034607002113406,-4.839043007352339e-06,-1.8620582937221333e-05,5.214387845391828e-09,3.887028739328885e-06,6.032237033850667e-08
1789477458,402370888,body,0.5034425630967434,-4.814979598115765e-06,-1.852258503874366e-05,5.1889100544980366e-09,3.86666097645642e-06,6.295006119071156e-08
1789477458,407559268,body,0.5034245210364898,-4.7911061603032455e-06,-1.8425107586814346e-05,5.163920976264592e-09,3.846399521871059e-06,6.543643172019378e-08
1789477458,412757341,body,0.5034065735326947,-4.767418517581428e-06,-1.8328147790572387e-05,5.139351877374249e-09,3.826243780493692e-06,6.778180722632458e-08
1789477458,417991153,body,0.5033887200897454,-4.743912545555156e-06,-1.8231702880424134e-05,5.115211756012479e-09,3.8061932282991145e-06,6.998681720526962e-08
1789477458,423161529,body,0.5033709602148194,-4.7205840680501016e-06,-1.8135770093286637e-05,5.091447424005685e-09,3.7862473101749103e-06,7.20518524586312e-08
1789477458,428201906,body,0.5033532934175446,-4.6974290240211745e-06,-1.804034668836824e-05,5.068118969322752e-09,3.7664055487256886e-06,7.397793660896112e-08
1789477458,433248258,body,0.5033357192101606,-4.674443352440998e-06,-1.794542993474636e-05,5.0451243869161135e-09,3.7466673422103767e-06,7.57661077204949e-08
1789477458,438831876,body,0.5033182371074559,-4.651623043399997e-06,-1.785101712409965e-05,5.022519317493629e-09,3.727032199910233e-06,7.7417317251532e-08
1789477458,446881411,body,0.5033008466267327,-4.628964101285916e-06,-1.7757105548516175e-05,5.000252835206837e-09,3.7074996299965613e-06,7.893281864676205e-08
1789477458,452744148,body,0.5032835472878685,-4.6064626073658355e-06,-1.7663692526512353e-05,4.978400597729003e-09,3.68806916506617e-06,8.031423504838956e-08
1789477458,458017373,body,0.5032663386131037,-4.58411465896683e-06,-1.757077538272155e-05,4.956702957992991e-09,3.668740173400605e-06,8.1562890966375e-08
1789477458,463241157,body,0.5032492201274058,-4.561916495822339e-06,-1.747835146537579e-05,4.935388788187129e-09,3.6495122109116747e-06,8.268054387181011e-08
1789477458,468535713,body,0.5032321913579973,-4.539864191402793e-06,-1.7386418119211626e-05,4.914404966598346e-09,3.630384850164073e-06,8.366903895830696e-08
1789477458,473750527,body,0.503215251834695,-4.517954171898775e-06,-1.7294972719334758e-05,4.893618423279886e-09,3.6113574649903875e-06,8.453002158344921e-08
1789477458,478995994,body,0.5031984010897842,-4.496182672689477e-06,-1.7204012659163092e-05,4.873144809282849e-09,3.5924297312072097e-06,8.526577435987097e-08
1789477458,484264673,body,0.5031816386578958,-4.474546140045924e-06,-1.7113535319352398e-05,4.852862171867904e-09,3.573600970467353e-06,8.587830790788263e-08
1789477458,489594838,body,0.5031649640762353,-4.453040977958393e-06,-1.7023538114838326e-05,4.832850625793188e-09,3.5548708408223395e-06,8.636980825258858e-08
1789477458,494774685,body,0.5031483768843188,-4.4316637674851905e-06,-1.6934018471563283e-05,4.81305484903733e-09,3.5362387771691377e-06,8.674270789556981e-08
1789477458,499986529,body,0.5031318766241123,-4.410411058574021e-06,-1.6844973828032275e-05,4.793437273078179e-09,3.517704328756729e-06,8.699928501645441e-08
1789477458,505303672,body,0.5031154628399991,-4.3892795004250354e-06,-1.6756401635117542e-05,4.774042495794881e-09,3.499266963788937e-06,8.7142057598889e-08
1789477458,510539518,body,0.5030991350787416,-4.368265847228557e-06,-1.666829935040287e-05,4.754806322300993e-09,3.4809261982082244e-06,8.717377233793912e-08
1789477458,515714468,body,0.5030828928894121,-4.34736682291271e-06,-1.6580664461616314e-05,4.735764453825208e-09,3.462681586815258e-06,8.7096742936663e-08
1789477458,521016983,body,0.5030667358235875,-4.326579411879659e-06,-1.6493494450077744e-05,4.71683937698527e-09,3.4445326366712783e-06,8.691389594686936e-08
1789477458,526174825,body,0.5030506634350294,-4.3059004665433085e-06,-1.640678682980637e-05,4.698115665167039e-09,3.4264788881442398e-06,8.662809240915842e-08
1789477458,531278608,body,0.5030346752799689,-4.285327050156598e-06,-1.6320539103988362e-05,4.6794491764381095e-09,3.4085197583668986e-06,8.624205237709138e-08
1789477458,536378525,body,0.5030187709168749,-4.264856227738497e-06,-1.623474881774612e-05,4.661037723088147e-09,3.3906548609820823e-06,8.57586590902186e-08
1789477458,544196492,body,0.5030029499066322,-4.244485209227936e-06,-1.6149413511446182e-05,4.642615043759311e-09,3.3728836353268844e-06,8.518083799923483e-08
1789477458,550390159,body,0.5029872118123287,-4.224211228697537e-06,-1.60645307404835e-05,4.624341207062504e-09,3.3552056162181776e-06,8.451165664260461e-08
1789477458,555996175,body,0.5029715561993433,-4.204031596372083e-06,-1.5980098077870982e-05,4.606214184068346e-09,3.337620411748079e-06,8.375413260665417e-08
1789477458,561365777,body,0.5031299333229995,-6.431760361274896e-06,-0.0033258845899916335,0.0005622303309334953,-0.13150522537987172,5.1544078516643965e-05
1789477458,566648694,body,0.5014933096456138,-1.6055499388149317e-05,-0.01159292370686187,-0.0002629213386324357,-0.33014052329066235,0.0001330476832612758
1789477458,571942775,body,0.4935787891650482,-2.9415655264064534e-05,-0.022142180888146103,-0.0005191676325688974,-0.4318214587593301,0.00016774559423270153
1789477458,577262953,body,0.4758433123977888,-3.253299685992774e-05,-0.03211217101447743,-0.0002084496204258988,-0.4381944161603537,0.00014858485410121762
1789477458,582531161,body,0.4472709774751086,-2.6667439680573627e-05,-0.03977046853320645,0.00011780481276810716,-0.3918712828232706,0.00010525393403227277
1789477458,587773247,body,0.40860052859928214,-1.9436018935250596e-05,-0.0444710733832883,0.0002108646607418611,-0.3273327186551353,6.904662697684017e-05
1789477458,592893203,body,0.36132453714459833,-1.5394381846450555e-05,-0.04620833162137018,0.0001318076146198342,-0.26222793746207745,4.859565199088827e-05
1789477458,598017993,body,0.3070783387455382,-1.4505727078726508e-05,-0.04525692569386252,2.0049993974991403e-05,-0.20251179212304748,3.576232088421674e-05
1789477458,603097967,body,0.24738903598061315,-1.4688379992395396e-05,-0.0419942836384321,-4.523432023804254e-05,-0.14878530211461025,2.1717572751105843e-05
1789477458,608467818,body,0.1836193271305163,-1.4204563244576103e-05,-0.03683872317076134,-5.752297103884276e-05,-0.10017766817418641,4.14527687145185e-06
1789477458,613667279,body,0.11698275629070919,-1.2476527464439948e-05,-0.03022987010712055,-4.265215995359964e-05,-0.05592242301895207,-1.4694728403482972e-05
1789477458,619068077,body,0.048570318506386004,-9.788282127329101e-06,-0.022614782977703272,-2.4422499153568086e-05,-0.01566690907469339,-3.202379463856998e-05
1789477458,624227472,body,-0.020630770922555552,-6.709868046288687e-06,-0.014431063291655888,-1.2925661977395825e-05,0.020670314919198986,-4.65558014444262e-05
1789477458,629255193,body,-0.08972726385547405,-3.7230213356438977e-06,-0.006089238771912897,-7.95088585173322e-06,0.05308786283627383,-5.835970507644994e-05
1789477458,634318405,body,-0.1579152911908665,-1.1193971287540054e-06,0.0020421231239739386,-5.90749904726674e-06,0.0816105022673733,-6.799170899768959e-05
1789477458,640178014,body,-0.22447774403361112,9.496645722139818e-07,0.009646962824962899,-4.104774704989823e-06,0.10632170983571841,-7.589878356910241e-05
1789477458,647783048,body,-0.28878197088138857,2.3975502234700886e-06,0.016467944181450492,-1.706796186134136e-06,0.12735575634406243,-8.228324484927959e-05
1789477458,653553812,body,-0.35027731087171243,3.1593566045457453e-06,0.022309030523845846,9.941623504556831e-07,0.1448784393606351,-8.720668197466168e-05
1789477458,658801574,body,-0.40849250113741703,3.1833960925893305e-06,0.02703517965905695,3.4650586856799286e-06,0.159070761016425,-9.070925673309086e-05
1789477458,664035954,body,-0.46303308401391907,2.4381743828223994e-06,0.030569769261481063,5.370554715071992e-06,0.17011921974103347,-9.2860814668409e-05
1789477458,669252803,body,-0.5135788546087826,9.19298192441593e-07,0.032890224337792096,6.6138595091979294e-06,0.17821156005828204,-9.37590970205455e-05
1789477458,674447739,body,-0.5598812884691275,-1.3491108263913843e-06,0.03402224129655399,7.224897664007134e-06,0.1835357589998988,-9.351256911735294e-05
1789477458,679597705,body,-0.6017608323027089,-4.317345476661224e-06,0.03403297155818378,7.263463797165939e-06,0.1862805109553872,-9.222884629748053e-05
1789477458,685080978,body,-0.6391039313063144,-7.914679808515332e-06,0.03302351396217044,6.782180932690614e-06,0.1866362051391873,-9.001150769866436e-05
1789477458,690367618,body,-0.6718596883989237,-1.20538924403545e-05,0.031121052588483515,5.828258646000291e-06,0.18479589932399346,-8.696094990545072e-05
1789477458,695565402,body,-0.7000360872143324,-1.663532009473387e-05,0.02847095844150085,4.454537912935709e-06,0.1809560491826013,-8.317559858599803e-05
1789477458,700712624,body,-0.7236957514568307,-2.155060080084716e-05,0.025229148003935106,2.7251558621153214e-06,0.1753168586978588,-7.87522959310509e-05
1789477458,705895933,body,-0.742951252548008,-2.6686289422551858e-05,0.021554958558255687,7.145299976935023e-07,0.16808216658471886,-7.378608081950858e-05
1789477458,711081563,body,-0.7579600124661875,-3.192736624249419e-05,0.017604759435103777,-1.4967282801138905e-06,0.1594588233379323,-6.83697921538805e-05
1789477458,716106417,body,-0.7689188775267533,-3.71605466269631e-05,0.013526470708375747,-3.826000465488974e-06,0.14965555611545997,-6.259368696576626e-05
1789477458,721397654,body,-0.7760584603315213,-4.2277273012376854e-05,0.009455107997166135,-6.1919195999617886e-06,0.13888136192120984,-5.6545074386729606e-05
1789477458,726434289,body,-0.7796373605027155,-4.7176300480985705e-05,0.0055094165343222146,-8.516838692636058e-06,0.1273435081172665,-5.030791944457199e-05
1789477458,731438327,body,-0.7799363800088099,-5.176582321371059e-05,0.0017896026637120588,-1.072887634091071e-05,0.11524524919946902,-4.396239718954369e-05
1789477458,736710605,body,-0.7772528464603338,-5.596511938393904e-05,-0.0016238802959654738,-1.276371755851783e-05,0.10278338796915067,-3.758440611470881e-05
1789477458,744823373,body,-0.7718951488495749,-5.9705713630568e-05,-0.004670579353549935,-1.4566151979367741e-05,0.09014581706794073,-3.124506427268142e-05
1789477458,751024013,body,-0.7641775763977883,-6.293207415238116e-05,-0.007309445211621444,-1.6091257460792803e-05,0.07750917359721697,-2.5010215074135035e-05
1789477458,756533791,body,-0.754415534198748,-6.560187510381126e-05,-0.00951753935330422,-1.7305155322882317e-05,0.06503672630193189,-1.893996718173544e-05
1789477458,762046677,body,-0.7429211909370066,-6.768586980310816e-05,-0.011288206112725166,-1.8185309025593427e-05,0.0528765934000214,-1.308829061200247e-05
1789477458,767247120,body,-0.7299995956270903,-6.916742819162868e-05,-0.012628873829795228,-1.8720380757807127e-05,0.04116036205048992,-7.502690912109824e-06
1789477458,772559475,body,-0.7159452832697278,-7.004179907671115e-05,-0.013558642445967297,-1.890968664455522e-05,0.03000215055413856,-2.223975510559186e-06
1789477458,777684294,body,-0.7010393743715443,-7.031515840977959e-05,-0.014105800355307273,-1.8762310211231225e-05,0.01949812460171268,2.713874715361709e-06
1789477458,782828159,body,-0.6855471608758531,-7.000350391764596e-05,-0.01430539311690271,-1.8295944578771656e-05,0.009726451871543326,7.2837239136211785e-06
1789477458,788093447,body,-0.6697161613305249,-6.913145102158403e-05,-0.01419694299011218,-1.7535540656094107e-05,0.0007476570771417106,1.1465187692552308e-05
1789477458,793164101,body,-0.6537746209405642,-6.773097968947156e-05,-0.013822393280276346,-1.6511841507458627e-05,-0.0073946765715074666,1.5244433457685777e-05
1789477458,798193545,body,-0.6379304272307041,-6.584017395427615e-05,-0.013224326997265782,-1.525987797107931e-05,-0.014672923177711714,1.8613881916270955e-05
1789477458,803280769,body,-0.622370408988849,-6.350198783442438e-05,-0.012444486758586514,-1.381749433886097e-05,-0.02107421443871439,2.1571822293876163e-05
1789477458,808445207,body,-0.6072599845698964,-6.076306495480642e-05,-0.011522603207065855,-1.2223960634531731e-05,-0.02659908990355505,2.412195488648336e-05
1789477458,813526615,body,-0.592743125133938,-5.767263098935902e-05,-0.010495523040391365,-1.0518715456233756e-05,-0.03126005709745572,2.6272877127767782e-05
1789477458,818664414,body,-0.5789425986431634,-5.428147228557367e-05,-0.009396615278616061,-8.740270231942073e-06,-0.035080113263394254,2.8037528827448262e-05
1789477458,823710372,body,-0.5659604611907643,-5.064100981294622e-05,-0.008255425551098943,-6.925291596953606e-06,-0.03809127113003739,2.9432611704757226e-05
1789477458,828751221,body,-0.5538787632940562,-4.680247152295509e-05,-0.007097542677983626,-5.107870376847944e-06,-0.04033312167165368,3.04779996130518e-05
1789477458,833673627,body,-0.5427604400237686,-4.2816164284045214e-05,-0.005944639231517238,-3.318971692370192e-06,-0.041851458081677916,3.119615112445626e-05
1789477458,840115359,body,-0.5326503551891892,-3.873084315705381e-05,-0.004814647595989459,-1.5860589159465069e-06,-0.04269697764197282,3.1611537121477164e-05
1789477458,847323273,body,-0.5235764712139602,-3.459317522973617e-05,-0.003722034789365238,6.712660502261135e-08,-0.04292407205044597,3.1750093323683145e-05
1789477458,852853317,body,-0.5155511178117783,-3.044729122631203e-05,-0.0026781424673993767,1.6206473485315852e-06,-0.04258971208578582,3.1638706000085966e-05
1789477458,858113230,body,-0.5085723341060688,-2.6334421078724435e-05,-0.0016915626459023019,3.0583355289430494e-06,-0.041752429094201786,3.1304736106877733e-05
1789477458,863326770,body,-0.5026252604408147,-2.2292605683530395e-05,-0.0007685243461451642,4.3676635331286316e-06,-0.040471393460558454,3.077558738520062e-05
1789477458,868519752,body,-0.497683557809673,-1.835647938994549e-05,8.67287488178852e-05,5.539540996266442e-06,-0.03880558871965415,3.00783205255305e-05
1789477458,874003987,body,-0.4937108345871756,-1.4557116402790069e-05,0.0008715847211631569,6.568058079551425e-06,-0.036813079033656354,2.9239314546972527e-05
1789477458,879520846,body,-0.4906620620749893,-1.0921935273248043e-05,0.0015847444865197265,7.450192606552655e-06,-0.0345503671992574,2.8283976877094258e-05
1789477458,884927200,body,-0.48848496226218374,-7.474655420122663e-06,0.002225943964600353,8.185497473890109e-06,-0.032071839991617994,2.723649873234438e-05
1789477458,890004827,body,-0.4871213531246363,-4.235300768050988e-06,0.0027957202635257457,8.775780873380663e-06,-0.02942929739003081,2.6119656822724887e-05
1789477458,895265231,body,-0.48650843872734656,-1.2202448198260562e-06,0.003295221844350862,9.224790343748272e-06,-0.02667156199004489,2.49546565037216e-05
1789477458,900525379,body,-0.48658003331942645,1.5577071972958623e-06,0.0037260603130517492,9.537908582558254e-06,-0.023844164657568227,2.3761015535654352e-05
1789477458,905654906,body,-0.4872677104979957,4.089203131122381e-06,0.004090199779317902,9.721867165436843e-06,-0.020989102214299157,2.255648335600243e-05
1789477458,910883765,body,-0.48850187033662257,6.368200470547706e-06,0.004389878585448195,9.784482482484524e-06,-0.018144662668727708,2.1356994561918858e-05
1789477458,916013004,body,-0.49021271910757575,8.391797175096413e-06,0.004627557586003406,9.734415090465537e-06,-0.01534531324634073,2.017665151042513e-05
1789477458,921106718,body,-0.4923311578530043,1.016004180459685e-05,0.004805888976980985,9.580954116719288e-06,-0.01262164624105359,1.9027733482248154e-05
1789477458,926224565,body,-0.4947895775667882,1.1675724809513518e-05,0.004927699854291713,9.333826330673541e-06,-0.010000377531846493,1.7920728581824495e-05
1789477458,931306323,body,-0.49752256012800095,1.2944155237933292e-05,0.004995985143471047,9.003027914156758e-06,-0.007504392495877864,1.6864386067727283e-05
1789477458,936662395,body,-0.500467485370183,1.3972925268023166e-05,0.00501390520735759,8.598678092902739e-06,-0.005152834007444344,1.5865785405376635e-05
1789477458,945136923,body,-0.5035650457821996,1.4771666015764535e-05,0.004984784232458955,8.13089184466317e-06,-0.002961227245832853,1.4930418836927644e-05
1789477458,951314956,body,-0.5067596713114113,1.5351797314197188e-05,0.004912106351940282,7.609670164803091e-06,-0.0009416361373836754,1.4062285802440174e-05
1789477458,957025846,body,-0.5099998675891094,1.5726274105702466e-05,0.0047995073278610505,7.044805048163458e-06,0.000897153578445272,1.3263996340582073e-05
1789477458,962710565,body,-0.5132384716202072,1.5909332943467965e-05,0.004650760440509737,6.445797195059107e-06,0.0025494294560000747,1.2536880975774493e-05
1789477458,968314981,body,-0.516432829585805,1.5916240180094242e-05,0.004469755984132536,5.821785860112237e-06,0.004012330167273217,1.1881105475358052e-05
1789477458,973629885,body,-0.5195449019009923,1.576304566823086e-05,0.004260474419223114,5.181487106840857e-06,0.005285610306343665,1.1295787919694397e-05
1789477458,979204840,body,-0.522541301060311,1.5466343201536808e-05,0.004026953767224285,4.5331414995009375e-06,0.0063713961437585585,1.0779117482127924e-05
1789477458,984572576,body,-0.525393268094262,1.5043041036630894e-05,0.003773252245222139,3.884469057222883e-06,0.0072739359963740835,1.0328472595367811e-05
1789477458,989853579,body,-0.5280765936606745,1.451014371309665e-05,0.0035034074272999897,3.2426308317563473e-06,0.007999348573532992,9.940536895899754e-06
1789477458,995149805,body,-0.5305714899081373,1.3884547556183854e-05,0.0032213933898278166,2.6141977947717382e-06,0.008555372360997265,9.611413534778015e-06
1789477459,555904,body,-0.5328624192832219,1.3182851495553368e-05,0.0029310773623252434,2.005125027169714e-06,0.008951118807342572,9.336734027005592e-06
1789477459,5758188,body,-0.5349378864134823,1.2421184216941958e-05,0.0026361773760287654,1.420732745635828e-06,0.009196831792427237,9.111763169740412e-06
1789477459,10924373,body,-0.5367901990912965,1.161504902097787e-05,0.0023402222962059685,8.656934324902984e-07,0.009303655576334146,8.931498254025193e-06
1789477459,16687918,body,-0.5384152042141298,1.0779187119524746e-05,0.002046515457810356,3.4402503890127873e-07,0.009283413153442612,8.79076205168056e-06
1789477459,22003107,body,-0.539812004312906,9.927459914197773e-06,0.0017581029151111636,-1.4090945042005028e-07,0.00914839667060217,8.684289049440035e-06
1789477459,27141986,body,-0.5409826600273969,9.0727505737e-06,0.0014777470805431734,-5.863961492077652e-07,0.00891117130453046,8.606804650806408e-06
1789477459,32307255,body,-0.5419318835716055,8.22688442799003e-06,0.0012079062814977582,-9.903585918163404e-07,0.008584393739137802,8.553097225823791e-06
1789477459,37395633,body,-0.5426667278835974,7.400568575621376e-06,0.000950720519387556,-1.351339416951921e-06,0.008180646130618084,8.51808187883967e-06
1789477459,44616498,body,-0.5431962757748444,6.603349702108184e-06,0.0007080034840860127,-1.6684769715886892e-06,0.007712286203905367,8.496858208017678e-06
1789477459,51900297,body,-0.5435313329956828,5.843589100542697e-06,0.0004812406674535274,-1.941476039798221e-06,0.007191313888179375,8.484758442333902e-06
1789477459,57214679,body,-0.5436841287201403,5.128454820074029e-06,0.0002715932387503483,-2.170574249559182e-06,0.0066292546700707005,8.47738962750029e-06
1789477459,62690963,body,-0.5436680265320779,4.463928753986672e-06,7.990719621169201e-05,-2.3565032091284016e-06,0.0060370596283607575,8.470668272818132e-06
1789477459,68242040,body,-0.5434972485726183,3.854828103535411e-06,-9.327280528704379e-05,-2.500446687292377e-06,0.005425021912295004,8.460847254471166e-06
1789477459,73677216,body,-0.5431866150904757,3.3048397542638606e-06,-0.0002476856299603061,-2.603995768052169e-06,0.004802709239299219,8.444536484619494e-06
1789477459,78970698,body,-0.5427513012289635,2.816565813270149e-06,-0.0003833325665141192,-2.6691010689060856e-06,0.004178911821266558,8.418717379538927e-06
1789477459,84442084,body,-0.5422066124892887,2.3915791058873437e-06,-0.0005004537052978372,-2.6980239874803656e-06,0.0035616049793729086,8.380750603241679e-06
1789477459,89697679,body,-0.5415677799341113,2.0304871530277566e-06,-0.0005995025190637085,-2.693286895316478e-06,0.002957925582169894,8.328379197757715e-06
1789477459,94953080,body,-0.5408497758424973,1.7330028584481437e-06,-0.0006811193454224203,-2.657623394445563e-06,0.0023741613351663496,8.259725551179966e-06
1789477459,100249607,body,-0.5400671501966627,1.498020751273981e-06,-0.000746104418113014,-2.5939290283773804e-06,0.0018157518690756806,8.173284573511861e-06
1789477459,105533873,body,-0.5392338880804215,1.3236971872242522e-06,-0.0007953910290708508,-2.5052136936620102e-06,0.0012873005107665264,8.067912785515164e-06
1789477459,110542603,body,-0.5383632877933104,1.2075331300553286e-06,-0.0008300193292907237,-2.3945555180711865e-06,0.0007925955827363535,7.942812849039574e-06
1789477459,116361770,body,-0.5374678592396771,1.1464584132585485e-06,-0.0008511111975375208,-2.2650574134272618e-06,0.00033464005689418504,7.797516397583686e-06
1789477459,121782610,body,-0.5365592419369994,1.1369160763906926e-06,-0.000859846525157171,-2.1198065854766937e-06,-8.431161385384226e-05,7.631863319687481e-06
1789477459,127040134,body,-0.5356481417997795,1.1749459856125831e-06,-0.0008574411866341074,-1.9618371379805613e-06,-0.0004627106455608897,7.445978996791826e-06
1789477459,132511738,body,-0.5347442857000427,1.2562665417601945e-06,-0.0008451268905011733,-1.7940964164819702e-06,-0.0007996661835201468,7.240250528065769e-06
1789477459,137710204,body,-0.5338563926745514,1.3763533487944396e-06,-0.0008241330365725181,-1.619414907583188e-06,-0.0010948937596171756,7.015301364198025e-06
1789477459,143449549,body,-0.5329921605480864,1.53051503721563e-06,-0.0007956706439865136,-1.4404801243162763e-06,-0.0013486609752856545,6.771965257994286e-06
1789477459,152286131,body,-0.53215826666461,1.7139644567728005e-06,-0.0007609183612070477,-1.2598146554202034e-06,-0.001561731378469283,6.511259681324013e-06
1789477459,158362444,body,-0.5313603813670599,1.921885262603571e-06,-0.0007210105244385698,-1.0797577665397666e-06,-0.0017353074289622522,6.234359902113143e-06
1789477459,164036641,body,-0.5306031928350369,2.149493799924916e-06,-0.0006770271944130468,-9.024511673599901e-07,-0.0018709733733422353,5.942572632352841e-06
1789477459,169773803,body,-0.5298904418816093,2.392095095333177e-06,-0.0006299860733457192,-7.298282124755658e-07,-0.0019706387683164246,5.6373112002236076e-06
1789477459,175182755,body,-0.5292249653187469,2.6451334102268674e-06,-0.0005808361830167879,-5.636071286102258e-07,-0.0020364833126760287,5.3200705780277106e-06
1789477459,180765168,body,-0.5286087465271294,2.9042371931486587e-06,-0.0005304531706791062,-4.0528712478996166e-07,-0.0020709035631593462,4.992404586236124e-06
1789477459,186581569,body,-0.5280429719062376,3.165257805010494e-06,-0.0004796361013044877,-2.5614784877312207e-07,-0.00207646203124707,4.655903761013174e-06
1789477459,191981528,body,-0.5275280919344812,3.4243027357906056e-06,-0.000429105591196212,-1.1725169493917204e-07,-0.0020558390758216843,4.3121748604139076e-06
1789477459,197547300,body,-0.5270638856322996,3.6777628765582076e-06,-0.0003795031383483742,1.0551399082947231e-08,-0.002011787931214542,3.962822143251233e-06
1789477459,203114178,body,-0.5266495272951957,3.922334269831738e-06,-0.00033139150865043774,1.2661702882455065e-07,-0.001947093136108262,3.609430075539179e-06
1789477459,208762063,body,-0.526283654442719,4.155034454463594e-06,-0.00028525604280531274,2.304969622235815e-07,-0.0018645325596148626,3.2535479717180526e-06
1789477459,214242017,body,-0.5259644360161865,4.373213731458263e-06,-0.00024150675615371712,3.2192855370487024e-07,-0.0017668431556372337,2.8966764096737643e-06
1789477459,219906620,body,-0.5256896399462059,4.574561159851399e-06,-0.00020048111202104402,4.008225531650368e-07,-0.0016566905166864644,2.5402552142954883e-06
1789477459,225354156,body,-0.5254566993044434,4.757106946053761e-06,-0.00016244735794165483,4.6724976908671994e-07,-0.0015366422436462553,2.1856534139946513e-06
1789477459,230815110,body,-0.5252627763451161,4.919219387656132e-06,-0.00012760832298672995,5.214269962280018e-07,-0.001409145097558745,1.8341607971692882e-06
1789477459,236262905,body,-0.5251048238362388,5.059599097543376e-06,-9.610558303309983e-05,5.637024139663565e-07,-0.0012765058566176109,1.486981068262279e-06
1789477459,241698728,body,-0.5249796431703655,5.177269109994984e-06,-6.802390910066455e-05,5.945400687186963e-07,-0.001140875760656894,1.1452271266980072e-06
1789477459,247087238,body,-0.5248839388346068,5.2715623014106195e-06,-4.339592151699615e-05,6.145050043455981e-07,-0.001004238394170998,8.099169432028217e-07
1789477459,256131408,body,-0.5248143689044003,5.34210594199444e-06,-2.2206879851588455e-05,6.242478509249912e-07,-0.0008684008285409394,4.81971270750599e-07
1789477459,262692218,body,-0.5247675913081001,5.388804203579601e-06,-4.399545061305914e-06,6.24490082113853e-07,-0.0007349878216761198,1.622132403025843e-07
1789477459,268643436,body,-0.5247403056857675,5.4118187137293725e-06,1.0120943655333736e-05,6.160091214342841e-07,-0.0006054388545156483,-1.486319380264873e-07
1789477459,274174746,body,-0.5247292907377181,5.411547420490167e-06,2.1482229278147895e-05,5.996245237666036e-07,-0.0004810077698409874,-4.4993544699933875e-07
1789477459,279634643,body,-0.5247314370248048,5.388602871038833e-06,2.9839981479233366e-05,5.761845417306006e-07,-0.00036276476858923356,-7.411625545335861e-07
1789477459,285006888,body,-0.5247437752427634,5.343789212401841e-06,3.5373267323144023e-05,5.465534321455019e-07,-0.00025160051385258206,-1.0218697427977793e-06
1789477459,290523065,body,-0.5247635000474927,5.278078997214476e-06,3.8280085392958444e-05,5.11599846485714e-07,-0.00014823208903350427,-1.2917004906623145e-06
1789477459,295861461,body,-0.5247879895565357,5.192589919979722e-06,3.877309654932712e-05,4.7218586812674767e-07,-5.3210560410874336e-05,-1.5503811576803461e-06
1789477459,301193251,body,-0.5248148206941574,5.088561574964789e-06,3.7075579892423455e-05,4.2915725444949927e-07,3.307010501930549e-05,-1.7977160520164394e-06
1789477459,306561808,body,-0.5248417805833128,4.967332743350116e-06,3.3417638433897514e-05,3.833344161424371e-07,0.000110363005799194,-2.0335818449916656e-06
1789477459,311855788,body,-0.5248668742184492,4.830319372639169e-06,2.8032674827441017e-05,3.3550464517888655e-07,0.00017855738811888534,-2.257922386514724e-06
1789477459,317090054,body,-0.5248883286767403,4.678993278801754e-06,2.1154153304173468e-05,2.8641544129021707e-07,0.0002376670647759407,-2.4707426274915155e-06
1789477459,322645539,body,-0.5249045941447613,4.514862130912157e-06,1.3012659946126874e-05,2.3676870851164596e-07,0.0002878183777181956,-2.6721028699107043e-06
1789477459,327994894,body,-0.5249143420506825,4.339450428662962e-06,3.8332695653792885e-06,1.8721603499498577e-07,0.00032923789867983727,-2.8621125913246937e-06
1789477459,333394511,body,-0.5249164606011428,4.154281800495921e-06,-6.166776759663875e-06,1.3835485343787137e-07,0.0003622400460836601,-3.040925056545587e-06
1789477459,338559928,body,-0.524910048025643,3.9608632278777914e-06,-1.6780082706921714e-05,9.072582299511672e-08,0.0003872147809134927,-3.208731284778842e-06
1789477459,343873579,body,-0.5248944038315448,3.7606698199945494e-06,-2.781079954275976e-05,4.481093346731352e-08,0.00040461552774152923,-3.365754412763427e-06
1789477459,349265240,body,-0.5248690183685973,3.5551322068408752e-06,-3.907602694975772e-05,1.0324126250126436e-09,0.00041494745072149104,-3.5122445363343813e-06
1789477459,356049845,body,-0.524833560994827,3.345624758410091e-06,-5.040692142437155e-05,-4.024732002755403e-08,0.00041875619695780667,-3.6484735464840605e-06
1789477459,364274991,body,-0.5247878671253705,3.1334557186228566e-06,-6.164952437718603e-05,-7.872517197792284e-08,0.00041661720409994776,-3.774730486282689e-06
1789477459,369955925,body,-0.5247319244329136,2.919858943432089e-06,-7.266532470402212e-05,-1.1415622360456095e-07,0.0004091256521266679,-3.891316900220059e-06
1789477459,375237324,body,-0.524665858453717,2.7059869836361056e-06,-8.333157255381513e-05,-1.4635180859205952e-07,0.00039688712366843526,-3.998542899780706e-06
1789477459,380642306,body,-0.5245899178362513,2.492905868513568e-06,-9.354136291157676e-05,-1.751771199812072e-07,0.0003805090229199594,-4.0967234633735764e-06
1789477459,386024528,body,-0.5245044594513923,2.2815912197185206e-06,-0.00010320350882879975,-2.0054863353424038e-07,0.0003605927882090113,-4.186174868448127e-06
1789477459,391457636,body,-0.5244099335643512,2.0729256864152836e-06,-0.00011224222538856151,-2.224305112545265e-07,0.00033772692009489226,-4.267211992650796e-06
1789477459,396695582,body,-0.5243068692481535,1.8676979988554148e-06,-0.0001205966457701767,-2.408313669571646e-07,0.00031248083557243217,-4.3401456071289855e-06
1789477459,402015068,body,-0.5241958601988009,1.6666024770344883e-06,-0.00012822019148610528,-2.558003933295348e-07,0.0002853995461676243,-4.405280114559465e-06
1789477459,407195273,body,-0.5240775510916401,1.4702404800430786e-06,-0.00013507981842505158,-2.674234735039122e-07,0.0002569991486272844,-4.4629116142275826e-06
1789477459,412395461,body,-0.5239526245985465,1.279122212055664e-06,-0.00014115516039920592,-2.7581899438048984e-07,0.00022776310758361456,-4.513326471558143e-06
1789477459,417906642,body,-0.5238217891658924,1.093669763010434e-06,-0.00014643759081399443,-2.8113380975778186e-07,0.00019813930086174132,-4.556800294413498e-06
1789477459,423258348,body,-0.5236857676338523,9.142206167970844e-07,-0.00015092922274238834,-2.835390045452249e-07,0.00016853779294892713,-4.593596694189401e-06
1789477459,428576216,body,-0.5235452867599736,7.410320856800901e-07,-0.00015464186610926155,-2.832259512240892e-07,0.00013932929444489926,-4.623966819887943e-06
1789477459,433781524,body,-0.5234010676919446,5.742861498991383e-07,-0.00015759595993955448,-2.8040224330622775e-07,0.0001108442616966591,-4.6481490764948216e-06
1789477459,439039376,body,-0.5232538174187806,4.1409471602755936e-07,-0.0001598194958111938,-2.7528780311219507e-07,8.337258730620087e-05,-4.666368947766948e-06
1789477459,444208082,body,-0.5231042212143345,2.6050523637949e-07,-0.00016134694754555004,-2.681111933890405e-07,5.7163828894445243e-05,-4.67883926089621e-06
1789477459,449505565,body,-0.5229529360734071,1.135067474371304e-07,-0.0001622182204570694,-2.591063147677636e-07,3.24279220179822e-05,-4.685760198094664e-06
1789477459,455303397,body,-0.5228005851280941,-2.6964271916356608e-08,-0.0001624776318906291,-2.4850895074914627e-07,9.336321900758932e-06,-4.6873200651253315e-06
1789477459,464165774,body,-0.5226477530211129,-1.6101777032450775e-07,-0.00016217293329843913,-2.3655388951534285e-07,-1.197648012599776e-05,-4.683695673564608e-06
1789477459,470148291,body,-0.5224949822027732,-2.8880396829335926e-07,-0.00016135438249961485,-2.2347217618510198e-07,-3.141112191609929e-05,-4.675053224763749e-06
1789477459,475467596,body,-0.5223427701101756,-4.1050746739152373e-07,-0.0001600738731668256,-2.0948863364830168e-07,-4.8901269317001587e-05,-4.661549009452514e-06
1789477459,480775660,body,-0.5221915671798057,-5.26341383667398e-07,-0.00015838412730130786,-1.9481969286545606e-07,-6.44113009550616e-05,-4.643330333794419e-06
1789477459,486079906,body,-0.5220417756390976,-6.365415560108039e-07,-0.00015633795483560153,-1.7967160909034954e-07,-7.793382855114084e-05,-4.620536609765231e-06
1789477459,491581995,body,-0.5218937490178676,-7.41361518426772e-07,-0.0001539875833786229,-1.6423875313125553e-07,-8.948709929490764e-05,-4.593299885858563e-06
1789477459,496833653,body,-0.5217477923170947,-8.410670460080274e-07,-0.0001513840598535436,-1.487023350499917e-07,-9.91123240739698e-05,-4.561746328202221e-06
1789477459,502168225,body,-0.5216041627703958,-9.359317520111461e-07,-0.0001485767245743411,-1.332294004762076e-07,-0.00010687097259503437,-4.525997075508967e-06
1789477459,507329753,body,-0.5214630711320366,-1.026232425798378e-06,-0.00014561275749316188,-1.1797207187265028e-07,-0.00011284207177132876,-4.486168860881802e-06
1789477459,512674744,body,-0.5213246834252362,-1.112245312801076e-06,-0.00014253679527750896,-1.0306690460451312e-07,-0.00011711954169888567,-4.442375346344433e-06
1789477459,518182401,body,-0.5211891230849568,-1.1942423695909658e-06,-0.00013939061716592048,-8.863477366474031e-08,-0.00011980959853599353,-4.394727780287596e-06
1789477459,523500426,body,-0.5210564734307003,-1.2724880101146226e-06,-0.0001362128969811523,-7.478059775770186e-08,-0.0001210282508579254,-4.343335994511614e-06
1789477459,528883563,body,-0.5209267804068715,-1.3472366344844447e-06,-0.00013303901784158454,-6.159366360812045e-08,-0.00012089891160589855,-4.288308966259477e-06
1789477459,534201198,body,-0.520800055530867,-1.4187298838438739e-06,-0.00012990094594508934,-4.9147803856576326e-08,-0.00011955014492374457,-4.2297557154334015e-06
1789477459,539575056,body,-0.5206762789920909,-1.4871949880579715e-06,-0.00012682715921941387,-3.75019025776009e-08,-0.00011711356304458466,-4.167785804449719e-06
1789477459,544881731,body,-0.5205554028487058,-1.5528430040850922e-06,-0.00012384262644449996,-2.670049688400189e-08,-0.00011372188556430749,-4.102510049044759e-06
1789477459,550551556,body,-0.5204373542726742,-1.6158676528627236e-06,-0.00012096883220710714,-1.6774558832969925e-08,-0.00010950716949290881,-4.034040778374834e-06
1789477459,555806355,body,-0.5203220387978506,-1.6764445586587911e-06,-0.00011822384296905586,-7.742197125835639e-09,-0.00010459921659182902,-3.962492410372277e-06
1789477459,563160724,body,-0.5202093435300721,-1.7347304503835215e-06,-0.00011562240946296623,3.902697908308193e-10,-9.912416057630145e-05,-3.887981827379545e-06
1789477459,570812179,body,-0.520099140282638,-1.7908633545443827e-06,-0.00011317610059196025,7.627410301654536e-09,-9.320323508534901e-05,-3.8106283942154435e-06
1789477459,576707567,body,-0.5199912886049716,-1.8449623042327837e-06,-0.00011089346422218216,1.398363456982845e-08,-8.695172026667284e-05,-3.730554280480367e-06
1789477459,582126279,body,-0.5198856386766572,-1.8971278676309589e-06,-0.00010878021021002552,1.9482267934969173e-08,-8.047806492558007e-05,-3.64788471397812e-06
1789477459,587519287,body,-0.5197820340434157,-1.9474425547372077e-06,-0.00010683941124946376,2.415422450401226e-08,-7.388317725346261e-05,-3.5627475725649214e-06
1789477459,592787205,body,-0.5196803141757489,-1.9959716954260397e-06,-0.00010507171742475098,2.803719220784973e-08,-6.725987830502149e-05,-3.4752739417162187e-06
1789477459,598182327,body,-0.5195803168350918,-2.0427642690014586e-06,-0.00010347558036888028,3.117439417127209e-08,-6.0692508667363805e-05,-3.385597484282116e-06
1789477459,603441895,body,-0.5194818802361268,-2.0878540524025517e-06,-0.00010204748343043213,3.361368228069574e-08,-5.4256678932979203e-05,-3.293854627253518e-06
1789477459,608927542,body,-0.5193848449975781,-2.131260763715222e-06,-0.00010078217431500206,3.540656202396336e-08,-4.8019153497132995e-05,-3.200184286690609e-06
1789477459,614222558,body,-0.51928905587718,-2.1729912731322873e-06,-9.96728971839069e-05,3.660705906231617e-08,-4.203785642544237e-05,-3.104727652642143e-06
1789477459,619672592,body,-0.5191943632896249,-2.2130411170836278e-06,-9.871162125091171e-05,3.727103495309868e-08,-3.6361987253468165e-05,-3.007627834036512e-06
1789477459,625153726,body,-0.5191006246091358,-2.251395759069293e-06,-9.788926349158986e-05,3.7455181758138535e-08,-3.1032235531781575e-05,-2.9090296391093867e-06
1789477459,630310169,body,-0.5190077052608544,-2.2880320579527605e-06,-9.71959031732026e-05,3.721644278105302e-08,-2.6081081398876717e-05,-2.809079329057321e-06
1789477459,635752830,body,-0.5189154796074733,-2.322919665194904e-06,-9.662098633810643e-05,3.661118215717564e-08,-2.153317052236227e-05,-2.7079239210094425e-06
1789477459,640983319,body,-0.5188238316395073,-2.3560224443452134e-06,-9.615351864706758e-05,3.569446897805896e-08,-1.7405751434702456e-05,-2.6057113613767665e-06
1789477459,646413695,body,-0.5187326554792596,-2.387299840145817e-06,-9.578224534585966e-05,3.45197518645612e-08,-1.3709164095730023e-05,-2.50258962217329e-06
1789477459,652119555,body,-0.5186418557099004,-2.416708201194044e-06,-9.549581720831753e-05,3.313805632594588e-08,-1.0447368557558635e-05,-2.398706643458822e-06
1789477459,657761587,body,-0.5185513475422223,-2.444202036708907e-06,-9.528294186877916e-05,3.159792243751299e-08,-7.618502826104736e-06,-2.2942098758940703e-06
1789477459,663633121,body,-0.5184610568323992,-2.4697352100064496e-06,-9.513251993578277e-05,2.994478063979344e-08,-5.215461222905151e-06,-2.1892459300329374e-06
1789477459,673440797,body,-0.5183709199647706,-2.4932620806900888e-06,-9.50337657181352e-05,2.8220773583021306e-08,-3.2264828332892023e-06,-2.0839600078873637e-06
1789477459,679724844,body,-0.5182808836139449,-2.5147385801159343e-06,-9.497631243793916e-05,2.646453340272659e-08,-1.6357425758032096e-06,-1.978495769712633e-06
1789477459,685855677,body,-0.5181909044007246,-2.534122902202658e-06,-9.495030217219707e-05,2.4711057361779945e-08,-4.239366983030557e-07,-1.8729949298720584e-06
1789477459,691517022,body,-0.5181009484562501,-2.551376671744199e-06,-9.494646080755758e-05,2.2991601912739087e-08,4.311436874843957e-07,-1.7675968771227597e-06
1789477459,697455692,body,-0.5180109909086315,-2.5664654347527413e-06,-9.495615848247728e-05,2.1333599507937295e-08,9.540574189605006e-07,-1.6624382615900242e-06
1789477459,703574548,body,-0.517921015305808,-2.5793594323298694e-06,-9.49714562254666e-05,1.976076139030674e-08,1.1711815513161802e-06,-1.5576530102381168e-06
1789477459,709550968,body,-0.5178310129880208,-2.590034100065128e-06,-9.49851393908502e-05,1.829307288050511e-08,1.110207340719838e-06,-1.453371713986558e-06
1789477459,715639125,body,-0.5177409824225191,-2.5984704549699073e-06,-9.499073888404237e-05,1.6946834566263078e-08,7.996679631847766e-07,-1.349721436699786e-06
1789477459,721689248,body,-0.5176509285124651,-2.6046554978954507e-06,-9.49825409109352e-05,1.5734942408512674e-08,2.6850046500187776e-07,-1.2468256595611175e-06
1789477459,727797531,body,-0.5175608618911508,-2.6085825048702755e-06,-9.495558640307456e-05,1.4666881389640104e-08,-4.543554030539687e-07,-1.144803792539701e-06
1789477459,733826919,body,-0.5174707982117619,-2.610251022735157e-06,-9.490566093371179e-05,1.3749195681623039e-08,-1.3403202164297862e-06,-1.0437714406805023e-06
1789477459,740114917,body,-0.5173807574420618,-2.609667164711141e-06,-9.482927630969197e-05,1.2985296805044358e-08,-2.361499187378259e-06,-9.438396580549096e-07
1789477459,746340152,body,-0.5172907631722999,-2.606843441749608e-06,-9.472364475113049e-05,1.2376031359480599e-08,-3.4909661766615266e-06,-8.451152140277825e-07
1789477459,752814386,body,-0.5172008419438294,-2.6017987927250184e-06,-9.458664678019968e-05,1.1919861017346041e-08,-4.7030093192979745e-06,-7.477003933396294e-07
1789477459,758903613,body,-0.5171110226048511,-2.594558406113265e-06,-9.441679374087629e-05,1.1612864708328158e-08,-5.973337605973306e-06,-6.516928384282552e-07
1789477459,765126699,body,-0.517021335698739,-2.5851535409894284e-06,-9.421318604768716e-05,1.1449371233164542e-08,-7.2792499722407845e-06,-5.571855248058039e-07
1789477459,771182265,body,-0.5169318128896014,-2.573621275581392e-06,-9.397546792201667e-05,1.1421942153209377e-08,-8.599768550804393e-06,-4.6426670553064626e-07
1789477459,777351010,body,-0.5168424864286417,-2.560004229310813e-06,-9.370377973886581e-05,1.1521677518265066e-08,-9.915737397009176e-06,-3.73019911103463e-07
1789477459,787205615,body,-0.5167533886641518,-2.5443502186249644e-06,-9.339870860570499e-05,1.1738516851195958e-08,-1.1209889013387585e-05,-2.835237850543341e-07
1789477459,794913039,body,-0.5166645515971868,-2.5267119653177534e-06,-9.30612381146351e-05,1.206153445068437e-08,-1.2466881028106795e-05,-1.9585238582725596e-07
1789477459,801160874,body,-0.516576006483985,-2.5071465905713867e-06,-9.269269789244292e-05,1.24789644645321e-08,-1.3673304996811004e-05,-1.1007478707976004e-07
1789477459,807396857,body,-0.5164877834858849,-2.4857152753362558e-06,-9.229471364828857e-05,1.2978619004882226e-08,-1.4817670297735223e-05,-2.6255657094262786e-08
1789477459,813493756,body,-0.51639991136635,-2.462482957602067e-06,-9.186915824742657e-05,1.354802370565004e-08,-1.5890365487038436e-05,5.554539185771011e-08
1789477459,819720108,body,-0.5163124172346638,-2.437517624878964e-06,-9.14181044002759e-05,1.4174608973865876e-08,-1.6883599528063425e-05,1.3527298645017395e-07
1789477459,825775825,body,-0.5162253263348068,-2.4108902711805845e-06,-9.094377936767974e-05,1.4845780815483568e-08,-1.7791326364983974e-05,2.1287641643144844e-07
1789477459,831853246,body,-0.5161386618781475,-2.382674066042998e-06,-9.044852199768816e-05,1.5549226992324917e-08,-1.8609154057715347e-05,2.883095547727185e-07
1789477459,838117651,body,-0.5160524449175372,-2.352944292291055e-06,-8.993474255558412e-05,1.6273096587022374e-08,-1.9334242492624798e-05,3.615303403519576e-07
1789477459,844121814,body,-0.5159666942607503,-2.3217777005578736e-06,-8.940488545179041e-05,1.700591269862999e-08,-1.9965190839223177e-05,4.3250136856812144e-07
1789477459,850352521,body,-0.5158814264203809,-2.289252210324497e-06,-8.886139512311248e-05,1.7736837319822293e-08,-2.0501918437664076e-05,5.011892141717139e-07
1789477459,856826371,body,-0.5157966555975176,-2.2554465249926792e-06,-8.830668512755514e-05,1.8455743912116845e-08,-2.0945539359076516e-05,5.675643357991073e-07
1789477459,863179533,body,-0.5157123936960386,-2.220439790819718e-06,-8.774311070682556e-05,1.9153198775507354e-08,-2.1298234991943685e-05,6.316014556577384e-07
1789477459,869490285,body,-0.5156286503644922,-2.1843111726391667e-06,-8.717294455434953e-05,1.9820659119294234e-08,-2.156312487096957e-05,6.932790111186448e-07
1789477459,875580725,body,-0.5155454330625104,-2.147139679261051e-06,-8.659835604798366e-05,2.045036234562464e-08,-2.17441381787606e-05,7.525791280333787e-07
1789477459,881815426,body,-0.5154627471482989,-2.1090036958732533e-06,-8.602139372515318e-05,2.103553396580782e-08,-2.184588720038338e-05,8.094876274376295e-07
1789477459,888110672,body,-0.5153805959845076,-2.0699809566411337e-06,-8.544397093912228e-05,2.1570171483910243e-08,-2.1873544510487106e-05,8.639938411879322e-07
1789477459,894155957,body,-0.5152989810589907,-2.030147961851289e-06,-8.486785461501724e-05,2.204931680399947e-08,-2.1832724505862185e-05,9.160904610279223e-07
1789477459,901023726,body,-0.515217902117806,-1.9895801553848423e-06,-8.429465691880984e-05,2.2468812445299316e-08,-2.1729371151873458e-05,9.657733364532221e-07
1789477459,910966455,body,-0.5151373573075151,-1.9483513766147567e-06,-8.372582960088254e-05,2.28254007599435e-08,-2.1569651802973658e-05,1.013041718972704e-06
1789477459,917305784,body,-0.515057343324099,-1.9065339194522493e-06,-8.316266099977907e-05,2.311666018769049e-08,-2.135985867594945e-05,1.057897798005971e-06
1789477459,923635514,body,-0.5149778555659907,-1.8641983000348766e-06,-8.260627530255303e-05,2.3340988107257585e-08,-2.1106317930431996e-05,1.1003466364729299e-06
1789477459,929720095,body,-0.5148988882890435,-1.8214132551712073e-06,-8.205763395841105e-05,2.3497539333129947e-08,-2.0815307215955888e-05,1.140396179647523e-06
1789477459,935905107,body,-0.5148204347610276,-1.7782453164417273e-06,-8.151753900640478e-05,2.3586247970869763e-08,-2.0492981460223825e-05,1.178057179655169e-06
1789477459,941950840,body,-0.5147424874141067,-1.73475918205632e-06,-8.098663809564672e-05,2.3607648442938945e-08,-2.0145307351504932e-05,1.213342913420738e-06
1789477459,948243737,body,-0.514665037993286,-1.6910173142806465e-06,-8.046543092436131e-05,2.3562880797737154e-08,-1.9778006483011105e-05,1.2462692492721443e-06
1789477459,954754266,body,-0.5145880776995094,-1.6470800585073147e-06,-7.995427696217466e-05,2.345373612882051e-08,-1.939650690164655e-05,1.276854393809141e-06
1789477459,960981903,body,-0.5145115973260771,-1.6030055803795e-06,-7.945340418242317e-05,2.3282357788720262e-08,-1.9005902985666226e-05,1.3051190583567498e-06
1789477459,967230907,body,-0.5144355873873179,-1.5588498419808568e-06,-7.896291858605109e-05,2.30514135474865e-08,-1.8610923433613863e-05,1.3310859749395933e-06
1789477459,973416966,body,-0.5143600382386248,-1.5146666769083746e-06,-7.848281437279434e-05,2.276391567897858e-08,-1.8215906566297046e-05,1.354780193771744e-06
1789477459,979562690,body,-0.5142849401871642,-1.4705076969747574e-06,-7.801298455011533e-05,2.2423273284920528e-08,-1.7824783330385654e-05,1.3762287213292863e-06
1789477459,985962966,body,-0.5142102835928369,-1.4264223827512228e-06,-7.755323174661901e-05,2.2032984837779246e-08,-1.7441066605859406e-05,1.3954606224144506e-06
1789477459,991938582,body,-0.5141360589589921,-1.382458209898902e-06,-7.7103279217652e-05,2.1596935935108698e-08,-1.706784712481745e-05,1.4125066627273682e-06
1789477459,997983523,body,-0.5140622570129001,-1.3386604639923423e-06,-7.666278169239229e-05,2.111893308215919e-08,-1.670779483706504e-05,1.4273996773505438e-06
1789477460,3949889,body,-0.5139888687759155,-1.295072582829761e-06,-7.623133610418448e-05,2.0603102552490318e-08,-1.636316549039942e-05,1.4401740889998587e-06
1789477460,10015284,body,-0.5139158856232878,-1.251735931117574e-06,-7.580849203932265e-05,2.005345760472668e-08,-1.603581174172054e-05,1.4508658746187085e-06
1789477460,16157201,body,-0.5138432993340674,-1.2086900591625365e-06,-7.539376172721017e-05,1.9474124026593333e-08,-1.572719841927064e-05,1.459512738622939e-06
1789477460,25965999,body,-0.5137711021312399,-1.1659727413291168e-06,-7.49866295663776e-05,1.8869175015865408e-08,-1.5438420964548922e-05,1.4661536954202646e-06
1789477460,32755043,body,-0.5136992867126753,-1.1236199091209527e-06,-7.458656112471884e-05,1.8242534737808446e-08,-1.517022699617459e-05,1.4708293669300235e-06
1789477460,39150446,body,-0.5136278462732445,-1.0816658890302924e-06,-7.419301145692886e-05,1.7597991955827818e-08,-1.4923039868815148e-05,1.4735815273967663e-06
1789477460,45517785,body,-0.5135567745187912,-1.040143297268589e-06,-7.380543280970354e-05,1.6939325640581714e-08,-1.4696984447019454e-05,1.4744533210238554e-06
1789477460,52035896,body,-0.5134860656723517,-9.990833039960254e-07,-7.342328160681226e-05,1.6270132011047452e-08,-1.4491913741682459e-05,1.4734890532165126e-06
1789477460,58329047,body,-0.5134157144736388,-9.585154478758126e-07,-7.304602470663473e-05,1.559378699291756e-08,-1.4307436736682718e-05,1.470734061791523e-06
1789477460,64819933,body,-0.5133457161719941,-9.184679899020716e-07,-7.267314494120757e-05,1.4913431928253164e-08,-1.4142946587432e-05,1.4662348146777796e-06
1789477460,71169984,body,-0.5132760665138859,-8.789676586593194e-07,-7.230414594871544e-05,1.4232052584124343e-08,-1.3997648564080015e-05,1.4600387434039295e-06
1789477460,77214503,body,-0.5132067617255135,-8.400399751220197e-07,-7.19385562261338e-05,1.355243822364902e-08,-1.3870588114621833e-05,1.4521941564964179e-06
1789477460,83419703,body,-0.5131377984909983,-8.017090570224279e-07,-7.157593255520942e-05,1.2877114024437792e-08,-1.3760677835541542e-05,1.4427500995815516e-06
1789477460,89585331,body,-0.5130691739272609,-7.639979675723954e-07,-7.121586269466552e-05,1.2208343343108012e-08,-1.3666723890690002e-05,1.431756601860238e-06
1789477460,95675102,body,-0.5130008855558259,-7.269284325168348e-07,-7.085796743622228e-05,1.1548200094330954e-08,-1.3587451076780219e-05,1.419264025536969e-06
1789477460,101921324,body,-0.5129329312723971,-6.905210686308331e-07,-7.050190207710974e-05,1.0898516529070606e-08,-1.3521526470030145e-05,1.4053235565319306e-06
1789477460,108171728,body,-0.5128653093148432,-6.547954665948682e-07,-7.014735729385962e-05,1.0260948827480161e-08,-1.3467581527373419e-05,1.3899869957769767e-06
1789477460,114425184,body,-0.512798018229905,-6.19769967859705e-07,-6.979405949145202e-05,9.636840612041845e-09,-1.3424232879826971e-05,1.373306570453673e-06
1789477460,120771748,body,-0.5127310568394748,-5.854619872957963e-07,-6.944177069255189e-05,9.02737620734544e-09,-1.3390100884316482e-05,1.3553347785977316e-06
1789477460,126917325,body,-0.5126644242066786,-5.518879083866877e-07,-6.909028796443456e-05,8.433578415674215e-09,-1.3363826467981092e-05,1.336124433510962e-06
1789477460,133042548,body,-0.5125981196022743,-5.190630891710607e-07,-6.873944247601313e-05,7.856185240130678e-09,-1.3344086463678105e-05,1.3157288480366287e-06
1789477460,140349731,body,-0.5125321424718543,-4.870018266289471e-07,-6.838909821704738e-05,7.2958264882010095e-09,-1.3329606409757084e-05,1.2942013771866192e-06
1789477460,149738261,body,-0.512466492403931,-4.5571751379590205e-07,-6.803915043314427e-05,6.7529515638502464e-09,-1.3319172135223007e-05,1.2715955224904735e-06
1789477460,156535009,body,-0.5124011690995458,-4.25222574723104e-07,-6.76895238151727e-05,6.227807233605406e-09,-1.3311639070076254e-05,1.2479649364343706e-06
1789477460,162916709,body,-0.5123361723434819,-3.9552849804234027e-07,-6.734017046957997e-05,5.720598651364613e-09,-1.330594000909617e-05,1.2233630405787196e-06
1789477460,169277733,body,-0.5122715019770521,-3.666457553560014e-07,-6.699106779683336e-05,5.2313149493260274e-09,-1.3301091034885798e-05,1.1978433608125074e-06
1789477460,175640510,body,-0.5122071578732381,-3.385838915657242e-07,-6.664221619404834e-05,4.759885764957725e-09,-1.3296195957648789e-05,1.171459403040942e-06
1789477460,181925025,body,-0.5121431399135816,-3.1135161467346226e-07,-6.629363672896476e-05,4.30612464281598e-09,-1.3290449169578227e-05,1.1442643267698013e-06
1789477460,188172925,body,-0.5120794479676045,-2.8495659144873434e-07,-6.594536875544884e-05,3.8697367566107825e-09,-1.3283136980448968e-05,1.1163109850759104e-06
1789477460,194269653,body,-0.5120160818740338,-2.5940559990387917e-07,-6.559746755116565e-05,3.4503998594910777e-09,-1.3273637967342709e-05,1.0876522110610892e-06
1789477460,200403976,body,-0.5119530414248052,-2.347044969755013e-07,-6.525000196392375e-05,3.047706660520993e-09,-1.326142177338296e-05,1.0583400562281967e-06
1789477460,206494823,body,-0.5118903263509251,-2.1085821126846293e-07,-6.490305210100096e-05,2.6612434675096993e-09,-1.3246047165960307e-05,1.0284265454480898e-06
1789477460,212645364,body,-0.5118279363106564,-1.8787078232278147e-07,-6.455670714635349e-05,2.2904859403714448e-09,-1.3227159119059341e-05,9.97962899783369e-07
1789477460,219023686,body,-0.5117658708799181,-1.6574523352308414e-07,-6.421106322726946e-05,1.9348489047629153e-09,-1.3204484704326417e-05,9.67000136018201e-07
1789477460,225251548,body,-0.5117041295446664,-1.4448385084557284e-07,-6.386622139903866e-05,1.5939162510698496e-09,-1.3177829159774971e-05,9.355884782831835e-07
1789477460,231109127,body,-0.5116427116952701,-1.240878556838776e-07,-6.352228580965567e-05,1.2671022760379748e-09,-1.3147070397499099e-05,9.037774334855757e-07
1789477460,237306185,body,-0.5115816166227122,-1.0455760390992768e-07,-6.317936193879099e-05,9.538281371771361e-10,-1.3112153906658648e-05,8.716160511343219e-07
1789477460,243447592,body,-0.5115208435165631,-8.589259227311995e-08,-6.283755503881684e-05,6.53607406124006e-10,-1.307308682153658e-05,8.391524681636147e-07
1789477460,249534905,body,-0.5114603914643602,-6.809142021216522e-08,-6.249696869174062e-05,3.6587501287523673e-10,-1.3029931964100009e-05,8.064342619509407e-07
1789477460,256040811,body,-0.5114002594527172,-5.115178064727915e-08,-6.215770355955013e-05,9.013719452215873e-11,-1.298280171666753e-05,7.735080106956918e-07
1789477460,266148248,body,-0.5113404463694035,-3.5070488676499e-08,-6.181985626022982e-05,-1.7405520673342155e-10,-1.2931851929011767e-05,7.404195465438942e-07
1789477460,273092116,body,-0.511280951006728,-1.9843580987154872e-08,-6.148351841704822e-05,-4.272154914740954e-10,-1.2877275783265537e-05,7.072136202799575e-07
1789477460,279443574,body,-0.5112217720659267,-5.466093870915854e-09,-6.114877587193687e-05,-6.697879556906201e-10,-1.281929766326498e-05,6.739343121325762e-07
1789477460,286191486,body,-0.5111629081622961,8.067588225469744e-09,-6.0815708036440905e-05,-9.02100075981995e-10,-1.2758167533501053e-05,6.40624601015546e-07
1789477460,292694509,body,-0.5111043578309851,2.0764035731307793e-08,-6.048438736386981e-05,-1.1246212151090074e-09,-1.2694155258101027e-05,6.073264888251948e-07
1789477460,299068781,body,-0.5110461195335395,3.2630542971783876e-08,-6.015487901598068e-05,-1.337662853346244e-09,-1.2627545260650377e-05,5.740809560844776e-07
1789477460,305627395,body,-0.5109881916645468,4.3675254192038066e-08,-5.982724059428961e-05,-1.5415251481840797e-09,-1.2558631654771498e-05,5.409280285289492e-07
1789477460,312057228,body,-0.5109305725589722,5.3906951738447646e-08,-5.950152202907362e-05,-1.7364702225198532e-09,-1.2487713467926773e-05,5.079064151780525e-07
1789477460,318721382,body,-0.5108732604991928,6.333527255131075e-08,-5.917776557017749e-05,-1.9228043931954127e-09,-1.2415090566909919e-05,4.750539324250596e-07
1789477460,324876492,body,-0.5108162537225821,7.19705359052111e-08,-5.8856005854715794e-05,-2.1006693981968263e-09,-1.234105968990539e-05,4.4240723539899993e-07
1789477460,331288367,body,-0.510759550428608,7.982373823249126e-08,-5.853627009937387e-05,-2.2703543544580923e-09,-1.2265910950398197e-05,4.1000175129606453e-07
1789477460,337841832,body,-0.5107031487862298,8.690653662065369e-08,-5.821857834318648e-05,-2.43196495168417e-09,-1.218992498389864e-05,3.778719303471027e-07
1789477460,344144112,body,-0.5106470469407728,9.323126693633664e-08,-5.7902943745579456e-05,-2.5856554194772436e-09,-1.211337016239226e-05,3.460508616395847e-07
1789477460,350832595,body,-0.5105912430206263,9.881081779256508e-08,-5.7589373003303815e-05,-2.731575280061295e-09,-1.2036500447174472e-05,3.145705395800073e-07
1789477460,357314870,body,-0.5105357351437259,1.0365874055243931e-07,-5.727786672250626e-05,-2.8697893846167796e-09,-1.1959553479255492e-05,2.834617151373257e-07
1789477460,363553595,body,-0.5104805214234605,1.077890668282424e-07,-5.696841990951256e-05,-3.000384497461476e-09,-1.188274930483875e-05,2.527539180288298e-07
1789477460,369823251,body,-0.5104255999744182,1.1121639348079806e-07,-5.666102243117699e-05,-3.123462640420202e-09,-1.1806289029716264e-05,2.2247549668929396e-07
1789477460,375922642,body,-0.5103709689172988,1.1395583458665823e-07,-5.6355659539288714e-05,-3.2390800319906973e-09,-1.1730354291922791e-05,1.9265362494236948e-07
1789477460,384335508,body,-0.5103166263838425,1.1602295464670912e-07,-5.605231236663427e-05,-3.347275947091553e-09,-1.1655106704402492e-05,1.6331426202756513e-07
1789477460,393440788,body,-0.5102625705207994,1.1743370577177533e-07,-5.575095845424548e-05,-3.448064915420771e-09,-1.158068774509091e-05,1.34481959422705e-07
1789477460,400280420,body,-0.5102087994937142,1.1820454305249415e-07,-5.545157225734835e-05,-3.541633294315002e-09,-1.1507218880153485e-05,1.0618022940558991e-07
1789477460,406924999,body,-0.5101553114901677,1.1835219965512545e-07,-5.515412566489481e-05,-3.6278373760971034e-09,-1.1434801972554127e-05,7.843108772474448e-08
1789477460,413253488,body,-0.510102104722423,1.1789389841757799e-07,-5.485858844877556e-05,-3.7067763885538535e-09,-1.1363519759436548e-05,5.125579957523164e-08
1789477460,419848270,body,-0.5100491774296638,1.1684694748493182e-07,-5.456492878917962e-05,-3.7785281328700156e-09,-1.1293436682586021e-05,2.467406029765373e-08
1789477460,426293282,body,-0.5099965278797893,1.1522916781011305e-07,-5.427311367002631e-05,-3.843122381083385e-09,-1.1224599789919354e-05,-1.2957759114780574e-09
1789477460,432968075,body,-0.5099441543708605,1.1305856788437709e-07,-5.398310932595459e-05,-3.9005798088800425e-09,-1.1157039835723363e-05,-2.6636263018990302e-08
1789477460,439548166,body,-0.5098920552317407,1.1035323905033602e-07,-5.369488161081957e-05,-3.951002974048694e-09,-1.109077225542547e-05,-5.1331269511020246e-08
1789477460,445627673,body,-0.5098402288230545,1.0713172785497727e-07,-5.340839637957802e-05,-3.994367640349062e-09,-1.1025798635533059e-05,-7.536573188997252e-08
1789477460,452364344,body,-0.5097886735370629,1.0341251746436064e-07,-5.312361978082916e-05,-4.030830243303789e-09,-1.0962107853829953e-05,-9.872611213501985e-08
1789477460,458694275,body,-0.5097373877975486,9.921437098188796e-08,-5.284051856782086e-05,-4.060477098420056e-09,-1.0899677438289134e-05,-1.2139968711931652e-07
1789477460,465055977,body,-0.5096863700596468,9.455604807332697e-08,-5.25590603457576e-05,-4.0833409755962566e-09,-1.0838474927098976e-05,-1.4337509262186212e-07
1789477460,471551758,body,-0.5096356188088057,8.945654394206723e-08,-5.227921379153203e-05,-4.099536597164021e-09,-1.0778459203148087e-05,-1.6464204135179617e-07
1789477460,477548156,body,-0.5095851325601564,8.393477827348648e-08,-5.2000948834159487e-05,-4.10921734925524e-09,-1.0719581771892917e-05,-1.851912985163908e-07
1789477460,484035563,body,-0.5095349098572162,7.800975809774009e-08,-5.172423683274349e-05,-4.112474223628617e-09,-1.066178815912924e-05,-2.0501490607024033e-07
1789477460,490487829,body,-0.5094849492707598,7.170048966213357e-08,-5.144905066117266e-05,-4.109465759579948e-09,-1.0605019042308923e-05,-2.241059251633889e-07
1789477460,496890325,body,-0.5094352493972661,6.502597257328564e-08,-5.1175364826231884e-05,-4.100309261741893e-09,-1.0549211462904435e-05,-2.4245834508612064e-07
1789477460,503632632,body,-0.5093858088575851,5.800518405661429e-08,-5.0903155518234104e-05,-4.08515735245183e-09,-1.0494299993251006e-05,-2.600674718585338e-07
1789477460,514261664,body,-0.50933662629518,5.065696932001323e-08,-5.063240066619946e-05,-4.064178068409458e-09,-1.0440217689120953e-05,-2.7692943084741774e-07
1789477460,521375559,body,-0.5092877003746427,4.30001635391129e-08,-5.036307991375921e-05,-4.037585903631642e-09,-1.0386897111125307e-05,-2.930414887353027e-07
1789477460,528034376,body,-0.5092390297799989,3.505347025685784e-08,-5.0095174644027925e-05,-4.005554136728074e-09,-1.0334271191800014e-05,-3.084018536670847e-07
1789477460,534655228,body,-0.5091906132129933,2.6835462162602817e-08,-4.982866793425222e-05,-3.968244799962051e-09,-1.0282274076047974e-05,-3.230097529700746e-07
1789477460,541066606,body,-0.5091424493916059,1.83645314211781e-08,-4.956354451047349e-05,-3.925916391301182e-09,-1.0230841646267051e-05,-3.368653221474328e-07
1789477460,547287042,body,-0.5090945370482228,9.658992416928554e-09,-4.92997906661687e-05,-3.878696290845532e-09,-1.017991232726884e-05,-3.4996954933340673e-07
1789477460,554224936,body,-0.509046874928411,7.369127438404554e-10,-4.9037394221563066e-05,-3.826860509961389e-09,-1.0129427499276687e-05,-3.623244840562457e-07
1789477460,560782481,body,-0.508999461789203,-8.38380925813287e-09,-4.87763444017449e-05,-3.7706116886089675e-09,-1.0079331984208242e-05,-3.739329729725254e-07
1789477460,567470621,body,-0.5089522963977212,-1.7685508556322236e-08,-4.851663175424681e-05,-3.7101845720110415e-09,-1.0029574330995594e-05,-3.847986398984596e-07
1789477460,573960180,body,-0.5089053775300673,-2.7150744538829935e-08,-4.825824805574238e-05,-3.6457882422798906e-09,-9.98010715976342e-06,-3.949261611368487e-07
1789477460,580265895,body,-0.5088587039699016,-3.6762322456725736e-08,-4.80011861779571e-05,-3.5776606008165026e-09,-9.930887282836989e-06,-4.043207125938157e-07
1789477460,586887063,body,-0.5088122745073586,-4.650331705091971e-08,-4.77454399923413e-05,-3.5060161275963304e-09,-9.881875843519557e-06,-4.1298840497872145e-07
1789477460,593210380,body,-0.5087660879382838,-5.6357013294303034e-08,-4.749100426749466e-05,-3.431095859865354e-09,-9.833038430450461e-06,-4.2093616834811856e-07
1789477460,600024757,body,-0.5087201430630347,-6.630704722636194e-08,-4.723787453312739e-05,-3.353198503141449e-09,-9.784344997664637e-06,-4.2817158779701315e-07
1789477460,606277514,body,-0.5086744386858058,-7.633734182202554e-08,-4.6986046985096356e-05,-3.272439517837939e-09,-9.735769825735906e-06,-4.3470287677975487e-07
1789477460,612616799,body,-0.5086289736140684,-8.643214365903691e-08,-4.6735518375709476e-05,-3.1891041544847894e-09,-9.687291492914318e-06,-4.405389992841373e-07
1789477460,619124154,body,-0.5085837466578789,-9.657593173197065e-08,-4.648628590498759e-05,-3.1034454133231353e-09,-9.638892577579005e-06,-4.456895321353644e-07
1789477460,625274391,body,-0.5085387566293005,-1.067535935042229e-07,-4.623834711591098e-05,-3.0156773797814456e-09,-9.590559591632128e-06,-4.5016469608152765e-07
1789477460,634725347,body,-0.508494002342333,-1.1695034938437801e-07,-4.5991699826369896e-05,-2.925993004375503e-09,-9.542282676296092e-06,-4.5397524255344137e-07
1789477460,643482293,body,-0.5084494826123258,-1.2715174117724764e-07,-4.574634200677474e-05,-2.834555212045697e-09,-9.494055468883807e-06,-4.571325247177811e-07
1789477460,650405129,body,-0.5084051962560141,-1.373436640912137e-07,-4.550227172369735e-05,-2.7417111804032935e-09,-9.445874693127602e-06,-4.5964846419951046e-07
1789477460,657408365,body,-0.5083611420912344,-1.4751234087913454e-07,-4.525948705655948e-05,-2.6476037866425706e-09,-9.39773999708964e-06,-4.615353711730352e-07
1789477460,663841190,body,-0.5083173189369777,-1.5764449747066943e-07,-4.501798603567112e-05,-2.5524313679884776e-09,-9.349653640075333e-06,-4.628061842057123e-07
1789477460,670464686,body,-0.5082737256133721,-1.6772701595079152e-07,-4.4777766577622054e-05,-2.456341180457119e-09,-9.301620248386199e-06,-4.634741749242636e-07
1789477460,676955310,body,-0.508230360941789,-1.7774735323213877e-07,-4.453882644794626e-05,-2.359605914627898e-09,-9.253646267977389e-06,-4.6355302131306194e-07
1789477460,683590291,body,-0.5081872237450561,-1.8769323345024103e-07,-4.430116319361862e-05,-2.2623083825484e-09,-9.205740104351933e-06,-4.6305688760832467e-07
1789477460,689938329,body,-0.5081443128474941,-1.9755287162615228e-07,-4.4064774133101e-05,-2.1647667419395554e-09,-9.157911430882607e-06,-4.6200035996148347e-07
1789477460,696251798,body,-0.5081016270752167,-2.0731474534048538e-07,-4.382965629754825e-05,-2.0670737947450303e-09,-9.11017118993186e-06,-4.603981355160876e-07
1789477460,703585240,body,-0.5080591652564171,-2.169678245996061e-07,-4.3595806447841644e-05,-1.9693555970020255e-09,-9.06253114320356e-06,-4.582655775534935e-07
1789477460,709983539,body,-0.5080169262215969,-2.265014601814489e-07,-4.336322100798945e-05,-1.871770460132464e-09,-9.015003755173243e-06,-4.5561785840050583e-07
1789477460,716732476,body,-0.5079749088038873,-2.3590539337315027e-07,-4.313189610801344e-05,-1.7744799649206393e-09,-8.967601904431632e-06,-4.5247089201295747e-07
1789477460,723375032,body,-0.50793311183935,-2.4516977199039077e-07,-4.2901827530335165e-05,-1.6776779308060598e-09,-8.9203386616353e-06,-4.488405323983903e-07
1789477460,729633065,body,-0.5078915341673511,-2.542851223576637e-07,-4.2673010739014715e-05,-1.5814704652036372e-09,-8.873227087451079e-06,-4.4474293775394234e-07
1789477460,736308072,body,-0.5078501746307383,-2.6324243551074685e-07,-4.2445440884248405e-05,-1.4859259301674752e-09,-8.826280069350232e-06,-4.4019452162309894e-07
1789477460,742732158,body,-0.5078090320763383,-2.720330513471135e-07,-4.221911280071961e-05,-1.391238178327952e-09,-8.77951012731906e-06,-4.3521169090367624e-07
1789477460,749316155,body,-0.5077681053550812,-2.8064880886415183e-07,-4.1994021010971925e-05,-1.2974867027371005e-09,-8.732929389437685e-06,-4.2981118110490223e-07
1789477460,756392431,body,-0.5077273933226045,-2.890818409876899e-07,-4.17701597687735e-05,-1.2047610264119518e-09,-8.68654932986267e-06,-4.240097010918307e-07
1789477460,767818663,body,-0.5076868948390574,-2.9732474762462e-07,-4.154752305926976e-05,-1.1132073062477863e-09,-8.640380631162665e-06,-4.178241373721387e-07
1789477460,774740037,body,-0.5076466087699186,-3.053705250194865e-07,-4.132610460939733e-05,-1.0228773618064036e-09,-8.594433395259694e-06,-4.112714008666092e-07
1789477460,781213696,body,-0.5076065339858357,-3.132125670135455e-07,-4.110589793013947e-05,-9.338752204678084e-10,-8.548716672693487e-06,-4.0436846023405255e-07
1789477460,788057331,body,-0.5075666693630517,-3.20844691655545e-07,-4.0886896336369616e-05,-8.462316684809173e-10,-8.503238734629135e-06,-3.971322907856207e-07
1789477460,794759904,body,-0.5075270137836012,-3.2826107905377214e-07,-4.0669092949756913e-05,-7.601640426941596e-10,-8.458006864131016e-06,-3.8957987673690813e-07
1789477460,801824602,body,-0.5074875661353798,-3.354563883321617e-07,-4.0452480745269106e-05,-6.755521982409187e-10,-8.413027387252153e-06,-3.8172826887597514e-07
1789477460,808491695,body,-0.5074483253125546,-3.4242555437334104e-07,-4.0237052573992734e-05,-5.926035761445147e-10,-8.368305731877208e-06,-3.735942160498136e-07
1789477460,815239756,body,-0.5074092902154554,-3.491640004168368e-07,-4.002280116985495e-05,-5.113080072137798e-10,-8.323846359993086e-06,-3.651948023665848e-07
1789477460,822062627,body,-0.5073704597508085,-3.5566750445512224e-07,-3.9809719189864676e-05,-4.3174310588826503e-10,-8.279652759923213e-06,-3.5654675445319744e-07
1789477460,828172760,body,-0.5073318328318046,-3.6193220579158587e-07,-3.959779923689459e-05,-3.5394989211539735e-10,-8.235727608417973e-06,-3.476667145552658e-07
1789477460,835042223,body,-0.5072934083782968,-3.679546570249034e-07,-3.938703385900017e-05,-2.779982894530249e-10,-8.19207264519977e-06,-3.385712805129302e-07
1789477460,841343542,body,-0.5072551853165858,-3.737317756339178e-07,-3.917741560487468e-05,-2.0390053978088176e-10,-8.148688821731286e-06,-3.292768991692527e-07
1789477460,848003085,body,-0.5072171625797226,-3.7926083969425716e-07,-3.896893701859524e-05,-1.316667151810532e-10,-8.10557633230416e-06,-3.1979985527456853e-07
1789477460,854636238,body,-0.507179339107366,-3.845394765194554e-07,-3.8761590660573414e-05,-6.13546692012213e-11,-8.062734717288384e-06,-3.101563425465174e-07
1789477460,860851913,body,-0.5071417138458543,-3.8956575231306175e-07,-3.8555369130654956e-05,6.987669990114302e-12,-8.020162778755054e-06,-3.003622438391527e-07
1789477460,867291603,body,-0.5071042857481336,-3.943379470932566e-07,-3.835026507761822e-05,7.33522990923839e-11,-7.977858765885257e-06,-2.904333287592124e-07
1789477460,873539372,body,-0.5070670537737935,-3.9885482182181965e-07,-3.814627122095627e-05,1.3767896851342533e-10,-7.935820416047226e-06,-2.8038504939564557e-07
1789477460,879672808,body,-0.5070300168888361,-4.03115378558004e-07,-3.794338034885352e-05,2.0006172110468041e-10,-7.89404501696667e-06,-2.7023286226081744e-07
1789477460,889214972,body,-0.5069931740658897,-4.0711907002760763e-07,-3.7741585328022864e-05,2.6035248776059147e-10,-7.852529465573768e-06,-2.599917376168546e-07
1789477460,897101277,body,-0.5069565242838528,-4.108654928293549e-07,-3.754087914683168e-05,3.186307467900362e-10,-7.81127026688798e-06,-2.4967646140320846e-07
1789477460,903834341,body,-0.50692006652809,-4.143547562799436e-07,-3.734125485333976e-05,3.7488489331343326e-10,-7.770263739412112e-06,-2.3930165969752064e-07
1789477460,910385117,body,-0.5068837997901119,-4.175871776445198e-07,-3.71427056408324e-05,4.2906216731424667e-10,-7.72950597627229e-06,-2.2888150339056845e-07
1789477460,917084545,body,-0.5068477230675931,-4.205633576120071e-07,-3.694522478609634e-05,4.811819288539368e-10,-7.688992874087561e-06,-2.184299923907773e-07
1789477460,923643024,body,-0.5068118353642653,-4.232842617863083e-07,-3.674880568231861e-05,5.312101911660287e-10,-7.648720253980149e-06,-2.0796084239537664e-07
1789477460,929986553,body,-0.506776135689776,-4.257510705811362e-07,-3.655344185298376e-05,5.792561280960419e-10,-7.608683822718406e-06,-1.9748745822351875e-07
1789477460,937134742,body,-0.5067406230596522,-4.279653283437264e-07,-3.635912691158453e-05,6.252500986681432e-10,-7.568879383662252e-06,-1.870228250496052e-07
1789477460,943557768,body,-0.5067052964951404,-4.2992882906928785e-07,-3.616585460171344e-05,6.691557137079782e-10,-7.529302731288418e-06,-1.7657962828413168e-07
1789477460,950578486,body,-0.5066701550230828,-4.316435130272552e-07,-3.5973618772202675e-05,7.110186950886319e-10,-7.489949673396248e-06,-1.6617033350457168e-07
1789477460,957383384,body,-0.5066351976758817,-4.3311177464811845e-07,-3.5782413370595075e-05,7.509180007078339e-10,-7.4508161843187336e-06,-1.5580694221168999e-07
1789477460,963936079,body,-0.5066004234914995,-4.343360846116917e-07,-3.5592232472626694e-05,7.888059826947412e-10,-7.4118982983412015e-06,-1.455012671819035e-07
1789477460,970849458,body,-0.506565831512943,-4.353192589552372e-07,-3.5403070228954094e-05,8.246770994872948e-10,-7.3731923073198084e-06,-1.352645283279828e-07
1789477460,977188896,body,-0.5065314207886371,-4.360642145116703e-07,-3.521492090574267e-05,8.585579680063917e-10,-7.334694564174019e-06,-1.2510776126228763e-07
1789477460,983900997,body,-0.5064971903722472,-4.365742967184578e-07,-3.50277788457855e-05,8.905284382429732e-10,-7.2964017260240615e-06,-1.1504162189535526e-07
1789477460,990299603,body,-0.5064631393222518,-4.36852842754683e-07,-3.4841638491783554e-05,9.205583879225782e-10,-7.258310491066509e-06,-1.0507635314631738e-07
1789477460,996697173,body,-0.5064292667023355,-4.3690350834875334e-07,-3.4656494363334166e-05,9.486631542547833e-10,-7.220417938308415e-06,-9.52217782652052e-08
1789477461,3481595,body,-0.5063955715809597,-4.367301202035895e-07,-3.447234105135099e-05,9.749168787042045e-10,-7.182721187829882e-06,-8.5487507333218e-08
1789477461,11007339,body,-0.5063620530314361,-4.363366713763657e-07,-3.428917322067043e-05,9.992948237253977e-10,-7.145217780489852e-06,-7.588261975512404e-08
1789477461,21531846,body,-0.5063287101318903,-4.357274076749633e-07,-3.4106985600119614e-05,1.021822152555852e-09,-7.10790529600362e-06,-6.641575084136482e-08
1789477461,28087436,body,-0.5062955419651373,-4.3490660432105056e-07,-3.392577298050622e-05,1.0426072769522343e-09,-7.070781566105716e-06,-5.7095487044168145e-08
1789477461,36074327,body,-0.5062625476186637,-4.338787492678028e-07,-3.374553019645738e-05,1.0615620032579898e-09,-7.033844698977797e-06,-4.792958882975678e-08
1789477461,42551409,body,-0.5062297261844331,-4.3264856176001034e-07,-3.35662521509997e-05,1.0788057411342838e-09,-6.997092881626734e-06,-3.89258499501107e-08
1789477461,50029792,body,-0.5061970767591872,-4.312207731704139e-07,-3.338793376875547e-05,1.0943556899615857e-09,-6.960524569733321e-06,-3.009147796979624e-08
1789477461,58041997,body,-0.5061645984439836,-4.2960033377469694e-07,-3.321057002742507e-05,1.1082223178126178e-09,-6.924138463226263e-06,-2.14330787131691e-08
1789477461,66097399,body,-0.5061322903444818,-4.2779225655330603e-07,-3.303415594181881e-05,1.1204605064716246e-09,-6.8879332775803625e-06,-1.29574045496579e-08
1789477461,73762452,body,-0.5061001515707814,-4.2580170148678226e-07,-3.285868654173564e-05,1.131082853693006e-09,-6.851907985839349e-06,-4.670328556265657e-09
1789477461,81601133,body,-0.5060681812372985,-4.236339351690513e-07,-3.268415691612111e-05,1.1401574415680157e-09,-6.816061656525819e-06,3.422467153763736e-09
1789477461,89399517,body,-0.5060363784629969,-4.2129425214307345e-07,-3.251056213414229e-05,1.1476979144136677e-09,-6.780393492502037e-06,1.1315600222032512e-08
1789477461,97349213,body,-0.5060047423711572,-4.1878813003694567e-07,-3.233789732914131e-05,1.153755605103367e-09,-6.744902798767715e-06,1.9004225641708453e-08
1789477461,105456494,body,-0.5059732720893229,-4.161210232986784e-07,-3.216615762888579e-05,1.158344085052109e-09,-6.7095890024495464e-06,2.6483576117883644e-08
1789477461,112445342,body,-0.5059419667496026,-4.1329854060392647e-07,-3.1995338185087574e-05,1.161566779818702e-09,-6.674451591734452e-06,3.374959490694222e-08
1789477461,119367378,body,-0.5059108254882263,-4.10326293861666e-07,-3.182543416546617e-05,1.1634293769964974e-09,-6.639490190257641e-06,4.079857608632198e-08
1789477461,125592382,body,-0.5058798474457936,-4.0721000467524786e-07,-3.1656440743436955e-05,1.1639253466876767e-09,-6.604704389457862e-06,4.7626818173176947e-08
1789477461,132137055,body,-0.505849031767381,-4.039553605020333e-07,-3.148835312250304e-05,1.1631746476741506e-09,-6.570093780772611e-06,5.4231390191334886e-08
1789477461,138537971,body,-0.5058183776020614,-4.0056813731174053e-07,-3.1321166500861974e-05,1.1611839865371224e-09,-6.535658210992619e-06,6.060942776727282e-08
1789477461,144791615,body,-0.5057878841035081,-3.9705415327698835e-07,-3.115487609211558e-05,1.1579977745929139e-09,-6.501397322625876e-06,6.675849285656336e-08
1789477461,155539536,body,-0.5057575504294451,-3.934191674922471e-07,-3.0989477124301606e-05,1.1536637058510878e-09,-6.467310881415335e-06,7.267664035406014e-08
1789477461,162936070,body,-0.5057273757420728,-3.896690816221881e-07,-3.0824964835694515e-05,1.1481661802137452e-09,-6.4333986431123635e-06,7.836202950967465e-08
1789477461,169605411,body,-0.5056973592077123,-3.85809625014926e-07,-3.0661334469264585e-05,1.1416405396416386e-09,-6.399660316838403e-06,8.381333028974798e-08
1789477461,176043371,body,-0.5056674999970192,-3.8184674214280884e-07,-3.0498581282521152e-05,1.1340666819172203e-09,-6.366095660566532e-06,8.90293458730307e-08
1789477461,182643652,body,-0.5056377972848947,-3.7778614522502737e-07,-3.033670055002508e-05,1.1255676793619529e-09,-6.332704331235875e-06,9.400936128804102e-08
1789477461,189119501,body,-0.5056082502505385,-3.7363374052484126e-07,-3.0175687544440897e-05,1.1161011493975973e-09,-6.299486031307162e-06,9.875301459914213e-08
1789477461,195400266,body,-0.5055788580773962,-3.693952255998293e-07,-3.0015537563984855e-05,1.1057268395737657e-09,-6.266440429935332e-06,1.0326006600443534e-07
1789477461,201917804,body,-0.5055496199529989,-3.6507644567170523e-07,-2.9856245916552096e-05,1.0945322262665054e-09,-6.233567119667011e-06,1.0753058434639383e-07
1789477461,208257587,body,-0.5055205350693178,-3.6068306211652305e-07,-2.969780792459145e-05,1.0825314710430989e-09,-6.200865675287546e-06,1.115651047545329e-07
1789477461,214779110,body,-0.5054916026224645,-3.562207759505048e-07,-2.95402189222696e-05,1.0697231681853547e-09,-6.168335693785615e-06,1.1536445767629146e-07
1789477461,221234800,body,-0.5054628218127413,-3.516951963123814e-07,-2.938347426321847e-05,1.056231375163614e-09,-6.135976640033318e-06,1.1892940695672626e-07
1789477461,227390952,body,-0.5054341918446081,-3.4711198773435115e-07,-2.9227569317935897e-05,1.042061314178796e-09,-6.103787904518468e-06,1.2226121603069055e-07
1789477461,234273888,body,-0.5054057119267877,-3.42476611436185e-07,-2.9072499476965713e-05,1.0272081838494663e-09,-6.071769014285577e-06,1.253615457920146e-07
1789477461,240857446,body,-0.5053773812721775,-3.3779453728417506e-07,-2.8918260147389985e-05,1.0117837552407005e-09,-6.039919282106741e-06,1.2823210599439618e-07
1789477461,247182411,body,-0.50534919909776,-3.3307118492025303e-07,-2.8764846756975888e-05,9.958142965932558e-10,-6.0082380307449795e-06,1.3087482842862413e-07
1789477461,253869512,body,-0.505321164624693,-3.2831187766317956e-07,-2.8612254756986804e-05,9.792960680244021e-10,-5.976724646246927e-06,1.332920645472027e-07
1789477461,260149026,body,-0.5052932770782727,-3.235218348951247e-07,-2.8460479618452354e-05,9.623463522234662e-10,-5.9453783092679214e-06,1.3548611696309062e-07
1789477461,266640150,body,-0.505265535687845,-3.1870627538528163e-07,-2.830951683390333e-05,9.44916972147005e-10,-5.914198305934196e-06,1.374597701118888e-07
1789477461,274900566,body,-0.5052379396869843,-3.1387025481774457e-07,-2.8159361923862705e-05,9.270796507714418e-10,-5.883183840214901e-06,1.3921591280030568e-07
1789477461,285089201,body,-0.5052104883131902,-3.090187419498634e-07,-2.8010010433917837e-05,9.08896111239638e-10,-5.852333966199458e-06,1.407575848244282e-07
1789477461,291773090,body,-0.5051831808080302,-3.041567008488644e-07,-2.7861457924278205e-05,8.903692181828317e-10,-5.82164797445626e-06,1.42088087988026e-07
1789477461,298592625,body,-0.5051560164171045,-2.9928886445496044e-07,-2.771369999692984e-05,8.715451256610781e-10,-5.791124870223502e-06,1.4321089951363888e-07
1789477461,305453660,body,-0.5051289943900985,-2.944199661636237e-07,-2.756673226230624e-05,8.525166246467476e-10,-5.760763834156643e-06,1.441294722027134e-07
1789477461,311950426,body,-0.5051021139806235,-2.8955459026228293e-07,-2.7420550371111144e-05,8.332043739451965e-10,-5.730563928117234e-06,1.4484790721268972e-07
1789477461,319068924,body,-0.5050753744462166,-2.846972522791043e-07,-2.7275149994496023e-05,8.136967120401909e-10,-5.700524206193368e-06,1.4536993934117947e-07
1789477461,325596043,body,-0.5050487750483228,-2.798523111798745e-07,-2.713052683254203e-05,7.940719657935396e-10,-5.670643736908441e-06,1.456996164677708e-07
1789477461,332351235,body,-0.5050223150524903,-2.7502402143256767e-07,-2.6986676612800864e-05,7.74266327247437e-10,-5.640921557698226e-06,1.4584138836120166e-07
1789477461,339139455,body,-0.5049959937280158,-2.702165630593731e-07,-2.6843595078326503e-05,7.543858697568143e-10,-5.611356738195612e-06,1.4579957157717482e-07
1789477461,345538276,body,-0.5049698103480148,-2.6543395168269056e-07,-2.670127802848271e-05,7.344578434340809e-10,-5.581948313614971e-06,1.455785292943207e-07
1789477461,352421261,body,-0.5049437641895999,-2.606801191991266e-07,-2.655972125447021e-05,7.144850541316797e-10,-5.552695321393379e-06,1.4518294887441954e-07
1789477461,358730328,body,-0.5049178545335423,-2.5595885366748043e-07,-2.641892059903164e-05,6.944958558073378e-10,-5.523596806738392e-06,1.4461743774520672e-07
1789477461,365216538,body,-0.5048920806646466,-2.5127381122795563e-07,-2.6278871920120443e-05,6.744908350924543e-10,-5.494651758235213e-06,1.4388683647902515e-07
1789477461,371551678,body,-0.504866441871145,-2.4662860109464263e-07,-2.613957111561068e-05,6.545172028326357e-10,-5.465859326563621e-06,1.4299613886266496e-07
1789477461,377779236,body,-0.5048409374453734,-2.420265404953851e-07,-2.6001014094282057e-05,6.346965727042757e-10,-5.437218492537503e-06,1.419501965800733e-07
1789477461,384366346,body,-0.5048155666831667,-2.3747099415250969e-07,-2.5863196798394495e-05,6.148518938521787e-10,-5.408728395733599e-06,1.4075413662726457e-07
1789477461,390570264,body,-0.504790328884215,-2.3296511882720698e-07,-2.5726115200180965e-05,5.952269031818671e-10,-5.380388050272728e-06,1.3941300387634446e-07
1789477461,396448209,body,-0.5047652233517075,-2.2851197450845115e-07,-2.5589765287165356e-05,5.756922964330925e-10,-5.352196610164775e-06,1.3793201414491817e-07
1789477461,406561409,body,-0.5047402493927772,-2.2411441033639955e-07,-2.5454143085473243e-05,5.562664399865409e-10,-5.324153097302669e-06,1.363163299712718e-07
1789477461,413419833,body,-0.5047154063178427,-2.197752571845044e-07,-2.5319244632492506e-05,5.37048744804014e-10,-5.296256734528734e-06,1.3457122714258836e-07
1789477461,419709831,body,-0.5046906934412315,-2.154971765418e-07,-2.51850660020707e-05,5.180475899477949e-10,-5.268506538184497e-06,1.3270198810037772e-07
1789477461,425980978,body,-0.504666110080734,-2.1128261474337266e-07,-2.50516032885421e-05,4.992402709643239e-10,-5.240901715571733e-06,1.3071395079498917e-07
1789477461,432415647,body,-0.5046416555577655,-2.0713399367374386e-07,-2.4918852605719134e-05,4.806507318524131e-10,-5.213441425138634e-06,1.2861228886725983e-07
1789477461,438610612,body,-0.5046173291972041,-2.0305363866047815e-07,-2.47868100992264e-05,4.6231843712926487e-10,-5.186124863083892e-06,1.2640257119855638e-07
1789477461,444820745,body,-0.5045931303275877,-1.9904358633384078e-07,-2.4655471925986442e-05,4.442595789323904e-10,-5.1589511578817255e-06,1.2408988705212266e-07
1789477461,451666051,body,-0.5045690582808826,-1.9510590236586586e-07,-2.452483427386377e-05,4.2647256057189474e-10,-5.131919537926082e-06,1.2167975867687293e-07
1789477461,457876613,body,-0.5045451123925188,-1.9124239188315906e-07,-2.439489335803884e-05,4.0894692045277695e-10,-5.10502919830465e-06,1.191775706534157e-07
1789477461,464158474,body,-0.5045212920016213,-1.8745488848245848e-07,-2.426564540752918e-05,3.917466022364119e-10,-5.078279339655987e-06,1.165885188298638e-07
1789477461,470717688,body,-0.5044975964504058,-1.8374492300771485e-07,-2.4137086674387254e-05,3.748844781851796e-10,-5.05166923589362e-06,1.139179034115409e-07
1789477461,476961204,body,-0.5044740250848362,-1.8011407053541576e-07,-2.4009213433845935e-05,3.582923823145323e-10,-5.025198155379973e-06,1.111710023934691e-07
1789477461,483155150,body,-0.5044505772541094,-1.7656358737666322e-07,-2.38820219783065e-05,3.420609200584485e-10,-4.998865338721487e-06,1.0835304937317782e-07
1789477461,489282588,body,-0.5044272523109747,-1.7309485413654145e-07,-2.375550863065057e-05,3.262251889710863e-10,-4.9726700265244635e-06,1.0546932013262083e-07
1789477461,495314212,body,-0.5044040496113614,-1.6970889044187904e-07,-2.362966971683201e-05,3.1068818524291453e-10,-4.946611575970267e-06,1.0252496387895598e-07
1789477461,501359682,body,-0.5043809685147694,-1.664067141652417e-07,-2.350450160844243e-05,2.9549169990954905e-10,-4.920689240987505e-06,9.952497439798243e-08
1789477461,507483137,body,-0.504358008383931,-1.6318925547275756e-07,-2.338000066887554e-05,2.8071304024855377e-10,-4.894902295489041e-06,9.647458528611746e-08
1789477461,513621119,body,-0.5043351685848831,-1.600572389714179e-07,-2.325616330938568e-05,2.662885634928689e-10,-4.8692500788927444e-06,9.337842172766485e-08
1789477461,522474121,body,-0.5043124484870908,-1.5701132177342555e-07,-2.3132985926328132e-05,2.522556027153699e-10,-4.843731865111161e-06,9.024197488794832e-08
1789477461,531818847,body,-0.504289847463234,-1.540520427622846e-07,-2.301046497480054e-05,2.3860827798168836e-10,-4.818347000222458e-06,8.706957907688944e-08
1789477461,538438697,body,-0.5042673648891907,-1.5117984123818867e-07,-2.2888596898292093e-05,2.2534288891202495e-10,-4.793094801438763e-06,8.386623917926978e-08
1789477461,544892727,body,-0.5042450001442664,-1.4839502981729873e-07,-2.2767378181802383e-05,2.1245909403484197e-10,-4.76797468034108e-06,8.063662701321081e-08
1789477461,551859521,body,-0.5042227526109652,-1.4569781093454054e-07,-2.2646805307772435e-05,1.9998986033054235e-10,-4.742985857552722e-06,7.738546546932659e-08
1789477461,558258531,body,-0.5043745029677827,-3.0533697384795477e-07,-0.003336736440223146,-0.00055783755032774,0.13150375333797465,-4.419412195157722e-05
1789477461,564556098,body,-0.5027308767710478,3.3679546465299227e-06,-0.011629011323616609,0.0002681523904430821,0.3301396891816595,-0.00010276112121896869
1789477461,571290620,body,-0.4948088128821141,9.154727013828009e-06,-0.0222061352566136,0.0005043543015264775,0.43182882885753454,-0.00013713147310193824
1789477461,577662983,body,-0.47706514291311664,5.495918078281312e-06,-0.032202762939210934,0.00017776395798541983,0.43822778978987864,-0.0001546388497180873
1789477461,584268913,body,-0.4484836847119575,-4.7015051372110096e-06,-0.039885116307359254,-0.0001479798306003483,0.39194718033844617,-0.0001567580534605254
1789477461,590453360,body,-0.4098025616451749,-1.335850570866355e-05,-0.0446063423740389,-0.00023218963305676957,0.3274503591672558,-0.000138202313263256
1789477461,596595479,body,-0.36251355723070877,-1.62568471937516e-05,-0.04636003312690056,-0.00014573027655980287,0.26236775025164216,-0.00010429635803328361
1789477461,603529610,body,-0.30825145903541207,-1.4034729283131829e-05,-0.04542035913115992,-3.089032048120456e-05,0.2026465636853757,-6.803592873431437e-05
1789477461,609986957,body,-0.2485433392960672,-9.348194343569416e-06,-0.0421646649826445,3.4857485615029466e-05,0.1488916939704597,-3.85892750259355e-05
1789477461,616696970,body,-0.1847523969993662,-4.423345437801458e-06,-0.037011623408144914,4.718381507407986e-05,0.10024150897422006,-1.7341770737083925e-05
1789477461,623532236,body,-0.11809304662782591,-2.6980764242598677e-07,-0.030401527808106964,3.2980645899118274e-05,0.05593848538676628,-1.2650548209358121e-06
1789477461,629818246,body,-0.0496573239922512,2.995011665325113e-06,-0.022782258708696854,1.620158724444065e-05,0.015636367327663554,1.2764775108530655e-05
1789477461,636087790,body,0.0195665016874308,5.5680048404416765e-06,-0.014592263173775547,6.782631136067686e-06,-0.020742432680425263,2.611988766743423e-05
1789477461,642296843,body,0.08868421334585788,7.596107570607363e-06,-0.006242847085908828,4.335235387957512e-06,-0.053194434688625045,3.873849423827606e-05
1789477461,653608594,body,0.15689111138655268,9.084818072550909e-06,0.0018967686337186818,5.093992856426818e-06,-0.08174337797004971,5.008395192991545e-05
1789477461,660973873,body,0.2234694223009448,9.954369268819586e-06,0.009510026537859186,6.1665352337064005e-06,-0.10647238996810227,5.9767931593016364e-05
1789477461,667533445,body,0.2877860092830217,1.0118434852253985e-05,0.016339257280297566,6.496128299021409e-06,-0.12751589352861176,6.76862495437455e-05
1789477461,674278749,body,0.34928990982395647,9.528156020628768e-06,0.022188246877405265,6.167730923137417e-06,-0.1450402351021329,7.390835036821466e-05
1789477461,680798873,body,0.4075097396729858,8.17992370768489e-06,0.026921909661955443,5.54535007648616e-06,-0.15922726326240982,7.855045205455534e-05
1789477461,687258791,body,0.4620510894539423,6.105943494193236e-06,0.0304636835228602,4.840425311201089e-06,-0.17026451684309832,8.171782292842926e-05
1789477461,693532450,body,0.5125939553940648,3.363232564507222e-06,0.032791123862464404,4.068013887544217e-06,-0.17834088003307505,8.350172761697278e-05
1789477461,700086640,body,0.5588901453067256,2.6795947021320584e-08,0.0339300945778156,3.1550275630174603e-06,-0.18364549407764455,8.39934128470235e-05
1789477461,706983944,body,0.6007605443409962,-3.813799942343504e-06,0.03394792169348041,2.0355861573739355e-06,-0.1863681893387043,8.329338122423002e-05
1789477461,714884384,body,0.638092115518574,-8.056866380757511e-06,0.03294586067651714,6.869579768741799e-07,-0.18670042751491017,8.151241963129461e-05
1789477461,723167134,body,0.6708345316534858,-1.2591501090958168e-05,0.031051215109199486,-8.748920451472466e-07,-0.18483625168055087,7.8768423762812e-05
1789477461,731547451,body,0.6989963716446319,-1.7301180899112743e-05,0.02840942564863552,-2.611048192937761e-06,-0.18097299876413467,7.518274554563551e-05
1789477461,739817391,body,0.7226408547533986,-2.2067651275434973e-05,0.025176422264933086,-4.471303611283876e-06,-0.1753116372413369,7.087741609036612e-05
1789477461,748252020,body,0.7418811256666581,-2.6774689086882544e-05,0.021511499202144412,-6.399573952197171e-06,-0.16805664394446107,6.597313987910876e-05
1789477461,756610121,body,0.7568751379663761,-3.1311488796333675e-05,0.01757093100281866,-8.336164612394256e-06,-0.1594153745287736,6.0587672585289154e-05
1789477461,764323631,body,0.7678202122806073,-3.557556843774557e-05,0.013502500022060354,-1.0219671262490195e-05,-0.14959692515638015,5.483438844232297e-05
1789477461,771106720,body,0.7749473666545035,-3.9475159177520954e-05,0.009441052830289133,-1.198945463345011e-05,-0.13881052629297452,4.8821027815733846e-05
1789477461,777209144,body,0.778515529835573,-4.2931059450211355e-05,0.005505147351053457,-1.3588444162002999e-05,-0.1272635479597962,4.264866121461583e-05
1789477461,787004179,body,0.7788057531412985,-4.5877945297918645e-05,0.001794797640934125,-1.4965751997507824e-05,-0.11515922545286325,3.6410888643417334e-05
1789477461,795646057,body,0.7761155339541712,-4.826514209396175e-05,-0.0016097278504813798,-1.607876909212328e-05,-0.10269423344043846,3.019326265555159e-05
1789477461,802513548,body,0.7707533548323778,-5.0056884661116e-05,-0.004648142944483144,-1.6894640847843878e-05,-0.09005624386621906,2.4072909595478723e-05
1789477461,809133598,body,0.7630335283134376,-5.123211242816224e-05,-0.007279538816133167,-1.7391144671975033e-05,-0.07742159954994997,1.8118324522161166e-05
1789477461,815999433,body,0.7532714204575665,-5.1783860957991554e-05,-0.009481085463762256,-1.7557022897739587e-05,-0.06495322191460082,1.2389316180381496e-05
1789477461,822632670,body,0.741779107765517,-5.171831935002769e-05,-0.011246200867707635,-1.7391824750420614e-05,-0.052798849751048524,6.937082370607322e-06
1789477461,829164562,body,0.7288615038063413,-5.105362746452546e-05,-0.012582351747929108,-1.6905310410965932e-05,-0.041089678839197855,1.8043971966206651e-06
1789477461,835817249,body,0.7148129749074555,-4.981848435330818e-05,-0.013508642912026976,-1.611648200540646e-05,-0.029939442457201,-2.974106855325928e-06
1789477461,842166044,body,0.6999144493938636,-4.805063537855745e-05,-0.014053337533358955,-1.5052316074507248e-05,-0.019443943239408294,-7.371577854400668e-06
1789477461,848598881,body,0.6844310125634504,-4.5795299690742205e-05,-0.014251430444941803,-1.3746282046626077e-05,-0.009681020100981803,-1.1368515848113677e-05
1789477461,855474295,body,0.6686099699576792,-4.310359046002524e-05,-0.014142372899857064,-1.2236736841686515e-05,-0.0007109120478107766,-1.4952292048725617e-05
1789477461,861967427,body,0.6526793544060896,-4.003097284615929e-05,-0.013768022328680005,-1.0565278747153402e-05,0.007423035157130559,-1.811662602363833e-05
1789477461,869066673,body,0.6368468474812627,-3.663579556688645e-05,-0.01317086622064606,-8.775141742985487e-06,0.01469338289702396,-2.0861033462670974e-05
1789477461,875483445,body,0.6212990830200399,-3.297792344241787e-05,-0.012392546780253595,-6.909694438788538e-06,0.021087400925715868,-2.319025309524875e-05
1789477461,882151812,body,0.6062012988333261,-2.911749109623334e-05,-0.011472693446511164,-5.011099084273083e-06,0.02660572085092991,-2.5113664137604664e-05
1789477461,888668662,body,0.5916973022655935,-2.5113791507742088e-05,-0.010448054277429635,-3.1191668569926876e-06,0.0312609011478479,-2.664470321333098e-05
1789477461,894819311,body,0.5779097155464507,-2.1024305796687814e-05,-0.009351904805442278,-1.2704316710116102e-06,0.035075954846479386,-2.7800289001668674e-05
1789477461,901014188,body,0.5649404676456397,-1.6903877807299156e-05,-0.008213704180969346,5.025482990754503e-07,0.03808288174917243,-2.8600261923866528e-05
1789477461,907596513,body,0.5528715004084669,-1.2804030939944071e-05,-0.0070589629535989734,2.171667578853995e-06,0.040321237680214256,-2.9066846263575576e-05
1789477461,917915826,body,0.5417656579913148,-8.77242257800197e-06,-0.0059092842726334435,3.713542497500308e-06,0.041836764623936824,-2.9224138567693293e-05
1789477461,924672101,body,0.5316677299543432,-4.8524286033928895e-06,-0.0047825401312525774,5.109595070798679e-06,0.04268009817301854,-2.909762736004359e-05
1789477461,931150090,body,0.5226056197733006,-1.0828483135669154e-06,-0.0036931460211355313,6.345977939994234e-06,0.042905562683746595,-2.8713746779709727e-05
1789477461,937713875,body,0.5145916119925578,2.5022808837160617e-06,-0.00265240051401403,7.413368842122671e-06,0.04257005993427802,-2.8099466066044556e-05
1789477461,944160817,body,0.5076237127552411,5.8737704997638994e-06,-0.0016688603887330053,8.306664033669767e-06,0.04173205375544739,-2.728191564905601e-05
1789477461,951443766,body,0.5016870400353013,9.007281314690523e-06,-0.0007487265777239966,9.024598165450245e-06,0.04045065083243836,-2.6288049838764476e-05
1789477461,958154106,body,0.49675524155588735,1.18832493853587e-05,0.00010377892507560564,9.569314929198657e-06,0.038784776402397476,-2.514434687096742e-05
1789477461,964399576,body,0.49279192011933337,1.4486747852289878e-05,0.0008860602478317427,9.94591161525702e-06,0.03679244266950475,-2.3876543246327808e-05
1789477461,971102077,body,0.4897520478890505,1.680729651169859e-05,0.0015968294442392388,1.0161975670323528e-05,0.03453010720561881,-2.250940399250425e-05
1789477461,977319448,body,0.4875833530345797,1.8838628006561232e-05,0.002235829358018455,1.0227129108973711e-05,0.03205211825338417,-2.1066524716627913e-05
1789477461,983669212,body,0.4862276640696754,2.0578420138546222e-05,0.0028036004471721225,1.015259215368044e-05,0.0294102435814383,-1.9570166563039468e-05
1789477461,989812036,body,0.48562219914011884,2.2028002268731586e-05,0.003301291527901465,9.950775915548156e-06,0.026653279295553303,-1.8041120635939672e-05
1789477461,995914107,body,0.48570078944101297,2.3192042741646916e-05,0.0037305120829099338,9.63490987515744e-06,0.02382673474860899,-1.6498601488268074e-05
1789477462,2280107,body,0.48639502782323984,2.407822361488662e-05,0.004093222073872917,9.218707813187484e-06,0.020972589412709235,-1.4960168168486417e-05
1789477462,8158328,body,0.48763533546701243,2.4696908408443352e-05,0.004391654064147771,8.71607429367593e-06,0.018129117290749282,-1.3441670374708927e-05
1789477462,14397876,body,0.4893519412337563,2.5060806729977523e-05,0.0046282618359117615,8.140851831735566e-06,0.01533077416716631,-1.1957218664712301e-05
1789477462,20980015,body,0.4914757699315061,2.5184640707753845e-05,0.0048056895056287005,7.506607067629732e-06,0.012608142756558431,-1.0519177750829442e-05
1789477462,27017935,body,0.4939392372407897,2.5084815760958555e-05,0.004926755322627486,6.826454376545463e-06,0.009987930617116099,-9.138180054699342e-06
1789477462,37041204,body,0.49667695042513704,2.4779099102199043e-05,0.004994444798282897,6.112913137517474e-06,0.0074930155727183445,-7.823158367713332e-06
1789477462,44197409,body,0.49962631519959816,2.4286308648651265e-05,0.00501190847818695,5.3777958398212326e-06,0.005142533337421794,-6.5813953600320936e-06
1789477462,50806154,body,0.5027280502423035,2.3626013763167276e-05,0.004982460463439951,4.6321238952633705e-06,0.0029520020625996035,-5.418589063366008e-06
1789477462,57327132,body,0.5059266118136434,2.281825082178163e-05,0.004909574644340623,3.88606601060855e-06,0.0009334786224910252,-4.338931076939284e-06
1789477462,63792416,body,0.5091705317980909,2.1883254283440506e-05,0.0047968764739000115,3.148897704820672e-06,-0.0009042583844386545,-3.345196236879641e-06
1789477462,69989057,body,0.5124126732087388,2.0841205484440955e-05,0.004648128933699256,2.428977348432641e-06,-0.002555503730306403,-2.4388420401216715e-06
1789477462,76226771,body,0.5156104078030332,1.9712000054335768e-05,0.004467212095144109,1.7337364324168347e-06,-0.004017403309670055,-1.620115417432439e-06
1789477462,82278271,body,0.5187257209537178,1.8515034990269337e-05,0.0042580963297829755,1.0696815402588682e-06,-0.005289718828767706,-8.881645637750778e-07
1789477462,88479118,body,0.5217252493091992,1.7269016780262167e-05,0.004024809756994889,4.4240580257006934e-07,-0.0063745834181291065,-2.411550212590607e-07
1789477462,94473848,body,0.5245802570711675,1.5991790747724054e-05,0.0037714009288097507,-1.4339157257621785e-07,-0.007276251847333492,3.236129014974272e-07
1789477462,100538504,body,0.5272665569165693,1.4700192123398382e-05,0.003501898039652394,-6.838795822568087e-07,-0.008000848717774962,8.095858849406519e-07
1789477462,106631235,body,0.5297643817045753,1.340992003256689e-05,0.0032202661191216998,-1.17606395874785e-06,-0.008556117702712961,1.220841363669201e-06
1789477462,112792006,body,0.5320582131446363,1.2135433041058837e-05,0.002930363729428383,-1.6177516065513818e-06,-0.008951174611210201,1.561973821252503e-06
1789477462,119348742,body,0.5341365735606332,1.0889867223519947e-05,0.002635900659364434,-2.0075105869638963e-06,-0.009196266758311642,1.837985117044045e-06
1789477462,125371561,body,0.5359917867783939,9.684975922233298e-06,0.0023403980000927544,-2.3446270729998977e-06,-0.009302540845759303,2.0541796857561743e-06
1789477462,131357805,body,0.5376197139943231,8.531090373053154e-06,0.002047151821454479,-2.629058839443994e-06,-0.00928182127890775,2.2160661579387207e-06
1789477462,137427201,body,0.5390194702584801,7.437100984683646e-06,0.0017592014582863108,-2.861386428057393e-06,-0.009146400578827894,2.329265471066032e-06
1789477462,143321234,body,0.5401931269300155,6.410457205718115e-06,0.0014793031809269414,-3.0427615311020232e-06,-0.008908843283527288,2.3994267421012184e-06
1789477462,150821898,body,0.5411454051490222,5.457185891626658e-06,0.001209909777666255,-3.174853529481901e-06,-0.008581804475591752,2.432150227916008e-06
1789477462,160069671,body,0.5418833650171092,4.581925651627023e-06,0.0009531563324243472,-3.2597940417523393e-06,-0.008177863820860509,2.4329195407420214e-06
1789477462,166310154,body,0.5424160948003579,3.78797649530002e-06,0.0007108522503327269,-3.3001204108814463e-06,-0.0077093757579090455,2.407040537536527e-06
1789477462,172590122,body,0.542754404069123,3.0773624341909935e-06,0.00048447937432692103,-3.2987182736188228e-06,-0.0071883362401972675,2.359589753564603e-06
1789477462,178805983,body,0.5429105242752463,2.4509058984382037e-06,0.00027519585550219453,-3.2587635142701654e-06,-0.0066262662057621925,2.29537034500148e-06
1789477462,185125818,body,0.5428978198459076,1.9083116140969404e-06,8.38452916639239e-05,-3.1836647449005118e-06,-0.006034111733960736,2.2188760037401932e-06
1789477462,191393079,body,0.542730512450374,1.4482583897967953e-06,-8.902946573125084e-05,-3.0770062712592983e-06,-0.00542216064611156,2.1342623270695133e-06
1789477462,197582712,body,0.5424234206795991,1.0684972727361691e-06,-0.0002431685149740025,-2.9424925286764517e-06,-0.004799975123569605,2.0453258115232773e-06
1789477462,203763220,body,0.5419917169677791,7.659536744495108e-07,-0.0003785738433961656,-2.7838947029388223e-06,-0.004176339747611917,1.955488938028344e-06
1789477462,209825298,body,0.5414507031938431,5.368323570945336e-07,-0.0004954857437347399,-2.6049988999904504e-06,-0.0035592242195208027,1.8677925644767324e-06
1789477462,215856203,body,0.5408156060238524,3.7672357223685766e-07,-0.0005943574382810352,-2.4095587569862586e-06,-0.0029557598939262833,1.7848928655097655e-06
1789477462,221761244,body,0.540101392702242,2.807082827087172e-07,-0.000675828607882182,-2.2012501380716698e-06,-0.0023722291509444765,1.709064678670153e-06
1789477462,227822146,body,0.5393226076717773,2.434622180042291e-07,-0.0007406984718905136,-1.9836307002992067e-06,-0.0018140665546424834,1.6422085267053933e-06
1789477462,233847809,body,0.5384932300986532,2.5935616695917675e-07,-0.0007898989997716238,-1.7601032801173917e-06,-0.0012858706814401805,1.5858626507713107e-06
1789477462,239803938,body,0.5376265521062795,3.225527320376073e-07,-0.0008244687616602545,-1.5338837523270892e-06,-0.0007914254640774976,1.5412178775991086e-06
1789477462,245725100,body,0.5367350772754591,4.2709744136425015e-07,-0.0008455278457343307,-1.3079739755201932e-06,-0.0003337298774339795,1.5091356339062218e-06
1789477462,251824158,body,0.5358304387544673,5.670043420888274e-07,-0.0008542541900707905,-1.085138843464378e-06,8.496520897106296e-05,1.4901693721994754e-06
1789477462,257657450,body,0.5349233361344651,7.363346965146646e-07,-0.0008518615978456254,-8.678887346780566e-07,0.0004631141700919927,1.4845858941998142e-06
1789477462,263661292,body,0.5340234900918132,9.292689436863568e-07,-0.0008395796299591551,-6.584666156989738e-07,0.0007998288849866783,1.4923909677195992e-06
1789477462,273447131,body,0.5331396136659348,1.140170964885747e-06,-0.0008186355006916663,-4.5883930712175005e-07,0.0010948271998601846,1.513353267919594e-06
1789477462,280073324,body,0.5322793989435552,1.363644782442042e-06,-0.0007902380404556434,-2.7069355787131556e-07,0.0013483786245432983,1.5470306617846527e-06
1789477462,286539379,body,0.5314495178405909,1.5945835532349726e-06,-0.0007555637367634992,-9.543589921225194e-08,0.0015612482277734612,1.592796429883855e-06
1789477462,292747579,body,0.5306556356227918,1.8282106647705843e-06,-0.000715744819658892,6.580318766563628e-08,0.00173463962516685,1.649864832492383e-06
1789477462,298806835,body,0.5299024357756236,2.060113514666158e-06,-0.000671859321629672,2.1216230257889855e-07,0.001870137879384647,1.7173166390295106e-06
1789477462,305093102,body,0.5291936548243822,2.2862692531016026e-06,-0.0006249230139649389,3.430385532711573e-07,0.0019696530515124354,1.794124017277248e-06
1789477462,311086356,body,0.5285321257151748,2.5030641977156715e-06,-0.0005758831004337433,4.5807483930737984e-07,0.0020353650617373196,1.879174411678136e-06
1789477462,316989984,body,0.5279198283931692,2.707305784131165e-06,-0.0005256135354974323,5.571441693301792e-07,0.00206967043454943,1.971293023088269e-06
1789477462,323099514,body,0.5273579462545326,2.8962284210736114e-06,-0.00047491182557568524,6.403326276170022e-07,0.002075131424688771,2.0692642866186975e-06
1789477462,329077181,body,0.5268469272027819,3.0674936598846372e-06,-0.0004244971687051812,7.079210606264615e-07,0.0020544279386494426,2.1718517814340068e-06
1789477462,335116525,body,0.5263865481029051,3.219184471798968e-06,-0.0003750097883592619,7.603650355273711e-07,0.002010312590270688,2.2778164905473967e-06
1789477462,340962504,body,0.5259759815010444,3.3497951320821853e-06,-0.0003270113206611854,7.982745539721152e-07,0.0019455691560950708,2.385933196516475e-06
1789477462,346835730,body,0.5256138635565094,3.4582165438877784e-06,-0.0002809861202555159,8.223934576096998e-07,0.0018629746263977127,2.4950060664894864e-06
1789477462,353241267,body,0.5252983622192484,3.5437178202897716e-06,-0.00023734335727886979,8.335785305821972e-07,0.0017652649829962017,2.6038812868048243e-06
1789477462,359246110,body,0.525027244774835,3.60592467210074e-06,-0.00019641978627867764,8.327791234202681e-07,0.001655104774854484,2.711458848898136e-06
1789477462,365428701,body,0.5247979439712808,3.6447951144714934e-06,-0.00015848307676481484,8.210172116092829e-07,0.0015350605078771305,2.8167020537637613e-06
1789477462,371293122,body,0.5246076220345798,3.6605931111571676e-06,-0.00012373560376946125,7.993679343587318e-07,0.0014075778150275228,2.9186457625170108e-06
1789477462,377225548,body,0.5244532319726019,3.6538604466813924e-06,-9.231860555858657e-05,7.689415844449092e-07,0.0012749623298714328,3.0164030771236144e-06
1789477462,386145777,body,0.5243315756583093,3.6253875294938486e-06,-6.431662373452788e-05,7.308664932019526e-07,0.0011393641467726248,3.109169998155794e-06
1789477462,393830138,body,0.52423935827127,3.5761836029613733e-06,-3.9762148792342837e-05,6.862727042186752e-07,0.0010027657166554152,3.196228629764252e-06
1789477462,400057934,body,0.5241732387641687,3.5074465776502815e-06,-1.8640401036197084e-05,6.36277890210562e-07,0.0008669730017116202,3.2769499205553006e-06
1789477462,406098682,body,0.5241298760996299,3.4205331870486e-06,-8.941836944211839e-07,5.819738384016305e-07,0.0007336096855236386,3.3507940005982187e-06
1789477462,412368085,body,0.5241059710822548,3.3169294495728555e-06,1.3571249373749802e-05,5.244149571366349e-07,0.000604114218716042,3.4173099086778684e-06
1789477462,418483005,body,0.524098303681835,3.1982220911248725e-06,2.4883363096937542e-05,4.646079474114338e-07,0.0004797394653509994,3.4761342754408213e-06
1789477462,424735667,body,0.5241037658086379,3.0660711891971047e-06,3.319759456493731e-05,4.035031896042858e-07,0.000361554706263764,3.52698881873719e-06
1789477462,430726311,body,0.524119389564937,2.9221839652024827e-06,3.8692732217846714e-05,3.41987268453107e-07,0.00025044974759199723,3.5696773014489474e-06
1789477462,436914630,body,0.5241423710483198,2.7682903411436676e-06,4.156645828263746e-05,2.8087749988949735e-07,0.00014714088396935356,3.6040818227054246e-06
1789477462,442879183,body,0.5241700898332794,2.6061201220788857e-06,4.203108728846031e-05,2.209172690566222e-07,5.21784634799658e-05,3.6301578237241797e-06
1789477462,448959345,body,0.5242001242978106,2.4373821753967087e-06,4.030952941575547e-05,1.627728887655599e-07,-3.404419235334818e-05,3.6479297718687936e-06
1789477462,455335827,body,0.5242302629986889,2.263745692238998e-06,3.663150308165758e-05,1.070318713974288e-07,-0.00011128075362389989,3.657485247623042e-06
1789477462,461907469,body,0.5242585123296019,2.0868231203907567e-06,3.123001701082264e-05,5.420221654344094e-08,-0.0001794209645946628,3.658969782006636e-06
1789477462,468031585,body,0.5242831007191902,1.908155597192881e-06,2.4338138035472236e-05,4.712596197763078e-09,-0.0002384790627551822,3.6525809238701683e-06
1789477462,473856285,body,0.5243024796466447,1.7292002749575399e-06,1.6186056697121157e-05,-4.1086154082764606e-08,-0.0002885817433513805,3.638562110340215e-06
1789477462,479719048,body,0.5243153217643435,1.5513198437110094e-06,6.998458779991017e-06,-8.291895149710031e-08,-0.00032995586215075963,3.6171971022298874e-06
1789477462,485890462,body,0.5243205164270249,1.3757740301995297e-06,-3.0077928585233126e-06,-1.2058343227646297e-07,-0.00036291605523987503,3.5888040198323616e-06
1789477462,492079269,body,0.5243171629302159,1.2037128059125168e-06,-1.3625665767224492e-05,-1.5394624603877573e-07,-0.0003878524382882821,3.5537296974768533e-06
1789477462,498344666,body,0.5243045617605009,1.0361721909172525e-06,-2.46596575642445e-05,-1.8293909883744036e-07,-0.0004052185314381611,3.5123440082651414e-06
1789477462,507748859,body,0.5242822041573716,8.740710093886035e-07,-3.592719423150108e-05,-2.075540655372496e-07,-0.0004155195396694017,3.4650344465117164e-06
1789477462,514084499,body,0.5242497602772261,7.182097583963607e-07,-4.725973642061164e-05,-2.2783813537413307e-07,-0.0004193011002754005,3.412201643874304e-06
1789477462,520416969,body,0.5242070662422033,5.692711450901437e-07,-5.85036059708827e-05,-2.4388879027196073e-07,-0.0004171385960595227,3.3542540417492848e-06
1789477462,526781016,body,0.5241541103411027,4.2782145795228015e-07,-6.952054733680374e-05,-2.5584764370053275e-07,-0.0004096271110161959,3.291603663538237e-06
1789477462,532978125,body,0.5240910186377041,2.9431395022808006e-07,-8.018804062964769e-05,-2.638955463163109e-07,-0.0003973720965441862,3.224662754935224e-06
1789477462,539752583,body,0.5240180402219207,1.6909269128619156e-07,-9.039938489134605e-05,-2.682466289653289e-07,-0.00038098079468348346,3.153839059133235e-06
1789477462,545876430,body,0.5239355323238419,5.239777602639602e-08,-0.00010006357137081593,-2.691431246067593e-07,-0.0003610544559033293,3.079533396365944e-06
1789477462,552371492,body,0.5238439454899113,-5.5628726994726145e-08,-0.00010910496779967484,-2.668496301723427e-07,-0.00033818137199358975,3.0021364543095667e-06
1789477462,558924816,body,0.5237438090013088,-1.5493631495879916e-07,-0.0001174628351514328,-2.6164803307371064e-07,-0.00031293073473083146,2.9220263748830364e-06
1789477462,565056884,body,0.5236357166944988,-2.4555877255408097e-07,-0.00012509069872989557,-2.538326533081562e-07,-0.00028584731850822326,2.8395665000009825e-06
1789477462,571288917,body,0.5235203133231332,-3.2760675879732085e-07,-0.0001319555953742584,-2.437052404749812e-07,-0.00025744697511643637,2.7551040154668684e-06
1789477462,577210448,body,0.5233982815814553,-4.012598125932315e-07,-0.0001380372182112565,-2.3157086897899078e-07,-0.0002282129200265843,2.668968088843625e-06
1789477462,583332443,body,0.5232703298879895,-4.667585900938162e-07,-0.00014332697986660538,-2.177336485931501e-07,-0.00019859278188893452,2.581469120715102e-06
1789477462,589284869,body,0.5231371810112174,-5.2439665960865e-07,-0.00014782701398940589,-2.0249314903863378e-07,-0.00016899637853466486,2.4928979349990697e-06
1789477462,595182882,body,0.5229995615990969,-5.745127200089811e-07,-0.00015154913414577905,-1.861408067274728e-07,-0.0001397941794427552,2.4035253865283795e-06
1789477462,601190979,body,0.522858192657792,-6.174826730351859e-07,-0.00015451376767552108,-1.6895734955258393e-07,-0.00011131640826705042,2.3136018367545912e-06
1789477462,607026976,body,0.5227137810087481,-6.537120536085914e-07,-0.0001567488809160705,-1.5121000314933953e-07,-8.385273507711795e-05,2.2233578215728572e-06
1789477462,612914367,body,0.5225670117376979,-6.836289788388441e-07,-0.0001582889105688723,-1.3315037287493924e-07,-5.765250734269704e-05,2.133003654563683e-06
1789477462,622011873,body,0.5224185416360568,-7.076769024345868e-07,-0.00015917371464594713,-1.1501260341787026e-07,-3.2925463803095634e-05,2.0427305534366583e-06
1789477462,629250253,body,0.5222689936222893,-7.263086077053495e-07,-0.0001594475546504325,-9.701196851279229e-08,-9.842878097425237e-06,1.952710808416979e-06
1789477462,635438783,body,0.5221189521197442,-7.399798379749059e-07,-0.00015915811925067334,-7.934404562496833e-08,1.1460924476818896e-05,1.863098822320006e-06
1789477462,641774647,body,0.5219689593579687,-7.491440544513907e-07,-0.0001583555980340709,-6.2183656852089e-08,3.088673157432623e-05,1.7740320249814226e-06
1789477462,648165796,body,0.521819512555777,-7.5424739878975e-07,-0.00015709181246086808,-4.5684670710888186e-08,4.8368341903376096e-05,1.6856317869112123e-06
1789477462,654685109,body,0.5216710619371621,-7.557242760976406e-07,-0.0001554194096337869,-2.9979912061994917e-08,6.387025050619547e-05,1.5980042385887822e-06
1789477462,660845861,body,0.5215240095259542,-7.539935481625626e-07,-0.00015339112315552845,-1.5181246189419114e-08,7.738516886476019e-05,1.5112420379456447e-06
1789477462,667034152,body,0.521378708659876,-7.494551265345013e-07,-0.00015105910401284585,-1.380250843658355e-09,8.893142750820925e-05,1.4254248691210237e-06
1789477462,673150252,body,0.5212354641616247,-7.424872331065269e-07,-0.00014847432319068477,1.1351599896524474e-08,9.85503052267677e-05,1.340621339883264e-06
1789477462,679175403,body,0.5210945331020249,-7.334441735130579e-07,-0.00014568604667187138,2.2961522535968204e-08,0.00010630332430616289,1.2568893730362925e-06
1789477462,685186174,body,0.5209561260895648,-7.226546265359045e-07,-0.00014274138248110597,3.3415001711985523e-08,0.00011226955019624996,1.174278083994716e-06
1789477462,691257535,body,0.5208204090198663,-7.10420197765268e-07,-0.00013968489840143175,4.269403040797806e-08,0.00011654292781816336,1.0928281845796345e-06
1789477462,697151458,body,0.5206875052190953,-6.97014817455042e-07,-0.00013655830846046762,5.079659015281087e-08,0.00011922968616575736,1.0125738595725877e-06
1789477462,703447139,body,0.5205574979173644,-6.826842291369937e-07,-0.0001334002253276885,5.773440595868041e-08,0.00012044583481798175,9.335430097555615e-07
1789477462,709694681,body,0.5204304329890789,-6.676461238225528e-07,-0.0001302459754523019,6.353255034007219e-08,0.00012031477788188296,8.557590318668138e-07
1789477462,715689123,body,0.5203063219010376,-6.520903578278824e-07,-0.00012712747308333807,6.822710745455771e-08,0.00011896506117341349,7.792411582774102e-07
1789477462,721616324,body,0.5201851448110878,-6.361796145595935e-07,-0.00012407314910664342,7.186428021893812e-08,0.00011652827059851798,7.04005347878427e-07
1789477462,727582632,body,0.5200668537642162,-6.200505949425615e-07,-0.0001211079302823953,7.449879557097657e-08,0.0001131370925568586,6.300653770861248e-07
1789477462,734334366,body,0.5199513759370132,-6.038149166947724e-07,-0.00011825326420036576,7.619238937828929e-08,0.00010892354481027456,5.574331625320092e-07
1789477462,743440920,body,0.5198386168847352,-5.875607057479153e-07,-0.00011552718533485722,7.701256490290795e-08,0.00010401738518796374,4.861196842741938e-07
1789477462,749779412,body,0.5197284637504492,-5.713542294950037e-07,-0.00011294441731051,7.703108940576878e-08,9.854469964593588e-05,4.1613516745839603e-07
1789477462,756279645,body,0.519620788399297,-5.55241355112106e-07,-0.00011051650669128925,7.632270468466963e-08,9.262667104193293e-05,3.47489824545423e-07
1789477462,762568186,body,0.5195154504461085,-5.392495772789209e-07,-0.00010825198353948285,7.496436665045472e-08,8.637852716364693e-05,2.801942032165542e-07
1789477462,768850346,body,0.5194123001479216,-5.233898812180309e-07,-0.00010615654421691741,7.303353529253005e-08,7.990866308746907e-05,2.1425932584690616e-07
1789477462,774995633,body,0.5193111811388943,-5.076584757547904e-07,-0.00010423325199786133,7.060734037609516e-08,7.331793291953353e-05,1.4969680867864522e-07
1789477462,781174415,body,0.5192119329875308,-4.920389820761882e-07,-0.00010248275129525813,6.776198807480536e-08,6.669910424770755e-05,8.651965591702057e-08
1789477462,787475164,body,0.5191143935614904,-4.76504074361622e-07,-0.00010090349153326679,6.457145535565738e-08,6.013646502499356e-05,2.4741688447124493e-08
1789477462,793753453,body,0.5190184011886197,-4.6101751006200334e-07,-9.94919569967527e-05,6.110718255583228e-08,5.370557494175622e-05,-3.562213627076381e-08
1789477462,799891214,body,0.5189237966065209,-4.4553593254629254e-07,-9.824289913666978e-05,5.7436938488665424e-08,4.7473149495177194e-05,-9.45559103432213e-08
1789477462,805987670,body,0.5188304246962252,-4.300105621192453e-07,-9.714956834673861e-05,5.362482127001424e-08,4.149706625535811e-05,-1.520422513999456e-07
1789477462,812073648,body,0.5187381359990829,-4.1438881922892653e-07,-9.62039422415822e-05,4.97305001647535e-08,3.582648122005179e-05,-2.0806316612579672e-07
1789477462,818283597,body,0.5186467880180903,-3.986159051114595e-07,-9.539694803530059e-05,4.5808964816566454e-08,3.0502043476297036e-05,-2.625995961244938e-07
1789477462,824315042,body,0.5185562463084165,-3.8263610896474486e-07,-9.47186767670214e-05,4.191026819436861e-08,2.5556196004253793e-05,-3.1563198853166346e-07
1789477462,830410716,body,0.518466385362943,-3.663943699289106e-07,-9.415858746876815e-05,3.807943467536039e-08,2.1013550802691594e-05,-3.6714001736723706e-07
1789477462,836413038,body,0.5183770893017597,-3.4983711003542717e-07,-9.370569977206568e-05,3.4356132998438825e-08,1.68913262280553e-05,-4.1710325407629077e-07
1789477462,842273399,body,0.518288252375327,-3.329134448254735e-07,-9.334877355107853e-05,3.077497382358474e-08,1.3199835800119883e-05,-4.655009478527493e-07
1789477462,848309706,body,0.5181997792928411,-3.155761790491893e-07,-9.307647465029747e-05,2.7365367714462807e-08,9.943016543807248e-06,-5.123127395476436e-07
1789477462,857931015,body,0.5181115853884867,-2.9778233244795967e-07,-9.28775259888436e-05,2.415172339970765e-08,7.1189871660273585e-06,-5.575182510209858e-07
1789477462,864867257,body,0.5180235966385165,-2.794940325070739e-07,-9.274084345375057e-05,2.115345266900852e-08,4.72062593230618e-06,-6.010979711862063e-07
1789477462,871216012,body,0.5179357495437498,-2.606787842833141e-07,-9.265565644222642e-05,1.8385413114861024e-08,2.7361593025855887e-06,-6.430329298119039e-07
1789477462,877618601,body,0.5178479908912562,-2.4131012263497084e-07,-9.261161292486237e-05,1.585801756839844e-08,1.149752749729254e-06,-6.833053382398069e-07
1789477462,884014217,body,0.5177602774100658,-2.2136759897613294e-07,-9.259886921625617e-05,1.357754129950863e-08,-5.7904035259297956e-08,-7.218985418176518e-07
1789477462,890305643,body,0.5176725753350584,-2.0083722302195708e-07,-9.260816482775524e-05,1.1546433486688489e-08,-9.090236420087727e-07,-7.587972665416505e-07
1789477462,896263581,body,0.5175848598935275,-1.797113534029863e-07,-9.263088281367606e-05,9.763632959330368e-09,-1.428166136784625e-06,-7.939879656182669e-07
1789477462,902381531,body,0.5174971147279845,-1.5798863275911947e-07,-9.26590962836504e-05,8.224906063584918e-09,-1.6417073933589289e-06,-8.274588063168659e-07
1789477462,908327151,body,0.5174093312685119,-1.3567404352055905e-07,-9.268560182671185e-05,6.923264215070888e-09,-1.5773354325425116e-06,-8.591998045002879e-07
1789477462,914356568,body,0.5173215080677461,-1.1277857478751321e-07,-9.270394065159313e-05,5.849241295649562e-09,-1.263578327623732e-06,-8.892030912299519e-07
1789477462,920415962,body,0.5172336501097121,-8.931896692818577e-08,-9.270840833152072e-05,4.991275212006956e-09,-7.29366409007814e-07,-9.174629984281797e-07
1789477462,926408416,body,0.5171457681042263,-6.531750359379899e-08,-9.269405418148751e-05,4.336051409759366e-09,-3.6313326942715064e-09,-9.439762888545959e-07
1789477462,932412396,body,0.517057877776904,-4.080148319632312e-08,-9.265667121776498e-05,3.868708604090448e-09,8.850567006144923e-07,-9.687418486916262e-07
1789477462,938515555,body,0.5169699991639577,-1.5802948445632834e-08,-9.259277769984846e-05,3.573572547758833e-09,1.908813066267845e-06,-9.917610197556363e-07
1789477462,944397451,body,0.5168821559204583,9.64182547321481e-09,-9.249959139883497e-05,3.433912527741994e-09,3.040722454239601e-06,-1.0130380124852545e-06
1789477462,950284359,body,0.5167943746491089,3.549279801785552e-08,-9.237499745552765e-05,3.432617278534005e-09,4.255084454903107e-06,-1.032578874771203e-06
1789477462,956397760,body,0.5167066842563309,6.170658161552822e-08,-9.22175109918236e-05,3.5522727643873466e-09,5.5276195620333365e-06,-1.0503927088211001e-06
1789477462,962266059,body,0.5166191153408386,8.823698993015061e-08,-9.202623535332796e-05,3.775666625776136e-09,6.835638773800548e-06,-1.066490869747403e-06
1789477462,969741854,body,0.5165316996194853,1.1503550463249534e-07,-9.180081695164705e-05,4.085510543907925e-09,8.158175819222304e-06,-1.0808872619503641e-06
1789477462,978250818,body,0.5164444693939573,1.4205175731878387e-07,-9.154139761722527e-05,4.465221699122121e-09,9.476086416549484e-06,-1.093598251642194e-06
1789477462,984444023,body,0.5163574570609876,1.692339765283413e-07,-9.124856528086188e-05,4.89874712987318e-09,1.0772114486963151e-05,-1.1046423603952062e-06
1789477462,990698531,body,0.5162706946683853,1.9652954577175723e-07,-9.092330374522942e-05,5.370776327390769e-09,1.2030928501049523e-05,-1.11404079367649e-06
1789477462,996873596,body,0.5161842135176288,2.2388525870081678e-07,-9.056694234338972e-05,5.866805291844064e-09,1.3239130471628825e-05,-1.121816731439702e-06
1789477463,3018901,body,0.516098043814175,2.512480051764426e-07,-9.018110599758097e-05,6.3735688663228026e-09,1.4385239592373446e-05,-1.127995516979482e-06
1789477463,9029874,body,0.5160122143646099,2.7856486111773205e-07,-8.976766640338297e-05,6.878633746022876e-09,1.5459653525454976e-05,-1.132604623515298e-06
1789477463,15085899,body,0.515926752320658,3.057837301116617e-07,-8.932869476639059e-05,7.370873035721162e-09,1.645458981507674e-05,-1.1356733623221795e-06
1789477463,21125435,body,0.515841682968246,3.3285341670701594e-07,-8.886641652565683e-05,7.840290117598098e-09,1.736401002703619e-05,-1.137232895997427e-06
1789477463,27113601,body,0.5157570295603078,3.5972416915398e-07,-8.838316851358598e-05,8.278111205645146e-09,1.8183529258890632e-05,-1.1373161962839843e-06
1789477463,33276414,body,0.5156728131912658,3.863477549652402e-07,-8.788135880064147e-05,8.676664789957519e-09,1.8910313456542068e-05,-1.1359578441838739e-06
1789477463,39213471,body,0.5155890527104156,4.1267780296931225e-07,-8.73634294735195e-05,9.02963861613809e-09,1.9542967341658378e-05,-1.1331936924993033e-06
1789477463,45121732,body,0.515505764672091,4.386700268346006e-07,-8.683182255953944e-05,9.331854716539273e-09,2.008141467523706e-05,-1.1290610955711271e-06
1789477463,51587740,body,0.5154229633193916,4.642823025331494e-07,-8.628894921731048e-05,9.579195573421708e-09,2.0526773400800006e-05,-1.1235987593591195e-06
1789477463,57635100,body,0.5153406605985832,4.89474847415789e-07,-8.573716224159274e-05,9.768788000654826e-09,2.088122820413221e-05,-1.1168462063392157e-06
1789477463,63724434,body,0.5152588662012164,5.142103634602106e-07,-8.517873195862532e-05,9.898574015945142e-09,2.1147900938018788e-05,-1.1088441095491769e-06
1789477463,69820901,body,0.5151775876303207,5.384540755948137e-07,-8.46158254401079e-05,9.96760135182553e-09,2.1330722415928948e-05,-1.0996340128627318e-06
1789477463,75768361,body,0.5150968302882077,5.621738229369996e-07,-8.405048900560945e-05,9.975918804704787e-09,2.1434306215177657e-05,-1.0892579712271905e-06
1789477463,82841329,body,0.5150165975822294,5.853399962891154e-07,-8.348463393788671e-05,9.924098375802e-09,2.1463825300057143e-05,-1.0777591322791743e-06
1789477463,95830893,body,0.5149368910455927,6.079256987965824e-07,-8.292002522237688e-05,9.813712650695443e-09,2.1424894238281595e-05,-1.0651807439009723e-06
1789477463,103517359,body,0.5148577104704274,6.299065527758529e-07,-8.23582732068003e-05,9.646939256735014e-09,2.1323456495589223e-05,-1.0515665526713537e-06
1789477463,110581532,body,0.5147790540499391,6.512607630601477e-07,-8.18008280563918e-05,9.426374205576287e-09,2.116567847493077e-05,-1.0369607605015597e-06
1789477463,117818909,body,0.5147009185274807,6.719691161203573e-07,-8.124897664846968e-05,9.155340536611706e-09,2.095785121845579e-05,-1.0214075972547856e-06
1789477463,124768238,body,0.5146232993494376,6.920146816290863e-07,-8.070384190816836e-05,8.837366414760943e-09,2.0706299325905297e-05,-1.0049514893565365e-06
1789477463,131218023,body,0.5145461908201479,7.113830323862294e-07,-8.016638421239372e-05,8.476469384839315e-09,2.0417298560534827e-05,-9.876368366916292e-07
1789477463,137927764,body,0.5144695862564875,7.300618536274511e-07,-7.963740470076096e-05,8.076809981999307e-09,2.0097001779465034e-05,-9.695080957738589e-07
1789477463,144206892,body,0.5143934781401603,7.480410866917691e-07,-7.91175503071906e-05,7.64265410257784e-09,1.9751373403881228e-05,-9.50609487736033e-07
1789477463,150656148,body,0.5143178582661779,7.653126904275486e-07,-7.860732019523171e-05,7.1786906065039755e-09,1.9386132775461162e-05,-9.309849817390696e-07
1789477463,157413239,body,0.514242717885836,7.818704711902463e-07,-7.810707347247225e-05,6.689336356513813e-09,1.90067054098003e-05,-9.106785412701652e-07
1789477463,163826151,body,0.514168047843132,7.977100990665398e-07,-7.761703789128027e-05,6.179167257559685e-09,1.8618183260428822e-05,-8.897334192434749e-07
1789477463,170331110,body,0.5140938387033541,8.128289254002823e-07,-7.713731940340117e-05,5.6526384738286986e-09,1.822529243352539e-05,-8.681927174816644e-07
1789477463,176769433,body,0.5140200808730365,8.272258021008133e-07,-7.666791231117795e-05,5.1141001643182375e-09,1.783236881407548e-05,-8.460991080490485e-07
1789477463,183240954,body,0.5139467647106586,8.409010811979515e-07,-7.620870982603341e-05,4.567764362592486e-09,1.7443340874072145e-05,-8.234945867713925e-07
1789477463,189829294,body,0.5138738806274574,8.538563733853186e-07,-7.575951493874509e-05,4.017687277192624e-09,1.7061719300815672e-05,-8.004207696596622e-07
1789477463,196002561,body,0.5138014191781872,8.660944776031548e-07,-7.532005133640883e-05,3.4676429114545472e-09,1.6690592452758738e-05,-7.769186341993696e-07
1789477463,202084112,body,0.513729371141468,8.776193383131544e-07,-7.488997429110882e-05,2.92115870296515e-09,1.6332628199165435e-05,-7.530285582173474e-07
1789477463,208198811,body,0.5136577275899175,8.884357951694028e-07,-7.446888138785037e-05,2.3815778379333677e-09,1.599008024058756e-05,-7.287901888909041e-07
1789477463,216754972,body,0.513586479949902,8.985496074787049e-07,-7.40563228989662e-05,1.851806153171803e-09,1.56647994464858e-05,-7.042427657699916e-07
1789477463,225917155,body,0.5135156200513935,9.079673195606843e-07,-7.36518118166274e-05,1.334669864786241e-09,1.5358249001981466e-05,-6.794244580559976e-07
1789477463,232398170,body,0.5134451401680863,9.166961609241563e-07,-7.325483335755034e-05,8.325180451124726e-10,1.5071522756526164e-05,-6.543730273225033e-07
1789477463,238619209,body,0.5133750330482824,9.247439223041654e-07,-7.286485393005035e-05,3.475292412082731e-10,1.4805367099735343e-05,-6.291252325073304e-07
1789477463,245126062,body,0.5133052919370067,9.321189662721949e-07,-7.248132947218072e-05,-1.1856610997689886e-10,1.4560204088434633e-05,-6.037172273179094e-07
1789477463,251578395,body,0.51323591058986,9.388301079319148e-07,-7.210371312800261e-05,-5.642080354068174e-10,1.4336157620179695e-05,-5.78184342692965e-07
1789477463,257920733,body,0.5131668832793569,9.448865592574918e-07,-7.173146221940498e-05,-9.88135791327143e-10,1.4133079829907855e-05,-5.525611434021071e-07
1789477463,264229031,body,0.5130982047942269,9.502979129837872e-07,-7.136404450614671e-05,-1.3893633775655636e-09,1.395057918969533e-05,-5.268812382090315e-07
1789477463,270345556,body,0.5130298704324768,9.550739754688074e-07,-7.10009437395205e-05,-1.7672661959686117e-09,1.3788048086681824e-05,-5.011776240286651e-07
1789477463,276446268,body,0.51296187598883,9.59224865245319e-07,-7.064166442828358e-05,-2.121321178348212e-09,1.3644691614500111e-05,-4.754823096221826e-07
1789477463,282734149,body,0.5128942177372522,9.627609572669624e-07,-7.0285735949979e-05,-2.451379953190554e-09,1.3519554930271035e-05,-4.4982653203928297e-07
1789477463,288938235,body,0.5128268924092716,9.656927196422952e-07,-6.993271592279534e-05,-2.75735798962381e-09,1.3411550488376689e-05,-4.2424072005123433e-07
1789477463,296166060,body,0.5127598971687496,9.680308195377577e-07,-6.958219292744716e-05,-3.0394455109394616e-09,1.3319484499296476e-05,-3.987542531942254e-07
1789477463,302487683,body,0.5126932295836784,9.697861306250473e-07,-6.923378854948472e-05,-3.298018767105902e-09,1.3242081886314242e-05,-3.7339577820652144e-07
1789477463,308908949,body,0.5126268875958527,9.709695432030832e-07,-6.888715883457718e-05,-3.5335934187421486e-09,1.3178009825567919e-05,-3.481931335477194e-07
1789477463,314851499,body,0.5125608694887414,9.715921352117876e-07,-6.85419951739044e-05,-3.7467290645358985e-09,1.3125900294689561e-05,-3.231732217468541e-07
1789477463,320815341,body,0.5124951738543007,9.716651044482924e-07,-6.81980246663909e-05,-3.938375672453113e-09,1.3084370128974687e-05,-2.9836204819430475e-07
1789477463,326701239,body,0.512429799559213,9.711996552497458e-07,-6.78550099582906e-05,-4.109309613038767e-09,1.3052040124998049e-05,-2.7378467685047744e-07
1789477463,332653750,body,0.5123647457109628,9.702071985577952e-07,-6.751274874049913e-05,-4.260313570220655e-09,1.3027551889356427e-05,-2.494653279118387e-07
1789477463,341629091,body,0.5123000116243153,9.686991369724105e-07,-6.717107273272499e-05,-4.392634005776302e-09,1.3009582533574638e-05,-2.254274720918791e-07
1789477463,348684342,body,0.512235596788415,9.66687093434404e-07,-6.682984645934888e-05,-4.50715733536301e-09,1.299685831764325e-05,-2.0169346552410743e-07
1789477463,355748640,body,0.512171500835022,9.641826610430194e-07,-6.648896566872217e-05,-4.605093931166173e-09,1.298816559903287e-05,-1.782849248837845e-07
1789477463,362164625,body,0.5121077235080717,9.611976082596599e-07,-6.614835548366779e-05,-4.687416328642819e-09,1.2982360445016618e-05,-1.552224743694141e-07
1789477463,368375106,body,0.5120442646348127,9.577437761991026e-07,-6.58079684628914e-05,-4.755321128281511e-09,1.2978376177726288e-05,-1.3252585996644222e-07
1789477463,374279036,body,0.51198112409881,9.538331625712306e-07,-6.546778237642592e-05,-4.80980269489842e-09,1.2975229595859506e-05,-1.1021395397220349e-07
1789477463,380138207,body,0.5119183018149056,9.494778374867856e-07,-6.51277979932618e-05,-4.852037319680751e-09,1.2972025008109758e-05,-8.830477823663332e-08
1789477463,386332637,body,0.5118557977062537,9.446899689214382e-07,-6.478803671004271e-05,-4.882963530603906e-09,1.2967957407302145e-05,-6.681527664787397e-08
1789477463,392372362,body,0.5117936116836322,9.394818498358876e-07,-6.444853819229332e-05,-4.9036951884883856e-09,1.2962313631680175e-05,-4.57617258353778e-08
1789477463,398538884,body,0.5117317436268727,9.338659758955657e-07,-6.410935800075115e-05,-4.915099528258456e-09,1.2954472861175465e-05,-2.5159282279408427e-08
1789477463,404595438,body,0.5116701933686496,9.278547984628603e-07,-6.377056524681253e-05,-4.9181902808281744e-09,1.2943905133044478e-05,-5.022480725832614e-09
1789477463,410778244,body,0.5116089606805043,9.214610396143478e-07,-6.343224029149087e-05,-4.913725666700539e-09,1.2930169811979568e-05,1.4635364148642766e-08
1789477463,416744377,body,0.5115480452610129,9.146975253114295e-07,-6.309447254350474e-05,-4.9025549028216145e-09,1.291291214286167e-05,3.380155162087719e-08
1789477463,422652412,body,0.5114874467261807,9.075770818622366e-07,-6.275735834460241e-05,-4.8854360708880165e-09,1.2891859743570904e-05,5.2464299089061403e-08
1789477463,428697180,body,0.5114271646018301,9.001127912499612e-07,-6.242099896782323e-05,-4.862987229400388e-09,1.2866818174085516e-05,7.061294967657899e-08
1789477463,434387928,body,0.5113671983180033,8.923177461616416e-07,-6.208549874697693e-05,-4.835935208302409e-09,1.2837665611853194e-05,8.823739274275102e-08
1789477463,440013968,body,0.5113075472051701,8.842051998841041e-07,-6.175096335188723e-05,-4.804718047757782e-09,1.280434790685286e-05,1.0532860004847361e-07
1789477463,445709317,body,0.5112482104921576,8.757884140748498e-07,-6.141749822549596e-05,-4.769924704108658e-09,1.2766872393217478e-05,1.218782849998398e-07
1789477463,453708066,body,0.511189187305666,8.670808843803114e-07,-6.108520712720549e-05,-4.7319441852737674e-09,1.2725302132723487e-05,1.3787906245727712e-07
1789477463,460855689,body,0.5111304766712101,8.58096081037695e-07,-6.075419089191019e-05,-4.691243125018266e-09,1.2679749691992595e-05,1.5332431334007637e-07
1789477463,466574408,body,0.511072077515337,8.488474593529317e-07,-6.042454631892922e-05,-4.648026010209047e-09,1.2630371055139588e-05,1.6820839883949603e-07
1789477463,472292983,body,0.5110139886689817,8.393487459855948e-07,-6.0096365208547705e-05,-4.602737060465597e-09,1.257735944537871e-05,1.825262952465781e-07
1789477463,477902811,body,0.5109562088718114,8.296135040666958e-07,-5.976973359294945e-05,-4.555445084442807e-09,1.2520939481924675e-05,1.962740101772004e-07
1789477463,483430762,body,0.5108987367773844,8.196554376756014e-07,-5.9444731043621595e-05,-4.5064785975193245e-09,1.2461361079306376e-05,2.0944815080929924e-07
1789477463,488856378,body,0.5108415709590156,8.094882263646357e-07,-5.912143021301966e-05,-4.455855105839565e-09,1.2398894204911474e-05,2.2204624130689772e-07
1789477463,494277916,body,0.5107847099161802,7.991255077638773e-07,-5.879989645352139e-05,-4.403827371392591e-09,1.2333823256796608e-05,2.3406648977019764e-07
1789477463,499527143,body,0.5107281520813395,7.885809840602571e-07,-5.8480187554502815e-05,-4.350481503346849e-09,1.2266442271981271e-05,2.455078070398662e-07
1789477463,504950864,body,0.5106718958270471,7.778682003532348e-07,-5.816235365110825e-05,-4.2958101723779114e-09,1.2197050380077916e-05,2.5637013533694687e-07
1789477463,510133658,body,0.5106159394732406,7.670007756669343e-07,-5.784643718508378e-05,-4.239830408368939e-09,1.2125947329088645e-05,2.6665376549687897e-07
1789477463,515281533,body,0.5105602812945872,7.559922137283073e-07,-5.753247302179514e-05,-4.182676777885896e-09,1.2053429799475056e-05,2.763597943978006e-07
1789477463,520386688,body,0.5105049195278004,7.44855889323862e-07,-5.722048857525025e-05,-4.1242660816830886e-09,1.1979787865867199e-05,2.8549020595010627e-07
1789477463,525544065,body,0.51044985237883,7.336051323567567e-07,-5.691050411051044e-05,-4.064617157140712e-09,1.190530212714378e-05,2.940475236517534e-07
1789477463,530678443,body,0.5103950780298523,7.222530898943205e-07,-5.660253302125695e-05,-4.003715430260165e-09,1.1830240840946075e-05,3.020348094554256e-07
1789477463,535863497,body,0.5103405946459901,7.108128386547961e-07,-5.629658222147639e-05,-3.941472901322628e-09,1.1754857875312215e-05,3.094559435384475e-07
1789477463,541029957,body,0.5102864003816967,6.992972569734613e-07,-5.599265255366185e-05,-3.877992432415693e-09,1.167939082907391e-05,3.1631530460292184e-07
1789477463,546150976,body,0.5102324933867702,6.877190998085004e-07,-5.569073927298405e-05,-3.8132191304964836e-09,1.1604059518614964e-05,3.2261781866755057e-07
1789477463,551959457,body,0.510178871811931,6.760908703107455e-07,-5.539083248788692e-05,-3.7470224545978314e-09,1.1529065232930522e-05,3.2836927438518096e-07
1789477463,559941293,body,0.5101255338139796,6.644249657689279e-07,-5.509291768303756e-05,-3.679516070024664e-09,1.1454589316952311e-05,3.3357566473303634e-07
1789477463,565417287,body,0.510072477560453,6.527334725405498e-07,-5.479697626895106e-05,-3.610564825964591e-09,1.1380793414720803e-05,3.3824371650834743e-07
1789477463,570696301,body,0.5100197012338088,6.410283683165084e-07,-5.450298601314811e-05,-3.5402555417360084e-09,1.1307818874277026e-05,3.4238059064490695e-07
1789477463,576043660,body,0.5099672030351164,6.293212360607225e-07,-5.4210921641125584e-05,-3.468579487413545e-09,1.1235787125157091e-05,3.459938754999999e-07
1789477463,581439011,body,0.5099149811872591,6.176235924037331e-07,-5.3920755295629695e-05,-3.395512277745095e-09,1.1164799994797322e-05,3.4909187219468727e-07
1789477463,586886448,body,0.5098630339376359,6.059465554634378e-07,-5.363245701492213e-05,-3.3211383110848016e-09,1.1094940080462864e-05,3.51683028419826e-07
1789477463,592200124,body,0.5098113595604127,5.943010130635963e-07,-5.334599522975194e-05,-3.245339818751816e-09,1.1026271917197469e-05,3.537765168125312e-07
1789477463,597416157,body,0.5097599563582877,5.82697638138631e-07,-5.30613371860048e-05,-3.168303228956304e-09,1.0958842440793085e-05,3.553816099808382e-07
1789477463,602558838,body,0.5097088226638461,5.711466817494113e-07,-5.2778449384423826e-05,-3.0900750238704e-09,1.0892682308948041e-05,3.5650804236568673e-07
1789477463,607676339,body,0.5096579568404883,5.596582759844135e-07,-5.2497297948189926e-05,-3.0106505290974374e-09,1.0827807064785898e-05,3.571662167565084e-07
1789477463,612842252,body,0.5096073572829722,5.482420272607939e-07,-5.2217848971682625e-05,-2.9300650693228945e-09,1.0764218300373035e-05,3.5736647044789226e-07
1789477463,618310234,body,0.5095570224176045,5.369074760198411e-07,-5.1940068874621956e-05,-2.848567086952453e-09,1.0701904655900992e-05,3.571195815276001e-07
1789477463,623903753,body,0.509506950702112,5.256636665782506e-07,-5.166392467520684e-05,-2.76603193798942e-09,1.0640843944681817e-05,3.5643683428900334e-07
1789477463,629566204,body,0.5094571406251951,5.145193532178278e-07,-5.138938422117561e-05,-2.6826858466172936e-09,1.0581003577227286e-05,3.5532944979802034e-07
1789477463,635054138,body,0.5094075907058775,5.034831115454596e-07,-5.1116416455463915e-05,-2.5986750524416606e-09,1.0522342421994478e-05,3.5380916647308787e-07
1789477463,640850582,body,0.5093582994925422,4.925629357571528e-07,-5.084499155874254e-05,-2.5140148016221495e-09,1.0464812146540215e-05,3.5188785038924324e-07
1789477463,646349991,body,0.5093092655618596,4.817667493399079e-07,-5.057508112959756e-05,-2.4288335890503274e-09,1.0408358176740667e-05,3.495775497159236e-07
1789477463,651683629,body,0.5092604875175184,4.7110200021452695e-07,-5.0306658305889085e-05,-2.343219944806968e-09,1.0352921305514084e-05,3.468905235593252e-07
1789477463,659978909,body,0.5092119639887731,4.605758068322843e-07,-5.003969782829685e-05,-2.257400072617541e-09,1.0298438565453854e-05,3.438392308865346e-07
1789477463,665940464,body,0.5091636936290251,4.501949903628472e-07,-4.97741761395974e-05,-2.171480288197061e-09,1.0244844527787633e-05,3.404362694246011e-07
1789477463,671006924,body,0.5091156751141559,4.39966028132536e-07,-4.951007140021252e-05,-2.0855314036933655e-09,1.0192072409271538e-05,3.3669432904377515e-07
1789477463,676271355,body,0.5090679071409608,4.2989510165260476e-07,-4.9247363497264465e-05,-1.9997241573807493e-09,1.0140054763859644e-05,3.3262631390184757e-07
1789477463,681509628,body,0.5090203884254728,4.199879988283014e-07,-4.898603405173689e-05,-1.914156048938065e-09,1.0088724604027322e-05,3.2824513924768396e-07
1789477463,686929013,body,0.5089731177013397,4.102502183559116e-07,-4.8726066361746285e-05,-1.828982333700333e-09,1.0038016080226664e-05,3.235638135967996e-07
1789477463,692110370,body,0.5089260937181541,4.0068692584018044e-07,-4.8467445391958383e-05,-1.7443249996068112e-09,9.987865199205897e-06,3.185953321365825e-07
1789477463,697237297,body,0.5088793152399099,3.9130293307992975e-07,-4.821015766076895e-05,-1.6603904308643437e-09,9.938210353580932e-06,3.133528133005875e-07
1789477463,702395467,body,0.5088327810434199,3.821027761536832e-07,-4.7954191207453715e-05,-1.577167433320325e-09,9.888993107873533e-06,3.078494554264839e-07
1789477463,707617343,body,0.5087864899169008,3.7309065636657607e-07,-4.769953548186676e-05,-1.4947758716574012e-09,9.840158278453277e-06,3.020983414068237e-07
1789477463,712812034,body,0.5087404406585099,3.642704227214554e-07,-4.7446181251640764e-05,-1.4134511094122198e-09,9.791654469764455e-06,2.9611255192912485e-07
1789477463,717924343,body,0.5086946320751332,3.556457223785395e-07,-4.719412050301151e-05,-1.3332220394393499e-09,9.743434328578028e-06,2.899051954064073e-07
1789477463,723042427,body,0.5086490629810769,3.472196824399372e-07,-4.6943346317359834e-05,-1.2541886503056163e-09,9.695454802668385e-06,2.8348932697017756e-07
1789477463,728270202,body,0.5086037321970581,3.3899535748414645e-07,-4.6693852794237484e-05,-1.1764265566674167e-09,9.647677063094496e-06,2.768778729618301e-07
1789477463,733260729,body,0.508558638549147,3.3097539154727484e-07,-4.6445634888282165e-05,-1.1001801556553146e-09,9.600066749569784e-06,2.7008378639056124e-07
1789477463,738417765,body,0.5085137808679054,3.2316210172329365e-07,-4.6198688355512016e-05,-1.0254185595082403e-09,9.552593863866592e-06,2.6311988255894745e-07
1789477463,743619206,body,0.5084691579875746,3.1555764014404337e-07,-4.5953009581020465e-05,-9.521375668782238e-10,9.505232808686464e-06,2.559989001672303e-07
1789477463,748761882,body,0.5084247687454094,3.081637224984441e-07,-4.57085955269081e-05,-8.805395274139605e-10,9.457962115648743e-06,2.487334325038816e-07
1789477463,754746313,body,0.508380611981166,3.0098189624746426e-07,-4.546544358817918e-05,-8.106358698418348e-10,9.410764487481459e-06,2.413360095478171e-07
1789477463,762662250,body,0.5083366865364886,2.940134072723387e-07,-4.522355151320188e-05,-7.425202529619546e-10,9.363626443854743e-06,2.338188226703958e-07
1789477463,768068364,body,0.5082929912547002,2.872592139165538e-07,-4.498291730937414e-05,-6.762308311555386e-10,9.316538208151708e-06,2.2619421533536452e-07
1789477463,773449954,body,0.5082495249804153,2.8071999655265986e-07,-4.474353914201962e-05,-6.117925120861633e-10,9.269493450988672e-06,2.1847416018963779e-07
1789477463,778794479,body,0.5082062865593993,2.743962614846439e-07,-4.4505415273325535e-05,-5.49316857914395e-10,9.22248894050986e-06,2.1067039119313625e-07
1789477463,784362034,body,0.5081632748384121,2.6828816104685847e-07,-4.426854397584801e-05,-4.887378074840777e-10,9.17552432144545e-06,2.0279473665071525e-07
1789477463,789663087,body,0.5081204886652083,2.623956827385313e-07,-4.403292346918409e-05,-4.3017145914309575e-10,9.128601991880027e-06,1.94858577470931e-07
1789477463,794899660,body,0.5080779268885418,2.5671854392313054e-07,-4.3798551858924894e-05,-3.7354742306452157e-10,9.081726490404603e-06,1.8687324901837112e-07
1789477463,800139499,body,0.5080355883582852,2.512562185977627e-07,-4.356542709625051e-05,-3.189552496703125e-10,9.03490447169986e-06,1.78849736957922e-07
1789477463,805422023,body,0.5079934719255065,2.460079650290643e-07,-4.3333546920580764e-05,-2.663535095613455e-10,8.98814423801497e-06,1.7079899252026552e-07
1789477463,810584437,body,0.5079515764427165,2.4097283771029545e-07,-4.310290882555046e-05,-2.1581409744294e-10,8.941455521564694e-06,1.6273150065682494e-07
1789477463,815635628,body,0.5079099007640956,2.3614964469514322e-07,-4.2873510036199514e-05,-1.6732011903461474e-10,8.894849305788634e-06,1.5465768191443974e-07
1789477463,820960447,body,0.5078684437456809,2.3153705436766654e-07,-4.264534749306541e-05,-1.2088139047036945e-10,8.848337379036135e-06,1.4658760379234371e-07
1789477463,826041819,body,0.5078272042457119,2.2713340981371782e-07,-4.2418417805295446e-05,-7.63500996794466e-11,8.801932331238592e-06,1.3853130268350675e-07
1789477463,831091688,body,0.507786181124924,2.2293701803822905e-07,-4.2192717280287824e-05,-3.392269113024556e-11,8.75564690109433e-06,1.3049827212533919e-07
1789477463,836304018,body,0.5077453732468152,2.1894587770779586e-07,-4.196824188065072e-05,6.588495029859926e-12,8.709494302481051e-06,1.2249788792318802e-07
1789477463,841507035,body,0.5077047794780138,2.1515781034783966e-07,-4.174498725957871e-05,4.5102393694571324e-11,8.663487584961337e-06,1.1453925946266593e-07
1789477463,846681577,body,0.50766439868859,2.115705557820782e-07,-4.152294873351191e-05,8.167555832772192e-11,8.61763965487808e-06,1.0663123854050896e-07
1789477463,852033475,body,0.5076242297523356,2.081816287457876e-07,-4.1302121317868056e-05,1.1630231679720291e-10,8.571963152122534e-06,9.878238053170832e-08
1789477463,860117596,body,0.507584271547141,2.049883181661794e-07,-4.108249971864351e-05,1.4896583968083454e-10,8.526470089309616e-06,9.100092217870388e-08
1789477463,865821181,body,0.5075445229552583,2.0198789080305727e-07,-4.08640783625489e-05,1.798601854193836e-10,8.481171994995e-06,8.329477823365906e-08
1789477463,871184372,body,0.5075049828635748,1.991773980857794e-07,-4.06468514052254e-05,2.088951702062286e-10,8.436079727160809e-06,7.567177799643117e-08
1789477463,876391093,body,0.5074656501638949,1.9655368696688522e-07,-4.043081274905232e-05,2.3614485753911587e-10,8.391203182339432e-06,6.813932553166232e-08
1789477463,881598635,body,0.5074265237532803,1.9411356951529798e-07,-4.021595608965672e-05,2.615655681272137e-10,8.34655156427594e-06,6.070444411186275e-08
1789477463,887026700,body,0.5073876025341314,1.9185370104816332e-07,-4.000227489567581e-05,2.8528235224972245e-10,8.302133212970766e-06,5.337406151029871e-08
1789477463,892182561,body,0.5073488854145008,1.8977062734247478e-07,-3.9789762473677174e-05,3.0727142333429126e-10,8.25795531156569e-06,4.615464699618549e-08
1789477463,897376028,body,0.5073103713082732,1.8786070121531188e-07,-3.9578411969033004e-05,3.275977761147812e-10,8.214024309347724e-06,3.905245888597206e-08
1789477463,902573106,body,0.5072720591353053,1.8612025001544478e-07,-3.9368216396364505e-05,3.463330203743279e-10,8.170345630867452e-06,3.207345684561144e-08
1789477463,907955608,body,0.5072339478216047,1.8454551091730123e-07,-3.915916865749028e-05,3.635176400251146e-10,8.126923818048096e-06,2.5223351855003825e-08
1789477463,913058512,body,0.5071960362993698,1.8313250975445957e-07,-3.895126158831519e-05,3.790810315811044e-10,8.083762263731499e-06,1.850738084195549e-08
1789477463,918108169,body,0.5071583235072606,1.81877348675757e-07,-3.8744487941421324e-05,3.9318793421760653e-10,8.040863733485555e-06,1.1930646370092215e-08
1789477463,923329448,body,0.5071208083901982,1.8077592087539836e-07,-3.853884044915656e-05,4.0577877789788535e-10,7.998229991452946e-06,5.497943497478134e-09
1789477463,928411903,body,0.5070834898997655,1.7982407997841838e-07,-3.8334311807431155e-05,4.1698490008416744e-10,7.955862039057362e-06,-7.863068847854711e-10
1789477463,933734054,body,0.5070463669938825,1.790176626128931e-07,-3.8130894742367e-05,4.2679772123376086e-10,7.913760085020008e-06,-6.917872607243652e-09
1789477463,938855070,body,0.5070094386370813,1.783523288242157e-07,-3.7928581965846404e-05,4.352752274408818e-10,7.871923637514282e-06,-1.2892882330365943e-08
1789477463,943937691,body,0.5069727038004223,1.778238347375847e-07,-3.7727366239909385e-05,4.424465052752261e-10,7.830351588536237e-06,-1.8707708960223145e-08
1789477463,949072865,body,0.5069361614614142,1.7742772152417648e-07,-3.752724038231913e-05,4.483405971844345e-10,7.789042169502165e-06,-2.435906846165388e-08
1789477463,955488104,body,0.5068998106040626,1.7715965008840743e-07,-3.732819726138636e-05,4.530131593743248e-10,7.74799319993421e-06,-2.984391550028206e-08
1789477463,962632955,body,0.5068636502187636,1.7701510584917386e-07,-3.7130229829400864e-05,4.5646652325666325e-10,7.707201965338036e-06,-3.5159471189176476e-08
1789477463,967962149,body,0.5068276793022768,1.769895754339825e-07,-3.693333112092624e-05,4.588561925482515e-10,7.666665377072156e-06,-4.030326974109323e-08
1789477463,973139096,body,0.5067918968576326,1.7707862403858855e-07,-3.673749425932172e-05,4.60091170787419e-10,7.626379997887528e-06,-4.527309403142751e-08
1789477463,978637853,body,0.5067563018940696,1.7727767937508224e-07,-3.654271247127113e-05,4.602847138689017e-10,7.586342164048168e-06,-5.0066963435448566e-08
1789477463,983999628,body,0.5067208934269459,1.7758218297745194e-07,-3.6348979093383515e-05,4.594523362826715e-10,7.5465479475849695e-06,-5.468326036051988e-08
1789477463,989215261,body,0.5066856704776239,1.7798755877650878e-07,-3.615628755368686e-05,4.576317377168646e-10,7.506993358356602e-06,-5.9120529308920006e-08
1789477463,994438026,body,0.5066506320733631,1.7848929148886906e-07,-3.596463141097017e-05,4.548339399389615e-10,7.467674164193067e-06,-6.337760454817076e-08
1789477463,999630247,body,0.5066157772473122,1.7908278425184733e-07,-3.577400432686701e-05,4.511320999841657e-10,7.428586179554472e-06,-6.745366119087824e-08
1789477464,4975648,body,0.5065811050382591,1.7976351851241392e-07,-3.558440007342381e-05,4.465771698881269e-10,7.389725178931551e-06,-7.134787545737391e-08
1789477464,10129481,body,0.5065466144906674,1.805269078096413e-07,-3.539581254563519e-05,4.4118451741483305e-10,7.351086964569464e-06,-7.505996313253766e-08
1789477464,15444383,body,0.5065123046544634,1.8136850350203676e-07,-3.520823572769874e-05,4.3497172527873203e-10,7.312667439748264e-06,-7.858969773307717e-08
1789477464,21504944,body,0.5064781745849993,1.8228375106584526e-07,-3.502166373798382e-05,4.2802741054874553e-10,7.2744625699150154e-06,-8.193705040277813e-08
1789477464,27109662,body,0.5064442233429572,1.83268204029473e-07,-3.483609077933357e-05,4.203357907703951e-10,7.236468438203658e-06,-8.51023741911756e-08
1789477464,32321959,body,0.5064104499942145,1.843174021096644e-07,-3.465151115463077e-05,4.119210429745631e-10,7.198681298721094e-06,-8.808612096182669e-08
1789477464,37437694,body,0.5063768536097293,1.8542699210651726e-07,-3.4467919281383926e-05,4.029250075574113e-10,7.161097615408478e-06,-9.088895797365145e-08
1789477464,42579863,body,0.5063434332655573,1.8659257354580502e-07,-3.428530963841926e-05,3.933385144241125e-10,7.1237140253985074e-06,-9.351177118383952e-08
1789477464,47716965,body,0.5063101880426486,1.8780983115029886e-07,-3.410367681711791e-05,3.830613249837433e-10,7.08652724354165e-06,-9.595576850502143e-08
1789477464,53110038,body,0.5062771170268292,1.890745093758155e-07,-3.39230154730576e-05,3.7227297506862354e-10,7.049534401021107e-06,-9.82222056179548e-08
1789477464,61208943,body,0.5062442193087122,1.9038239847089466e-07,-3.37433203435638e-05,3.6099977746969426e-10,7.012732722279639e-06,-1.0031249028824848e-07
1789477464,66795003,body,0.5062114939836538,1.9172934349735854e-07,-3.356458623136869e-05,3.492169422680402e-10,6.97611954833177e-06,-1.0222838776817449e-07
1789477464,72249811,body,0.5061789401516109,1.9311126388983465e-07,-3.338680800954564e-05,3.3701735988318397e-10,6.939692724235391e-06,-1.0397173548634756e-07
1789477464,77609118,body,0.5061465569171945,1.9452410342186135e-07,-3.320998059492076e-05,3.244161960868903e-10,6.903450002898536e-06,-1.0554450075960335e-07
1789477464,83002736,body,0.5061143433894912,1.959639046285259e-07,-3.30340989781939e-05,3.113464510417273e-10,6.867389523586581e-06,-1.0694878523369389e-07
1789477464,88313160,body,0.5060822986821099,1.9742674732792298e-07,-3.2859158182177404e-05,2.980430726411407e-10,6.8315094944002236e-06,-1.0818707028037634e-07
1789477464,93484158,body,0.5060504219131524,1.9890884398310126e-07,-3.2685153274787525e-05,2.843635466126483e-10,6.795808485370531e-06,-1.0926174619597826e-07
1789477464,98611000,body,0.5060187122050287,2.004064945800834e-07,-3.251207937182097e-05,2.7037627423875773e-10,6.760285042106004e-06,-1.1017552748263492e-07
1789477464,103827655,body,0.5059871686845808,2.0191588970451183e-07,-3.233993161555751e-05,2.561518879828964e-10,6.724938027736776e-06,-1.1093106980081821e-07
1789477464,109025589,body,0.5059557904830114,2.0343357794917093e-07,-3.216870517603224e-05,2.416855088948406e-10,6.689766428629342e-06,-1.1153124973803517e-07
1789477464,114337119,body,0.5059245767357424,2.049560191981462e-07,-3.1998395260398495e-05,2.270299711229578e-10,6.654769297763531e-06,-1.1197919257728835e-07
1789477464,119343052,body,0.5058935265825919,2.0647974314186163e-07,-3.182899709612006e-05,2.122314579634392e-10,6.619945912383411e-06,-1.1227797142040963e-07
1789477464,124427093,body,0.5058626391675967,2.080014920514759e-07,-3.1660505923077126e-05,1.97267321656774e-10,6.585295596361624e-06,-1.1243068711823788e-07
1789477464,129726555,body,0.5058319136390305,2.095179828072918e-07,-3.1492917004602395e-05,1.821659502394875e-10,6.550817762390205e-06,-1.1244086574187778e-07
1789477464,134855583,body,0.5058013491494657,2.1102611600774053e-07,-3.132622562955769e-05,1.669801774424481e-10,6.516512003018418e-06,-1.1231187460281463e-07
1789477464,139858316,body,0.5057709448555782,2.1252274845940337e-07,-3.116042708771531e-05,1.5175616866724331e-10,6.48237782863467e-06,-1.1204721756924521e-07
1789477464,144898288,body,0.5057406999184221,2.140049701874126e-07,-3.099551668986595e-05,1.364645937543291e-10,6.448414919496105e-06,-1.1165046622594643e-07
1789477464,150288045,body,0.5057106135031021,2.1546994123049543e-07,-3.083148974907121e-05,1.2118935091023582e-10,6.414622992494596e-06,-1.1112541310254946e-07
1789477464,157026164,body,0.5056806847790216,2.1691484447065168e-07,-3.06683416026221e-05,1.0592997738050993e-10,6.381001773404915e-06,-1.1047574302920146e-07
1789477464,163977954,body,0.5056509129197316,2.183370386914966e-07,-3.050606759015397e-05,9.067490657410435e-11,6.34755097356716e-06,-1.0970522410176192e-07
1789477464,169431580,body,0.5056212971029486,2.1973386606070676e-07,-3.034466305943397e-05,7.546807865442911e-11,6.314270425339377e-06,-1.088177398843553e-07
1789477464,174684960,body,0.5055918365106438,2.2110297349256255e-07,-3.018412336559522e-05,6.032234778897683e-11,6.281159814525694e-06,-1.0781723944137005e-07
1789477464,179874658,body,0.5055625303288471,2.2244192228894566e-07,-3.002444389414252e-05,4.5341610940673264e-11,6.248218969041756e-06,-1.067076907191602e-07
1789477464,185079828,body,0.5055333777478339,2.237484030051069e-07,-2.9865620009066148e-05,3.037885470199586e-11,6.215447572473684e-06,-1.0549313047534586e-07
1789477464,190280898,body,0.5055043779620275,2.2502027023794607e-07,-2.9707647109329384e-05,1.5617920804434226e-11,6.182845443854378e-06,-1.0417756774156968e-07
1789477464,195452981,body,0.5054755301699899,2.2625548092246425e-07,-2.9550520599059176e-05,9.717609132525001e-13,6.150412174620767e-06,-1.0276503150927431e-07
1789477464,200644489,body,0.5054468335744222,2.27451997970895e-07,-2.939423588644853e-05,-1.3464595381983631e-11,6.118147486106523e-06,-1.0125960518696728e-07
1789477464,205853814,body,0.5054182873821643,2.2860797958817675e-07,-2.923878840041592e-05,-2.7753773797384757e-11,6.086051054126045e-06,-9.966548430176612e-08
1789477464,211115630,body,0.5053898908042396,2.2972162504722303e-07,-2.908417358295029e-05,-4.1842919661719344e-11,6.054122416825268e-06,-9.798673782546737e-08
1789477464,216232521,body,0.5053616430556768,2.3079129855041796e-07,-2.893038688429273e-05,-5.5679170757087616e-11,6.022361213382054e-06,-9.62274169662429e-08
1789477464,221370253,body,0.5053335433557946,2.3181539969982265e-07,-2.8777423784857933e-05,-6.935622102831748e-11,5.99076682984218e-06,-9.439172057921057e-08
1789477464,226605228,body,0.5053055909277846,2.327924217640782e-07,-2.862527976452297e-05,-8.274125975706412e-11,5.9593388987209395e-06,-9.248369432825629e-08
1789477464,231751364,body,0.505277784999119,2.3372103615356152e-07,-2.847395032817847e-05,-9.588356232194945e-11,5.928076743891078e-06,-9.05075648278951e-08
1789477464,236876594,body,0.5052501248012133,2.3459996352607956e-07,-2.832343100441698e-05,-1.0873690380470068e-10,5.896979826895727e-06,-8.846737995490896e-08
1789477464,242022882,body,0.5052226095696403,2.3542794480989803e-07,-2.8173717334207726e-05,-1.2135052507472012e-10,5.8660475293383034e-06,-8.636709653967588e-08
1789477464,247123368,body,0.5051952385439421,2.3620399572396112e-07,-2.8024804878966788e-05,-1.336626585016474e-10,5.83527908738624e-06,-8.421090345853348e-08
1789477464,252671005,body,0.5051680109677207,2.369270240363816e-07,-2.787668922657673e-05,-1.4566256905082422e-10,5.8046738493365634e-06,-8.200260655655627e-08
1789477464,260921258,body,0.5051409260886097,2.3759621314197057e-07,-2.77293659853019e-05,-1.5738618035560342e-10,5.774231051356558e-06,-7.974643022900117e-08
1789477464,266430431,body,0.505113983158142,2.3821065820752645e-07,-2.7582830784728255e-05,-1.688027690355464e-10,5.743949890752912e-06,-7.744626025864128e-08
1789477464,271716588,body,0.5050871814319721,2.3876975795120924e-07,-2.7437079273997792e-05,-1.7989493235425446e-10,5.7138295459610895e-06,-7.510602239514314e-08
1789477464,277041982,body,0.5050605201696083,2.3927280148217085e-07,-2.7292107139501114e-05,-1.90640806649681e-10,5.683869284233201e-06,-7.272946142217555e-08
1789477464,282265616,body,0.5050339986344499,2.3971927300198723e-07,-2.71479100803205e-05,-2.010740431703384e-10,5.654068113029424e-06,-7.032043092069013e-08
1789477464,287986415,body,0.5050076160939103,2.4010871877515014e-07,-2.7004483828337994e-05,-2.1121940696682967e-10,5.624425209672571e-06,-6.788279335421067e-08
1789477464,293217341,body,0.5049813718192578,2.404408003605999e-07,-2.6861824130766766e-05,-2.2095285983866692e-10,5.594939738166762e-06,-6.542005814732302e-08
1789477464,298332842,body,0.5049552650856333,2.407152140391358e-07,-2.6719926775345055e-05,-2.3035910696998666e-10,5.565610654898663e-06,-6.293606222353732e-08
1789477464,303451799,body,0.5049292951719604,2.4093177318683763e-07,-2.6578787565212565e-05,-2.394517741624109e-10,5.536437118321669e-06,-6.043438827107585e-08
1789477464,308944067,body,0.5049034613611344,2.4109029668102636e-07,-2.6438402337716806e-05,-2.481623105008035e-10,5.5074182446955865e-06,-5.791842136497743e-08
1789477464,314158168,body,0.5048777629397085,2.4119085132099406e-07,-2.6298766948640726e-05,-2.565531752255609e-10,5.478552981529281e-06,-5.539165093082531e-08
1789477464,319292925,body,0.5048521991980824,2.412333794993382e-07,-2.6159877283042717e-05,-2.6458468488816726e-10,5.449840461737779e-06,-5.285759526810352e-08
1789477464,324585699,body,0.5048267694303683,2.4121806386378286e-07,-2.6021729261676993e-05,-2.722859597652116e-10,5.421279738300909e-06,-5.031944182441576e-08
1789477464,329705703,body,0.5048014729344711,2.411450164630043e-07,-2.5884318821206406e-05,-2.7960395972560595e-10,5.3928698553156384e-06,-4.7780379163988987e-08
1789477464,334762909,body,0.5047763090119719,2.410145816045983e-07,-2.5747641917037028e-05,-2.8655003635699244e-10,5.364609919052355e-06,-4.524363137317101e-08
1789477464,339910125,body,0.5047512769681297,2.408270049962639e-07,-2.5611694558863903e-05,-2.9319104172734397e-10,5.336498945852449e-06,-4.2712334826438214e-08
1789477464,344947649,body,0.5047263761118981,2.4058272262347753e-07,-2.5476472754884916e-05,-2.994850095864903e-10,5.308536049757783e-06,-4.0189459373205596e-08
1789477464,350216191,body,0.5047016057558633,2.402821711610835e-07,-2.534197255409636e-05,-3.0537663827235296e-10,5.2807203392593914e-06,-3.767785384953954e-08
1789477464,357856480,body,0.5046769652161821,2.3992585996411537e-07,-2.5208190019523506e-05,-3.1101268612730315e-10,5.253050838469302e-06,-3.518040482376844e-08
1789477464,363960960,body,0.5046524538126879,2.3951443723140994e-07,-2.5075121247914865e-05,-3.16237912982359e-10,5.2255267580203306e-06,-3.269980570828007e-08
1789477464,369234344,body,0.504628070868723,2.3904842547047404e-07,-2.494276236364524e-05,-3.211568733614469e-10,5.198147108702386e-06,-3.0238826501244804e-08
1789477464,374600004,body,0.5046038157112085,2.385286126194441e-07,-2.4811109511371573e-05,-3.2572976452427e-10,5.170911103366718e-06,-2.7799898593685517e-08
1789477464,380020728,body,0.5045796876706717,2.3795570998650795e-07,-2.4680158848104982e-05,-3.299834069769777e-10,5.143817916008097e-06,-2.5385625456218523e-08
1789477464,385204005,body,0.5045556860809622,2.3733053068749438e-07,-2.4549906581693063e-05,-3.338846427658729e-10,5.116866601825435e-06,-2.2998290819653744e-08
1789477464,390393279,body,0.5045318102795792,2.366539207369808e-07,-2.44203489134561e-05,-3.374802536574051e-10,5.090056377000535e-06,-2.0640263896116004e-08
1789477464,395473051,body,0.5045080596075129,2.3592676486582285e-07,-2.4291482092823217e-05,-3.4075039661459213e-10,5.063386491023507e-06,-1.8313792888322827e-08
1789477464,400563190,body,0.5044844334090394,2.351500681031897e-07,-2.4163302371218642e-05,-3.4370629168091363e-10,5.036856083470812e-06,-1.6020839559168545e-08
1789477464,405788685,body,0.5044609310320058,2.3432469359878665e-07,-2.4035806035615453e-05,-3.4639913697144616e-10,5.010464371633954e-06,-1.3763535532818891e-08
1789477464,410918266,body,0.504437551827634,2.3345176663889852e-07,-2.3908989394477312e-05,-3.487402273569124e-10,4.984210600562624e-06,-1.1543832587384659e-08
1789477464,415970059,body,0.5044142951505383,2.3253233940390503e-07,-2.378284877250859e-05,-3.5077850466663e-10,4.958094046389794e-06,-9.363420478450237e-09
1789477464,421153512,body,0.5043911603586555,2.315674860512368e-07,-2.3657380515542616e-05,-3.525851309668889e-10,4.932113966376518e-06,-7.2242376500330404e-09
1789477464,426261322,body,0.5043681468133503,2.3055837348794307e-07,-2.353258098946839e-05,-3.540913526657416e-10,4.906269483446375e-06,-5.127859513143528e-09
1789477464,431294469,body,0.5043452538793095,2.2950614349395156e-07,-2.3408446591476826e-05,-3.552528328221121e-10,4.880560065802328e-06,-3.075765997875589e-09
1789477464,436384375,body,0.5043224809244525,2.2841198791461196e-07,-2.328497372223277e-05,-3.562139822919197e-10,4.854984875225464e-06,-1.0696013340743807e-09
1789477464,441463292,body,0.504299827320163,2.272771720321846e-07,-2.3162158818149427e-05,-3.5686826657324025e-10,4.829543289991003e-06,8.894720676075062e-10
1789477464,446555669,body,0.5042772924409507,2.2610292346645346e-07,-2.303999832933166e-05,-3.5727569539041993e-10,4.804234592894933e-06,2.8001186133494068e-09
1789477464,452429631,body,0.5042548756646295,2.2489047526395733e-07,-2.291848871076252e-05,-3.574740691298478e-10,4.779058063401109e-06,4.661054888218948e-09
1789477464,460116984,body,0.5042325763723351,2.2364120159290496e-07,-2.2797626465746905e-05,-3.5733685665723136e-10,4.754013106432017e-06,6.471251707080076e-09
1789477464,465422618,body,0.5042103939484359,2.223563621006591e-07,-2.267740809541152e-05,-3.570528343782702e-10,4.729098927065075e-06,8.229603300986422e-09
1789477464,470618085,body,0.5041883277803384,2.2103727240969163e-07,-2.2557830126325706e-05,-3.565176597687401e-10,4.704314954647579e-06,9.935286987823627e-09
1789477464,475910133,body,0.5041663772588948,2.1968534804984608e-07,-2.2438889098154506e-05,-3.557202470539449e-10,4.679660579666159e-06,1.158749896565166e-08
1789477464,481108492,body,0.5041445417779948,2.1830190146382193e-07,-2.2320581576110044e-05,-3.5472944922170654e-10,4.655135049389743e-06,1.3185384367649481e-08
1789477464,486352913,body,0.5041228207347083,2.168882792733246e-07,-2.220290414696143e-05,-3.5356969689479216e-10,4.630737768738282e-06,1.47282803925281e-08
1789477464,491541891,body,0.5041012135292843,2.154459101689466e-07,-2.2085853399840594e-05,-3.521566041868826e-10,4.60646811043707e-06,1.6215738504821264e-08
1789477464,496740767,body,0.5040797195651339,2.1397615996523608e-07,-2.1969425961373286e-05,-3.506078612273788e-10,4.582325373932822e-06,1.7647070374284697e-08
1789477464,501943089,body,0.5040583382487412,2.124804163449642e-07,-2.185361846426938e-05,-3.4884572483088414e-10,4.558308958596502e-06,1.902210169100595e-08
1789477464,507180092,body,0.5040370689896462,2.1096009083617212e-07,-2.1738427565372394e-05,-3.4692570653551435e-10,4.534418251585038e-06,2.0340227387298458e-08
1789477464,512272807,body,0.5040159112006741,2.0941654063627384e-07,-2.1623849927577166e-05,-3.4478115189580943e-10,4.5106526522675155e-06,2.160147743506859e-08
1789477464,517366447,body,0.5039948642974578,2.0785122074021572e-07,-2.1509882246535502e-05,-3.424586749496859e-10,4.4870114678642995e-06,2.2805484353762417e-08
1789477464,522872542,body,0.5039739276989158,2.0626547510097636e-07,-2.1396521226604957e-05,-3.4007149137117937e-10,4.4634940788706444e-06,2.395206163339283e-08
1789477464,527948089,body,0.5039531008269156,2.0466074277302466e-07,-2.1283763595238153e-05,-3.3749743183961587e-10,4.440099910192402e-06,2.504130141481538e-08
1789477464,533018049,body,0.5039323831062912,2.030383713988907e-07,-2.117160608935062e-05,-3.347897425348817e-10,4.416828310127312e-06,2.6073295850148863e-08
1789477464,538086945,body,0.5039117739650559,2.0139973429865927e-07,-2.1060045478951353e-05,-3.319483832653324e-10,4.393678658061523e-06,2.7048072695156123e-08
1789477464,543142888,body,0.5038912728339594,1.997462529230716e-07,-2.094907852671671e-05,-3.2894665827405136e-10,4.370650350033606e-06,2.7965826237375694e-08
1789477464,548244893,body,0.5038708791470903,1.980792278243501e-07,-2.0838702033048366e-05,-3.2586667334152547e-10,4.347742756546323e-06,2.882676187340284e-08
1789477464,556164247,body,0.5038505923411839,1.9640006376918355e-07,-2.0728912817338435e-05,-3.2262620733079624e-10,4.324955284741868e-06,2.9631315915925777e-08
1789477464,562074794,body,0.5040043125907379,-2.055486789384894e-06,-0.003336357907051318,0.0005622289029785332,-0.1315042432168969,5.149240488444631e-05
1789477464,567216408,body,0.5023628163364401,-1.1706038061690983e-05,-0.011617709802330685,-0.00026284545254553923,-0.3301400132409023,0.00013301476668251254
1789477464,572570754,body,0.49444299984276313,-2.509472803514861e-05,-0.02218565111337445,-0.0005188790278721128,-0.43182647491221243,0.00016772110305427298
1789477464,577734807,body,0.47670173508921226,-2.8245741684434343e-05,-0.032174789856993076,-0.00020795506465385606,-0.43821749268770305,0.00014855791374387376
1789477464,582942140,body,0.448122971444197,-2.2424029315577202e-05,-0.03985059270879774,0.00011832797472108471,-0.3919240994728883,0.00010522742845665682
1789477464,587996868,body,0.40944503039623265,-1.5248268429273642e-05,-0.04456606942404523,0.00021127388345246274,-0.32741470953875673,6.902904885015434e-05
1789477464,593109789,body,0.3621599273107502,-1.1271875975367136e-05,-0.04631503174326779,0.0001320680841880572,-0.2623253739100012,4.858864553657707e-05
1789477464,598205673,body,0.3079026103309617,-1.0454517121871969e-05,-0.045371900595588044,2.0164922056792557e-05,-0.20260567292464504,3.576245751043193e-05
1789477464,603285436,body,0.24820015939384135,-1.0711257949454548e-05,-0.04211412769751474,-4.527060358377341e-05,-0.1488593875564092,2.1722264542452268e-05
1789477464,608536804,body,0.18441562177374307,-1.0301246469939446e-05,-0.03696032207913187,-5.771122325665161e-05,-0.10022212452040768,4.153151290276203e-06
1789477464,613552286,body,0.11776314785317718,-8.64355976113632e-06,-0.030350590594311687,-4.2968253068060085e-05,-0.05593363530295077,-1.4685947780166707e-05
1789477464,618588673,body,0.04933445691203097,-6.019240134985591e-06,-0.022732567005697125,-2.4823382105995485e-05,-0.01564570291868577,-3.201732684575059e-05
1789477464,623576488,body,-0.01988250284450833,-2.9960951336910015e-06,-0.014544440751475273,-1.3369299552508456e-05,0.02072044225271688,-4.6554051347898605e-05
1789477464,628797411,body,-0.08899380969381719,-5.457674293298202e-08,-0.006197280965185906,-8.409074205122753e-06,0.05316196125902914,-5.836308316865048e-05
1789477464,633820341,body,-0.15719501724050966,2.5141789930998206e-06,0.0019398890346823024,-6.365416079882939e-06,0.08170290708580107,-6.799895259285428e-05
1789477464,638892797,body,-0.2237685545823244,4.558915440920723e-06,0.00955066123560205,-4.553954027708821e-06,0.10642651334187073,-7.590801507389152e-05
1789477464,643983291,body,-0.2880814327986835,5.992896509505929e-06,0.016377465319110076,-2.1394330913039214e-06,0.12746715628891295,-8.229276900540451e-05
1789477464,650287039,body,-0.34958278120621894,6.750957779823798e-06,0.022224138941049593,5.867833173045638e-07,0.14499101468295172,-8.721520609085838e-05
1789477464,658231353,body,-0.4078012523505849,6.780987089721257e-06,0.026955607547843968,3.091479052545777e-06,0.15917967837430722,-9.071577265182516e-05
1789477464,663546675,body,-0.46234242185897967,6.05087273486914e-06,0.030495288840019,5.0377387365179056e-06,0.17022036807944604,-9.286445546733187e-05
1789477464,668789592,body,-0.5128862243223873,4.555416210516333e-06,0.032820696931507715,6.326643348456409e-06,0.17830161953440782,-9.375909735237148e-05
1789477464,674000110,body,-0.559184365917453,2.3177792302207485e-06,0.03395764339332784,6.986224106142339e-06,0.18361221814919532,-9.350829998449169e-05
1789477464,679217188,body,-0.6010575978001009,-6.134041623585106e-07,0.03397339999938674,7.074882467214894e-06,0.18634164726396826,-9.221985655071906e-05
1789477464,684387934,body,-0.6383927248399803,-4.168560251932217e-06,0.03296917366562475,6.644241388418002e-06,0.18668104115189524,-8.999754032666792e-05
1789477464,689437337,body,-0.6711392458928134,-8.2616712563325e-06,0.03107223093380633,5.740711470296999e-06,0.1848241422843787,-8.694193122179777e-05
1789477464,694571997,body,-0.699305558252288,-1.279430691043778e-05,0.028427990781602352,4.4164144646584924e-06,0.18096801893964523,-8.315161584967684e-05
1789477464,699650711,body,-0.7229546995857566,-1.765934624684337e-05,0.025192378756105752,2.7348132767512915e-06,0.17531340675449583,-7.872357194838339e-05
1789477464,705132097,body,-0.7421996398882554,-2.274457142935895e-05,0.02152470201487899,7.697030142738811e-07,0.16806458843949512,-7.375294926006532e-05
1789477464,710384899,body,-0.7571981708561747,-2.7936155418458205e-05,0.017581263867040578,-1.3988652048984473e-06,0.15942876622018148,-6.833267347580088e-05
1789477464,715577940,body,-0.76814746879637,-3.3121950935798153e-05,0.013509888575497134,-3.688768503210267e-06,0.14961492445888602,-6.255306501796865e-05
1789477464,720665273,body,-0.77527842851527,-3.819446429345498e-05,0.009445474205117696,-6.0190731454903745e-06,0.13883222322367236,-5.65014739173164e-05
1789477464,725743677,body,-0.7788498788596007,-4.305342437625748e-05,0.0055066357639902384,-8.312504188187481e-06,0.12728800205445084,-5.0261884964812875e-05
1789477464,730820714,body,-0.779142795620765,-4.76078949693179e-05,0.0017934459273314472,-1.0497489189108146e-05,0.11518550291585503,-4.3914473823334314e-05
1789477464,735901975,body,-0.7764546249500541,-5.1777908125120745e-05,-0.0016137704834187222,-1.2509954528871615e-05,0.1027214403182722,-3.7535122987995783e-05
1789477464,740858587,body,-0.7710938214235062,-5.549561818138995e-05,-0.004654676405632505,-1.429485815968088e-05,0.09008355420058156,-3.119492016190247e-05
1789477464,745925745,body,-0.7633746910114485,-5.870599257886078e-05,-0.007288320139084991,-1.5807368312249958e-05,0.07744827772006457,-2.495966716843377e-05
1789477464,753966675,body,-0.7536126121979543,-6.13670715601142e-05,-0.009491838522008278,-1.7013615507023534e-05,0.06497863870039294,-1.888942257651105e-05
1789477464,759467679,body,-0.7421196900800006,-6.344984111575255e-05,-0.011258626971612028,-1.789098997354872e-05,0.052822492004512195,-1.3038100785407219e-05
1789477464,764825052,body,-0.7292008799694133,-6.493777294366661e-05,-0.01259614035784722,-1.8427999108689687e-05,0.041111153009750476,-7.453148571028968e-06
1789477464,770128979,body,-0.7151506000150558,-6.582609167689854e-05,-0.013523481813983785,-1.8623726777697067e-05,0.029958472539384374,-2.1753142947538976e-06
1789477464,775299931,body,-0.7002498374725109,-6.61208303145596e-05,-0.014068921968855206,-1.848695275343877e-05,0.01946036396998143,2.7614791360496906e-06
1789477464,780452268,body,-0.6847637409187154,-6.583773346233746e-05,-0.014267470845179602,-1.80350032228594e-05,0.009694766410736088,7.330149666632462e-06
1789477464,785647172,body,-0.6689396810498245,-6.500106395473838e-05,-0.01415860103032986,-1.7292409675218828e-05,0.0007220058558232711,1.151036226417085e-05
1789477464,790913189,body,-0.6530057555951497,-6.364236093814868e-05,-0.013784195789073356,-1.62894543108814e-05,-0.007414499720645796,1.5288327979217946e-05
1789477464,796030076,body,-0.6371697090076223,-6.179919185573487e-05,-0.013186771359106376,-1.506067827977436e-05,-0.014687254833905367,1.865650452810847e-05
1789477464,801159149,body,-0.6216182345929884,-5.9513931137351425e-05,-0.01240800016603219,-1.3643419739293672e-05,-0.021083487411089574,2.161321145933891e-05
1789477464,806269433,body,-0.6065166251856131,-5.683259270462243e-05,-0.011487542100170774,-1.2076438041408546e-05,-0.02660380127818155,2.4162173057988164e-05
1789477464,811353762,body,-0.592008738005415,-5.380373527964442e-05,-0.010462174886226791,-1.0398667972282333e-05,-0.03126073967154654,2.6312004303007557e-05
1789477464,816322690,body,-0.5782172396029023,-5.0477453914318104e-05,-0.009365202157462805,-8.64813370987455e-06,-0.035077311102932524,2.8075656852533026e-05
1789477464,821616554,body,-0.5652440975593404,-4.6904465643258174e-05,-0.008226109040244503,-6.8610402262426115e-06,-0.038085519602566065,2.946983941274948e-05
1789477464,826660108,body,-0.55317128667759,-4.313529356596489e-05,-0.007070429575713906,-5.071049053211292e-06,-0.04032493198372606,3.0514428501525976e-05
1789477464,831714246,body,-0.5420616786350528,-3.921954922606911e-05,-0.005919787730589394,-3.3087343668080026e-06,-0.04184130609660226,3.123188156754772e-05
1789477464,836818879,body,-0.531960085415912,-3.5205311906453125e-05,-0.00479207358934895,-1.601210850710678e-06,-0.042685296571636465,3.164666577881639e-05
1789477464,841939584,body,-0.5228944282450302,-3.113860052324555e-05,-0.0037017180628794296,2.808357273233591e-08,-0.04291124850037988,3.178471090820194e-05
1789477464,848144169,body,-0.5148770052103492,-2.7062933681138426e-05,-0.002660032600858303,1.5594683965211126e-06,-0.04257608487477602,3.167289596464988e-05
1789477464,855530165,body,-0.5079058322830667,-2.30189710472672e-05,-0.001675584501444562,2.9769855694113074e-06,-0.041738290258753176,3.133857337648193e-05
1789477464,860989319,body,-0.5019660340351458,-1.9044230932053695e-05,-0.0007545830710261668,4.268270760662323e-06,-0.040456990879197526,3.080913786682632e-05
1789477464,866164754,body,-0.4970312620221275,-1.517287689643107e-05,9.874324013355333e-05,5.424351882012162e-06,-0.03879112984118548,3.0111640886293694e-05
1789477464,871372044,body,-0.49306512054364543,-1.1435567384838993e-05,0.0008817937920218241,6.4393940193951215e-06,-0.03679873525849765,2.9272452477017646e-05
1789477464,876544342,body,-0.49002258131270626,-7.85936230994864e-06,0.0015932773357557582,7.310409693325351e-06,-0.03453627853608014,2.8316971079874777e-05
1789477464,881642911,body,-0.4878513704430307,-4.467680852472424e-06,0.0022329346685839692,8.036948955867998e-06,-0.03205811968809085,2.7269379604495545e-05
1789477464,887280496,body,-0.4864933130810293,-1.280305266561307e-06,0.002801305265357547,8.620782889560918e-06,-0.02941603630862575,2.615244680157789e-05
1789477464,892455860,body,-0.48588562294277937,1.686574812041191e-06,0.0032995378483067542,9.065591219266737e-06,-0.026658832568930743,2.4987370658615623e-05
1789477464,897586746,body,-0.48596212593796206,4.420281365185177e-06,0.0037292425405441947,9.376661810208686e-06,-0.023832024356730014,2.379366208159482e-05
1789477464,902691501,body,-0.486654408945926,6.91153510411889e-06,0.00409238054287597,9.56060820626459e-06,-0.020977596399621372,2.2589064324083193e-05
1789477464,907955453,body,-0.48789288662746627,9.15431456733969e-06,0.004391186139025229,9.625109079640655e-06,-0.0181338269284297,2.138950653955304e-05
1789477464,913090273,body,-0.48960778088855483,1.114569034464905e-05,0.0046281152124483926,9.578671065252943e-06,-0.015335175168585374,2.0209085717721874e-05
1789477464,918245343,body,-0.4917300092379919,1.2885638745576965e-05,0.00480581427693472,9.430417129758561e-06,-0.012612226704938586,1.9060076580926276e-05
1789477464,923220760,body,-0.49419197979001117,1.4376836926291485e-05,0.00492710420423546,9.189898548646765e-06,-0.00999169158104879,1.7952963182904792e-05
1789477464,928270748,body,-0.4969282920414883,1.562444411981763e-05,0.004994973294586081,8.866930189542694e-06,-0.007496449872419024,1.6896491195657376e-05
1789477464,933415402,body,-0.4998763438003771,1.66358703843262e-05,0.005012575000671839,8.471446810366142e-06,-0.0051456394267249605,1.589773661067112e-05
1789477464,938497918,body,-0.5029768457536307,1.7420537050025e-05,0.004983226409517935,8.013379026129992e-06,-0.0029547804909680836,1.4962188790033863e-05
1789477464,943693165,body,-0.5061742461412563,1.798963082423949e-05,0.00491040444404986,7.502545625192382e-06,-0.0009359320457130494,1.4093844726626174e-05
1789477464,951649583,body,-0.5094170688528861,1.8355855238234337e-05,0.004797737610157198,6.94856109528778e-06,0.0009021251736760143,1.329531244254779e-05
1789477464,957327288,body,-0.5126581689876623,1.8533180871772285e-05,0.0046489919404560775,6.360755453772503e-06,0.0025536837752277086,1.256792060626141e-05
1789477464,962603530,body,-0.515854910526044,1.8536598581095284e-05,0.004468050536626337,5.7481053164401415e-06,0.004015887484049494,1.1911833488263193e-05
1789477464,967984110,body,-0.5189692712567738,1.8381876666687556e-05,0.004258886762930157,5.11917444934231e-06,0.005288495867458819,1.1326168192374226e-05
1789477464,973284975,body,-0.521967880492701,1.808532574172917e-05,0.004025531678454581,4.482062207512387e-06,0.006373639990206781,1.0809113049996055e-05
1789477464,978553509,body,-0.5248219954025789,1.766357259546244e-05,0.003772036707313183,3.844359452950741e-06,0.007275572677580968,1.0358046016685689e-05
1789477464,983669713,body,-0.5275074219838893,1.7133345343129615e-05,0.003502432834018212,3.213111429192673e-06,0.008000416754946477,9.969650892587697e-06
1789477464,988947937,body,-0.5300043868168847,1.6511272193763837e-05,0.003220687782186487,2.594786447903974e-06,0.008555914332191989,9.640030638853075e-06
1789477464,994092468,body,-0.5322973657748968,1.5813694710855458e-05,0.0029306626979640244,1.9952509504889247e-06,0.008951179905268582,9.364817513811052e-06
1789477464,999198999,body,-0.5343748758239595,1.5056497508268487e-05,0.0026360698303031843,1.419750551086598e-06,0.009196459756733872,9.139277037588344e-06
1789477465,4303280,body,-0.5362292359395656,1.4254954977865128e-05,0.0023404325935387714,8.728967802076567e-07,0.009302899857354585,8.958407457972677e-06
1789477465,9457433,body,-0.5378563029968059,1.3423596406075832e-05,0.0020470492312575188,3.586602969828686e-07,0.009282324194803498,8.817032869579414e-06
1789477465,14655448,body,-0.5392551882667947,1.2576089592495569e-05,0.0017589610913127743,-1.1962988504598566e-07,0.009147025187782218,8.709889406828482e-06
1789477465,19795070,body,-0.5404279598781163,1.1725143191352468e-05,0.001478926286542372,-5.592814534297762e-07,0.008909567579684188,8.631704160739137e-06
1789477465,24908636,body,-0.5413793362862278,1.0882427976806623e-05,0.0012093992691470756,-9.582274587147089e-07,0.008582606951519488,8.57726723569734e-06
1789477465,30073726,body,-0.5421163754446934,1.0058516938596773e-05,0.0009525166024821879,-1.3150089401210503e-06,0.008178723737743587,8.54149612183388e-06
1789477465,35084677,body,-0.542648163991262,9.262842802965579e-06,0.0007100889829017203,-1.6287525030849283e-06,0.007710273387480545,8.519492279482646e-06
1789477465,40217733,body,-0.5429855103650748,8.503673282836985e-06,0.0004835993551472557,-1.8991418089640253e-06,0.00718925307416124,8.506590306447991e-06
1789477465,47142842,body,-0.5431406453553743,7.788102404510465e-06,0.0002742067839038385,-2.1263847162408633e-06,0.006627185129717737,8.498399906014681e-06
1789477465,54935492,body,-0.5431269331622359,7.122057386362614e-06,8.275559593593954e-05,-2.311176327393175e-06,0.0060350171637055675,8.490839735471414e-06
1789477465,60863740,body,-0.5429585956271346,6.510318847483046e-06,-9.0210806930566e-05,-2.4546575348580197e-06,0.005423038626934795,8.48016520315465e-06
1789477465,66673967,body,-0.5426504518725845,5.956554449757228e-06,-0.00024443214321772565,-2.5583710778947335e-06,0.004800813392698983,8.462988818920668e-06
1789477465,72571862,body,-0.5422176751828884,5.463363126694863e-06,-0.00037991018102735333,-2.624215347800745e-06,0.004177127761795623,8.436294206045587e-06
1789477465,78287247,body,-0.5416755685631417,5.032329480289551e-06,-0.0004968851428786719,-2.6543962467815887e-06,0.0035599531508237687,8.397444706515605e-06
1789477465,84240655,body,-0.5410393600394966,4.664086277277141e-06,-0.0005958103169089205,-2.65137858134164e-06,0.0029564225960817744,8.344185568871631e-06
1789477465,90123304,body,-0.5403240184085323,4.358383707120905e-06,-0.0006773255720653058,-2.617837056014121e-06,0.0023728201008723733,8.27464150264304e-06
1789477465,95883440,body,-0.5395440898169531,4.11416439706584e-06,-0.0007422304234905297,-2.556608038207399e-06,0.001814581772496189,8.187309725585731e-06
1789477465,101465131,body,-0.538713555247695,3.929641789723561e-06,-0.0007914572293697795,-2.470642603314856e-06,0.0012863076331231277,8.081048625692991e-06
1789477465,107518957,body,-0.537845708717488,3.8023817835132527e-06,-0.0008260450265953679,-2.362961084464659e-06,0.0007917829503625218,7.955063157826085e-06
1789477465,113470541,body,-0.5369530557433644,3.7293853137447357e-06,-0.0008471144335820016,-2.2366106132992044e-06,0.0003340079133150214,7.80888668218175e-06
1789477465,119317926,body,-0.5360472314213649,3.7071715226201968e-06,-0.0008558439680247683,-2.0946248183439223e-06,-8.476552102654204e-05,7.642360782134979e-06
1789477465,124620408,body,-0.5351389372747466,3.7318597464238545e-06,-0.0008534480487190543,-1.939987225157545e-06,-0.00046299077029732087,7.4556125434235306e-06
1789477465,129800879,body,-0.5342378958708985,3.799250060206055e-06,-0.000841156875659734,-1.7755978221684134e-06,-0.0007997788862580999,7.249030654743393e-06
1789477465,134933590,body,-0.5333528220782805,3.904900924307546e-06,-0.0008201983141664705,-1.6042433735463106e-06,-0.0010948470160459885,7.023239920829452e-06
1789477465,140044377,body,-0.5324914097319086,4.0442035448216596e-06,-0.0007917818472276037,-1.4285716648144972e-06,-0.0013484640946264533,6.779075234402832e-06
1789477465,145171482,body,-0.5316603324000808,4.212452253130446e-06,-0.0007570846071420111,-1.2510694963076263e-06,-0.0015613947338629641,6.51755529308351e-06
1789477465,151508655,body,-0.5308652568927542,4.4049102176840275e-06,-0.0007172394528281339,-1.0740446006219327e-06,-0.0017348422039700046,6.2398563004066e-06
1789477465,160022285,body,-0.5301108681216619,4.616870237515192e-06,-0.0006733250228119915,-8.99611439131263e-07,-0.0018703913257067937,5.947286071488251e-06
1789477465,165609876,body,-0.5294009039136384,4.843710245354715e-06,-0.0006263576656726173,-7.296803570450865e-07,-0.0019699520131679724,5.6412584353328354e-06
1789477465,171045346,body,-0.5287381983868971,5.080943329474266e-06,-0.0005772851291114284,-5.659508118848076e-07,-0.0020357041251837095,5.3232692473321244e-06
1789477465,176551866,body,-0.5281247325268947,5.324261734828785e-06,-0.0005269818743414988,-4.099072889194449e-07,-0.0020700442022412824,4.994872793420244e-06
1789477465,181792783,body,-0.5275616906379713,5.569575707001208e-06,-0.000476245874699121,-2.6281856654566e-07,-0.002075534583071739,4.657660105925476e-06
1789477465,187177299,body,-0.5270495214007896,5.813046104342084e-06,-0.000425796753441595,-1.257399751300136e-07,-0.0020548553172435604,4.3132382898469024e-06
1789477465,192577953,body,-0.5265880023295246,6.051111444541791e-06,-0.00037627511645695386,4.820834106333632e-10,-0.0020107592124929824,3.963212004520253e-06
1789477465,197767188,body,-0.5261763064956045,6.2805097223894765e-06,-0.00032824293921235304,1.1520349975445218e-07,-0.0019460302819511606,3.609165802523666e-06
1789477465,203060837,body,-0.5258130704651133,6.498294448494665e-06,-0.0002821848728351308,2.1797326949976104e-07,-0.001863445787651973,3.2526494093929856e-06
1789477465,208321306,body,-0.5254964624824384,6.701846141743443e-06,-0.00023851034196478352,3.085234448072218e-07,-0.001765742010945014,2.895163449993901e-06
1789477465,213613522,body,-0.525224250022247,6.888878539904197e-06,-0.00019755631492980808,3.867569345026572e-07,-0.0016555838217725844,2.5381476467715997e-06
1789477465,218919461,body,-0.524993865924035,7.057440680754891e-06,-0.00015959063598733553,4.5273465778403785e-07,-0.0015355380620239655,2.1829711538041146e-06
1789477465,224221351,body,-0.5248024724155571,7.205914621229219e-06,-0.00012481581787617934,5.066616930880809e-07,-0.0014080507105124409,1.8309237757006933e-06
1789477465,229579769,body,-0.5246470224252079,7.333009598018813e-06,-9.33732017497068e-05,5.488728881348785e-07,-0.0012754277511900572,1.4832093147297006e-06
1789477465,234834521,body,-0.5245243176735138,7.437752570454171e-06,-6.534739974658883e-05,5.798179460774455e-07,-0.001139819628443944,1.1409402905996061e-06
1789477465,240275368,body,-0.524431063123583,7.519475841618762e-06,-4.077094306378684e-05,6.000465282854565e-07,-0.001003209139607168,8.051346318156129e-07
1789477465,245516792,body,-0.5243639174557531,7.577802307510681e-06,-1.9629065585222628e-05,6.101933942650397e-07,-0.0008674025853024869,4.7671304733771296e-07
1789477465,250895261,body,-0.5243195393129905,7.612627869873146e-06,-1.8645596449186958e-06,6.109633238735071e-07,-0.0007340239766022046,1.5649855817135425e-07
1789477465,259969241,body,-0.5242946291411199,7.624102754817233e-06,1.2617353517341126e-05,6.031173859707025e-07,-0.0006045120779596112,-1.5478386641220322e-07
1789477465,266029489,body,-0.5242859665196007,7.612610808967224e-06,2.394419050891508e-05,5.874585457505769e-07,-0.0004801200513771187,-4.5650560079938187e-07
1789477465,271442307,body,-0.5242904429446378,7.578747853529812e-06,3.2271456526569345e-05,5.648187160222714e-07,-0.00036191745740895843,-7.481320681971741e-07
1789477465,276860010,body,-0.5243050900874414,7.523299429455452e-06,3.777802200662584e-05,5.360464885225659e-07,-0.0002507943625955798,-1.0292197461345248e-06
