1789981672,376619434,n/a,0.0,0.0,0.0,0.0,0.0,0.0
1789981672,426581430,n/a,0.0,0.0,0.0,0.0,0.0,0.0
1789981672,476536614,n/a,0.0,0.0,0.0,0.0,0.0,0.0
1789981672,526544804,n/a,0.0,0.0,0.0,0.0,0.0,0.0
1789981672,576508763,n/a,0.0,0.0,0.0,0.0,0.0,0.0
1789981672,626584391,n/a,0.0,0.0,0.0,0.0,0.0,0.0
1789981672,676553845,n/a,0.0,0.0,0.0,0.0,0.0,0.0
1789981672,726525223,n/a,0.0,0.0,0.0,0.0,0.0,0.0
1789981672,776525719,n/a,0.0,0.0,0.0,0.0,0.0,0.0
1789981672,826527066,n/a,0.0,0.0,0.0,0.0,0.0,0.0
1789981672,876585404,n/a,0.0,0.0,0.0,0.0,0.0,0.0
1789981672,926618115,n/a,0.0,0.0,0.0,0.0,0.0,0.0
1789981672,976561016,n/a,0.0,0.0,0.0,0.0,0.0,0.0
1789981673,26560602,n/a,0.0,0.0,0.0,0.0,0.0,0.0
1789981673,76573993,n/a,0.0,0.0,0.0,0.0,0.0,0.0
1789981673,126602340,n/a,0.0,0.0,0.0,0.0,0.0,0.0
1789981673,176598355,n/a,0.0,0.0,0.0,0.0,0.0,0.0
1789981673,226594607,n/a,0.0,0.0,0.0,0.0,0.0,0.0
1789981673,276611649,n/a,0.0,0.0,0.0,0.0,0.0,0.0
1789981673,326545953,n/a,0.0,0.0,0.0,0.0,0.0,0.0
1789981673,376574146,n/a,0.0,0.0,0.0,0.0,0.0,0.0
1789981673,426538859,n/a,0.0,0.0,0.0,0.0,0.0,0.0
1789981673,476558892,n/a,0.0,0.0,0.0,0.0,0.0,0.0
1789981673,526624618,n/a,0.0,0.0,0.0,0.0,0.0,0.0
1789981673,576568243,n/a,0.0,0.0,0.0,0.0,0.0,0.0
1789981673,626513388,n/a,0.0,0.0,0.0,0.0,0.0,0.0
1789981673,676594216,n/a,0.0,0.0,0.0,0.0,0.0,0.0
1789981673,726575065,n/a,0.0,0.0,0.0,0.0,0.0,0.0
1789981673,776623695,n/a,0.0,0.0,0.0,0.0,0.0,0.0
1789981673,826587890,n/a,0.5,0.0,0.0,0.0,0.0,0.0
1789981673,876560919,n/a,0.5,0.0,0.0,0.0,0.0,0.0
1789981673,926608532,n/a,0.5,0.0,0.0,0.0,0.0,0.0
1789981673,976598305,n/a,0.5,0.0,0.0,0.0,0.0,0.0
1789981674,26658828,n/a,0.5,0.0,0.0,0.0,0.0,0.0
1789981674,76593213,n/a,0.5,0.0,0.0,0.0,0.0,0.0
1789981674,126557916,n/a,0.5,0.0,0.0,0.0,0.0,0.0
1789981674,176598175,n/a,0.5,0.0,0.0,0.0,0.0,0.0
1789981674,226580151,n/a,0.5,0.0,0.0,0.0,0.0,0.0
1789981674,276539399,n/a,0.5,0.0,0.0,0.0,0.0,0.0
1789981674,326544812,n/a,0.5,0.0,0.0,0.0,0.0,0.0
1789981674,376633139,n/a,0.5,0.0,0.0,0.0,0.0,0.0
1789981674,426574746,n/a,0.5,0.0,0.0,0.0,0.0,0.0
1789981674,476550723,n/a,0.5,0.0,0.0,0.0,0.0,0.0
1789981674,526626916,n/a,0.5,0.0,0.0,0.0,0.0,0.0
1789981674,576604640,n/a,0.5,0.0,0.0,0.0,0.0,0.0
1789981674,626570364,n/a,0.5,0.0,0.0,0.0,0.0,0.0
1789981674,676615880,n/a,0.5,0.0,0.0,0.0,0.0,0.0
1789981674,726596557,n/a,0.5,0.0,0.0,0.0,0.0,0.0
1789981674,776647161,n/a,0.5,0.0,0.0,0.0,0.0,0.0
1789981674,826618708,n/a,0.5,0.0,0.0,0.0,0.0,0.0
1789981674,876525251,n/a,0.5,0.0,0.0,0.0,0.0,0.0
1789981674,926586798,n/a,0.5,0.0,0.0,0.0,0.0,0.0
1789981674,976544652,n/a,0.5,0.0,0.0,0.0,0.0,0.0
1789981675,26609398,n/a,0.5,0.0,0.0,0.0,0.0,0.0
1789981675,76599534,n/a,0.5,0.0,0.0,0.0,0.0,0.0
1789981675,126684411,n/a,0.5,0.0,0.0,0.0,0.0,0.0
1789981675,176604912,n/a,0.5,0.0,0.0,0.0,0.0,0.0
1789981675,226599584,n/a,0.5,0.0,0.0,0.0,0.0,0.0
1789981675,276624368,n/a,0.5,0.0,0.0,0.0,0.0,0.0
1789981675,326563162,n/a,0.5,0.0,0.0,0.0,0.0,0.0
1789981675,376591724,n/a,0.5,0.0,0.0,0.0,0.0,0.0
1789981675,426542484,n/a,0.5,0.0,0.0,0.0,0.0,0.0
1789981675,476583961,n/a,0.5,0.0,0.0,0.0,0.0,0.0
1789981675,526582099,n/a,0.5,0.0,0.0,0.0,0.0,0.0
1789981675,576581246,n/a,0.5,0.0,0.0,0.0,0.0,0.0
1789981675,626530418,n/a,0.5,0.0,0.0,0.0,0.0,0.0
1789981675,676554257,n/a,0.5,0.0,0.0,0.0,0.0,0.0
1789981675,726524377,n/a,0.5,0.0,0.0,0.0,0.0,0.0
1789981675,776581827,n/a,0.5,0.0,0.0,0.0,0.0,0.0
1789981675,826492834,n/a,0.5,0.0,0.0,0.0,0.0,0.0
1789981675,876594786,n/a,0.5,0.0,0.0,0.0,0.0,0.0
1789981675,926546555,n/a,0.5,0.0,0.0,0.0,0.0,0.0
1789981675,976576472,n/a,0.5,0.0,0.0,0.0,0.0,0.0
1789981676,26549635,n/a,0.5,0.0,0.0,0.0,0.0,0.0
1789981676,76571372,n/a,0.5,0.0,0.0,0.0,0.0,0.0
1789981676,126587836,n/a,0.5,0.0,0.0,0.0,0.0,0.0
1789981676,176603135,n/a,0.5,0.0,0.0,0.0,0.0,0.0
1789981676,226597111,n/a,0.5,0.0,0.0,0.0,0.0,0.0
1789981676,276556221,n/a,0.5,0.0,0.0,0.0,0.0,0.0
1789981676,326529362,n/a,0.5,0.0,0.0,0.0,0.0,0.0
1789981676,376572636,n/a,0.5,0.0,0.0,0.0,0.0,0.0
1789981676,426559944,n/a,0.5,0.0,0.0,0.0,0.0,0.0
1789981676,476582612,n/a,0.5,0.0,0.0,0.0,0.0,0.0
1789981676,526533899,n/a,0.5,0.0,0.0,0.0,0.0,0.0
1789981676,576580399,n/a,0.5,0.0,0.0,0.0,0.0,0.0
1789981676,626548044,n/a,0.5,0.0,0.0,0.0,0.0,0.0
1789981676,676579128,n/a,0.5,0.0,0.0,0.0,0.0,0.0
1789981676,726562641,n/a,0.5,0.0,0.0,0.0,0.0,0.0
1789981676,776529834,n/a,0.5,0.0,0.0,0.0,0.0,0.0
1789981676,826600351,n/a,0.0,0.0,0.0,0.0,0.0,0.0
1789981676,876549098,n/a,0.0,0.0,0.0,0.0,0.0,0.0
1789981676,926641213,n/a,0.0,0.0,0.0,0.0,0.0,0.0
1789981676,976588035,n/a,0.0,0.0,0.0,0.0,0.0,0.0
1789981677,26509546,n/a,0.0,0.0,0.0,0.0,0.0,0.0
1789981677,76474497,n/a,0.0,0.0,0.0,0.0,0.0,0.0
1789981677,126519029,n/a,0.0,0.0,0.0,0.0,0.0,0.0
1789981677,176591434,n/a,0.0,0.0,0.0,0.0,0.0,0.0
1789981677,226578430,n/a,0.0,0.0,0.0,0.0,0.0,0.0
1789981677,276635551,n/a,0.0,0.0,0.0,0.0,0.0,0.0
1789981677,326631689,n/a,0.0,0.0,0.0,0.0,0.0,0.0
1789981677,376573820,n/a,0.0,0.0,0.0,0.0,0.0,0.0
1789981677,426580169,n/a,0.0,0.0,0.0,0.0,0.0,0.0
1789981677,476594560,n/a,0.0,0.0,0.0,0.0,0.0,0.0
1789981677,526595904,n/a,0.0,0.0,0.0,0.0,0.0,0.0
1789981677,576632950,n/a,0.0,0.0,0.0,0.0,0.0,0.0
1789981677,626609472,n/a,0.0,0.0,0.0,0.0,0.0,0.0
1789981677,676615340,n/a,0.0,0.0,0.0,0.0,0.0,0.0
1789981677,726570058,n/a,0.0,0.0,0.0,0.0,0.0,0.0
1789981677,776647106,n/a,0.0,0.0,0.0,0.0,0.0,0.0
1789981677,826536539,n/a,0.0,0.0,0.0,0.0,0.0,0.0
1789981677,876611064,n/a,0.0,0.0,0.0,0.0,0.0,0.0
1789981677,926561956,n/a,0.0,0.0,0.0,0.0,0.0,0.0
1789981677,976585754,n/a,0.0,0.0,0.0,0.0,0.0,0.0
1789981678,26558526,n/a,0.0,0.0,0.0,0.0,0.0,0.0
1789981678,76543146,n/a,0.0,0.0,0.0,0.0,0.0,0.0
1789981678,126548443,n/a,0.0,0.0,0.0,0.0,0.0,0.0
1789981678,176553257,n/a,0.0,0.0,0.0,0.0,0.0,0.0
1789981678,226554832,n/a,0.0,0.0,0.0,0.0,0.0,0.0
1789981678,276588475,n/a,0.0,0.0,0.0,0.0,0.0,0.0
1789981678,326592344,n/a,-0.5,0.0,0.0,0.0,0.0,0.0
1789981678,376577618,n/a,-0.5,0.0,0.0,0.0,0.0,0.0
1789981678,426585877,n/a,-0.5,0.0,0.0,0.0,0.0,0.0
1789981678,476584855,n/a,-0.5,0.0,0.0,0.0,0.0,0.0
1789981678,526632158,n/a,-0.5,0.0,0.0,0.0,0.0,0.0
1789981678,576566899,n/a,-0.5,0.0,0.0,0.0,0.0,0.0
1789981678,626610480,n/a,-0.5,0.0,0.0,0.0,0.0,0.0
1789981678,676530479,n/a,-0.5,0.0,0.0,0.0,0.0,0.0
1789981678,726539143,n/a,-0.5,0.0,0.0,0.0,0.0,0.0
1789981678,776557711,n/a,-0.5,0.0,0.0,0.0,0.0,0.0
1789981678,826533842,n/a,-0.5,0.0,0.0,0.0,0.0,0.0
1789981678,876596270,n/a,-0.5,0.0,0.0,0.0,0.0,0.0
1789981678,926619766,n/a,-0.5,0.0,0.0,0.0,0.0,0.0
1789981678,976619869,n/a,-0.5,0.0,0.0,0.0,0.0,0.0
1789981679,26698755,n/a,-0.5,0.0,0.0,0.0,0.0,0.0
1789981679,76598234,n/a,-0.5,0.0,0.0,0.0,0.0,0.0
1789981679,126614938,n/a,-0.5,0.0,0.0,0.0,0.0,0.0
1789981679,176555616,n/a,-0.5,0.0,0.0,0.0,0.0,0.0
1789981679,226732357,n/a,-0.5,0.0,0.0,0.0,0.0,0.0
1789981679,276607960,n/a,-0.5,0.0,0.0,0.0,0.0,0.0
1789981679,326599663,n/a,-0.5,0.0,0.0,0.0,0.0,0.0
1789981679,376508553,n/a,-0.5,0.0,0.0,0.0,0.0,0.0
1789981679,426579395,n/a,-0.5,0.0,0.0,0.0,0.0,0.0
1789981679,476626406,n/a,-0.5,0.0,0.0,0.0,0.0,0.0
1789981679,526618726,n/a,-0.5,0.0,0.0,0.0,0.0,0.0
1789981679,576526232,n/a,-0.5,0.0,0.0,0.0,0.0,0.0
1789981679,626519429,n/a,-0.5,0.0,0.0,0.0,0.0,0.0
1789981679,676529895,n/a,-0.5,0.0,0.0,0.0,0.0,0.0
1789981679,726537110,n/a,-0.5,0.0,0.0,0.0,0.0,0.0
1789981679,776490774,n/a,-0.5,0.0,0.0,0.0,0.0,0.0
1789981679,826502803,n/a,-0.5,0.0,0.0,0.0,0.0,0.0
1789981679,876555060,n/a,-0.5,0.0,0.0,0.0,0.0,0.0
1789981679,926602456,n/a,-0.5,0.0,0.0,0.0,0.0,0.0
1789981679,976594959,n/a,-0.5,0.0,0.0,0.0,0.0,0.0
1789981680,26515522,n/a,-0.5,0.0,0.0,0.0,0.0,0.0
1789981680,76517015,n/a,-0.5,0.0,0.0,0.0,0.0,0.0
1789981680,126510644,n/a,-0.5,0.0,0.0,0.0,0.0,0.0
1789981680,176713063,n/a,-0.5,0.0,0.0,0.0,0.0,0.0
1789981680,226618907,n/a,-0.5,0.0,0.0,0.0,0.0,0.0
1789981680,276600527,n/a,-0.5,0.0,0.0,0.0,0.0,0.0
1789981680,326593271,n/a,-0.5,0.0,0.0,0.0,0.0,0.0
1789981680,376587885,n/a,-0.5,0.0,0.0,0.0,0.0,0.0
1789981680,426617509,n/a,-0.5,0.0,0.0,0.0,0.0,0.0
1789981680,476531212,n/a,-0.5,0.0,0.0,0.0,0.0,0.0
1789981680,526583661,n/a,-0.5,0.0,0.0,0.0,0.0,0.0
1789981680,576550029,n/a,-0.5,0.0,0.0,0.0,0.0,0.0
1789981680,626494032,n/a,-0.5,0.0,0.0,0.0,0.0,0.0
1789981680,676499834,n/a,-0.5,0.0,0.0,0.0,0.0,0.0
1789981680,726505433,n/a,-0.5,0.0,0.0,0.0,0.0,0.0
1789981680,776553338,n/a,-0.5,0.0,0.0,0.0,0.0,0.0
1789981680,826593824,n/a,-0.5,0.0,0.0,0.0,0.0,0.0
1789981680,876581451,n/a,-0.5,0.0,0.0,0.0,0.0,0.0
1789981680,926503813,n/a,-0.5,0.0,0.0,0.0,0.0,0.0
1789981680,976579289,n/a,-0.5,0.0,0.0,0.0,0.0,0.0
1789981681,26620392,n/a,-0.5,0.0,0.0,0.0,0.0,0.0
1789981681,76584908,n/a,-0.5,0.0,0.0,0.0,0.0,0.0
1789981681,126561084,n/a,-0.5,0.0,0.0,0.0,0.0,0.0
1789981681,176504265,n/a,-0.5,0.0,0.0,0.0,0.0,0.0
1789981681,226565759,n/a,-0.5,0.0,0.0,0.0,0.0,0.0
1789981681,276519974,n/a,-0.5,0.0,0.0,0.0,0.0,0.0
1789981681,326487322,n/a,0.0,0.0,0.0,0.0,0.0,0.0
1789981681,376534749,n/a,0.0,0.0,0.0,0.0,0.0,0.0
1789981681,426503169,n/a,0.0,0.0,0.0,0.0,0.0,0.0
1789981681,476555246,n/a,0.0,0.0,0.0,0.0,0.0,0.0
1789981681,526566308,n/a,0.0,0.0,0.0,0.0,0.0,0.0
1789981681,576505340,n/a,0.0,0.0,0.0,0.0,0.0,0.0
1789981681,626568265,n/a,0.0,0.0,0.0,0.0,0.0,0.0
1789981681,676503022,n/a,0.0,0.0,0.0,0.0,0.0,0.0
1789981681,726573605,n/a,0.0,0.0,0.0,0.0,0.0,0.0
1789981681,776574589,n/a,0.0,0.0,0.0,0.0,0.0,0.0
1789981681,826552729,n/a,0.0,0.0,0.0,0.0,0.0,0.0
1789981681,876560655,n/a,0.0,0.0,0.0,0.0,0.0,0.0
1789981681,926558676,n/a,0.0,0.0,0.0,0.0,0.0,0.0
1789981681,976570641,n/a,0.0,0.0,0.0,0.0,0.0,0.0
1789981682,26568650,n/a,0.0,0.0,0.0,0.0,0.0,0.0
1789981682,76535000,n/a,0.0,0.0,0.0,0.0,0.0,0.0
1789981682,126578232,n/a,0.0,0.0,0.0,0.0,0.0,0.0
1789981682,176627968,n/a,0.0,0.0,0.0,0.0,0.0,0.0
1789981682,226568927,n/a,0.0,0.0,0.0,0.0,0.0,0.0
1789981682,276560860,n/a,0.0,0.0,0.0,0.0,0.0,0.0
1789981682,326570253,n/a,0.0,0.0,0.0,0.0,0.0,0.0
1789981682,376597465,n/a,0.0,0.0,0.0,0.0,0.0,0.0
1789981682,426562250,n/a,0.0,0.0,0.0,0.0,0.0,0.0
1789981682,476595295,n/a,0.0,0.0,0.0,0.0,0.0,0.0
1789981682,526595599,n/a,0.0,0.0,0.0,0.0,0.0,0.0
1789981682,576613320,n/a,0.0,0.0,0.0,0.0,0.0,0.0
1789981682,626577551,n/a,0.0,0.0,0.0,0.0,0.0,0.0
1789981682,676601776,n/a,0.0,0.0,0.0,0.0,0.0,0.0
1789981682,726607558,n/a,0.0,0.0,0.0,0.0,0.0,0.0
1789981682,776666582,n/a,0.0,0.0,0.0,0.0,0.0,0.0
1789981682,826538389,n/a,1.0,0.0,0.0,0.0,0.0,0.0
1789981682,876561872,n/a,1.0,0.0,0.0,0.0,0.0,0.0
1789981682,926556900,n/a,1.0,0.0,0.0,0.0,0.0,0.0
1789981682,976520983,n/a,1.0,0.0,0.0,0.0,0.0,0.0
1789981683,26575487,n/a,1.0,0.0,0.0,0.0,0.0,0.0
1789981683,76579272,n/a,1.0,0.0,0.0,0.0,0.0,0.0
1789981683,126521217,n/a,1.0,0.0,0.0,0.0,0.0,0.0
1789981683,176571714,n/a,1.0,0.0,0.0,0.0,0.0,0.0
1789981683,226542253,n/a,1.0,0.0,0.0,0.0,0.0,0.0
1789981683,276514922,n/a,1.0,0.0,0.0,0.0,0.0,0.0
1789981683,326628183,n/a,1.0,0.0,0.0,0.0,0.0,0.0
1789981683,376575779,n/a,1.0,0.0,0.0,0.0,0.0,0.0
1789981683,426578433,n/a,1.0,0.0,0.0,0.0,0.0,0.0
1789981683,476517370,n/a,1.0,0.0,0.0,0.0,0.0,0.0
1789981683,526547981,n/a,1.0,0.0,0.0,0.0,0.0,0.0
1789981683,576568489,n/a,1.0,0.0,0.0,0.0,0.0,0.0
1789981683,626565674,n/a,1.0,0.0,0.0,0.0,0.0,0.0
1789981683,676575898,n/a,1.0,0.0,0.0,0.0,0.0,0.0
1789981683,726556464,n/a,1.0,0.0,0.0,0.0,0.0,0.0
1789981683,776588562,n/a,1.0,0.0,0.0,0.0,0.0,0.0
1789981683,826561365,n/a,1.0,0.0,0.0,0.0,0.0,0.0
1789981683,876576467,n/a,1.0,0.0,0.0,0.0,0.0,0.0
1789981683,926583931,n/a,1.0,0.0,0.0,0.0,0.0,0.0
1789981683,976579906,n/a,1.0,0.0,0.0,0.0,0.0,0.0
1789981684,26594539,n/a,1.0,0.0,0.0,0.0,0.0,0.0
1789981684,76541077,n/a,1.0,0.0,0.0,0.0,0.0,0.0
1789981684,126553925,n/a,1.0,0.0,0.0,0.0,0.0,0.0
1789981684,176575859,n/a,1.0,0.0,0.0,0.0,0.0,0.0
1789981684,226582547,n/a,1.0,0.0,0.0,0.0,0.0,0.0
1789981684,276571947,n/a,1.0,0.0,0.0,0.0,0.0,0.0
1789981684,326544848,n/a,1.0,0.0,0.0,0.0,0.0,0.0
1789981684,376606740,n/a,1.0,0.0,0.0,0.0,0.0,0.0
1789981684,426586266,n/a,1.0,0.0,0.0,0.0,0.0,0.0
1789981684,476627446,n/a,1.0,0.0,0.0,0.0,0.0,0.0
1789981684,526538478,n/a,1.0,0.0,0.0,0.0,0.0,0.0
1789981684,576550101,n/a,1.0,0.0,0.0,0.0,0.0,0.0
1789981684,626577892,n/a,1.0,0.0,0.0,0.0,0.0,0.0
1789981684,676570196,n/a,1.0,0.0,0.0,0.0,0.0,0.0
1789981684,726582515,n/a,1.0,0.0,0.0,0.0,0.0,0.0
1789981684,776610676,n/a,1.0,0.0,0.0,0.0,0.0,0.0
1789981684,826595254,n/a,1.0,0.0,0.0,0.0,0.0,0.0
1789981684,876519523,n/a,1.0,0.0,0.0,0.0,0.0,0.0
1789981684,926546131,n/a,1.0,0.0,0.0,0.0,0.0,0.0
1789981684,976527496,n/a,1.0,0.0,0.0,0.0,0.0,0.0
1789981685,26552853,n/a,1.0,0.0,0.0,0.0,0.0,0.0
1789981685,76534266,n/a,1.0,0.0,0.0,0.0,0.0,0.0
1789981685,126582721,n/a,1.0,0.0,0.0,0.0,0.0,0.0
1789981685,176578428,n/a,1.0,0.0,0.0,0.0,0.0,0.0
1789981685,226593508,n/a,1.0,0.0,0.0,0.0,0.0,0.0
1789981685,276593486,n/a,1.0,0.0,0.0,0.0,0.0,0.0
1789981685,326604095,n/a,1.0,0.0,0.0,0.0,0.0,0.0
1789981685,376614332,n/a,1.0,0.0,0.0,0.0,0.0,0.0
1789981685,426627063,n/a,1.0,0.0,0.0,0.0,0.0,0.0
1789981685,476593723,n/a,1.0,0.0,0.0,0.0,0.0,0.0
1789981685,526631411,n/a,1.0,0.0,0.0,0.0,0.0,0.0
1789981685,576564528,n/a,1.0,0.0,0.0,0.0,0.0,0.0
1789981685,626631024,n/a,1.0,0.0,0.0,0.0,0.0,0.0
1789981685,676568720,n/a,1.0,0.0,0.0,0.0,0.0,0.0
1789981685,726632014,n/a,1.0,0.0,0.0,0.0,0.0,0.0
1789981685,776567425,n/a,1.0,0.0,0.0,0.0,0.0,0.0
1789981685,826646800,n/a,0.0,0.0,0.0,0.0,0.0,0.0
1789981685,876559916,n/a,0.0,0.0,0.0,0.0,0.0,0.0
1789981685,926574654,n/a,0.0,0.0,0.0,0.0,0.0,0.0
1789981685,976578270,n/a,0.0,0.0,0.0,0.0,0.0,0.0
1789981686,26683812,n/a,0.0,0.0,0.0,0.0,0.0,0.0
1789981686,76518278,n/a,0.0,0.0,0.0,0.0,0.0,0.0
1789981686,126575530,n/a,0.0,0.0,0.0,0.0,0.0,0.0
1789981686,176575973,n/a,0.0,0.0,0.0,0.0,0.0,0.0
1789981686,226694739,n/a,0.0,0.0,0.0,0.0,0.0,0.0
1789981686,276571285,n/a,0.0,0.0,0.0,0.0,0.0,0.0
1789981686,326712759,n/a,0.0,0.0,0.0,0.0,0.0,0.0
1789981686,376605441,n/a,0.0,0.0,0.0,0.0,0.0,0.0
1789981686,426612341,n/a,0.0,0.0,0.0,0.0,0.0,0.0
1789981686,476608225,n/a,0.0,0.0,0.0,0.0,0.0,0.0
1789981686,526652541,n/a,0.0,0.0,0.0,0.0,0.0,0.0
1789981686,576572475,n/a,0.0,0.0,0.0,0.0,0.0,0.0
1789981686,626563290,n/a,0.0,0.0,0.0,0.0,0.0,0.0
1789981686,676525387,n/a,0.0,0.0,0.0,0.0,0.0,0.0
1789981686,726574713,n/a,0.0,0.0,0.0,0.0,0.0,0.0
1789981686,776570928,n/a,0.0,0.0,0.0,0.0,0.0,0.0
1789981686,826536580,n/a,0.0,0.0,0.0,0.0,0.0,0.0
1789981686,876544805,n/a,0.0,0.0,0.0,0.0,0.0,0.0
1789981686,926589389,n/a,0.0,0.0,0.0,0.0,0.0,0.0
1789981686,976519863,n/a,0.0,0.0,0.0,0.0,0.0,0.0
1789981687,26562687,n/a,0.0,0.0,0.0,0.0,0.0,0.0
1789981687,76612634,n/a,0.0,0.0,0.0,0.0,0.0,0.0
1789981687,126556572,n/a,0.0,0.0,0.0,0.0,0.0,0.0
1789981687,176610359,n/a,0.0,0.0,0.0,0.0,0.0,0.0
1789981687,226574604,n/a,0.0,0.0,0.0,0.0,0.0,0.0
1789981687,276557069,n/a,0.0,0.0,0.0,0.0,0.0,0.0
1789981687,326486159,n/a,-1.0,0.0,0.0,0.0,0.0,0.0
1789981687,376594611,n/a,-1.0,0.0,0.0,0.0,0.0,0.0
1789981687,426547745,n/a,-1.0,0.0,0.0,0.0,0.0,0.0
1789981687,476649747,n/a,-1.0,0.0,0.0,0.0,0.0,0.0
1789981687,526579837,n/a,-1.0,0.0,0.0,0.0,0.0,0.0
1789981687,576616237,n/a,-1.0,0.0,0.0,0.0,0.0,0.0
1789981687,626592487,n/a,-1.0,0.0,0.0,0.0,0.0,0.0
1789981687,676595677,n/a,-1.0,0.0,0.0,0.0,0.0,0.0
1789981687,726555278,n/a,-1.0,0.0,0.0,0.0,0.0,0.0
1789981687,776563925,n/a,-1.0,0.0,0.0,0.0,0.0,0.0
1789981687,826596949,n/a,-1.0,0.0,0.0,0.0,0.0,0.0
1789981687,876556808,n/a,-1.0,0.0,0.0,0.0,0.0,0.0
1789981687,926511819,n/a,-1.0,0.0,0.0,0.0,0.0,0.0
1789981687,976538819,n/a,-1.0,0.0,0.0,0.0,0.0,0.0
1789981688,26520519,n/a,-1.0,0.0,0.0,0.0,0.0,0.0
1789981688,76557889,n/a,-1.0,0.0,0.0,0.0,0.0,0.0
1789981688,126576290,n/a,-1.0,0.0,0.0,0.0,0.0,0.0
1789981688,176549528,n/a,-1.0,0.0,0.0,0.0,0.0,0.0
1789981688,226624738,n/a,-1.0,0.0,0.0,0.0,0.0,0.0
1789981688,276562722,n/a,-1.0,0.0,0.0,0.0,0.0,0.0
1789981688,326564216,n/a,-1.0,0.0,0.0,0.0,0.0,0.0
1789981688,376538105,n/a,-1.0,0.0,0.0,0.0,0.0,0.0
1789981688,426569856,n/a,-1.0,0.0,0.0,0.0,0.0,0.0
1789981688,476537126,n/a,-1.0,0.0,0.0,0.0,0.0,0.0
1789981688,526531742,n/a,-1.0,0.0,0.0,0.0,0.0,0.0
1789981688,576547001,n/a,-1.0,0.0,0.0,0.0,0.0,0.0
1789981688,626576293,n/a,-1.0,0.0,0.0,0.0,0.0,0.0
1789981688,676535273,n/a,-1.0,0.0,0.0,0.0,0.0,0.0
1789981688,726547984,n/a,-1.0,0.0,0.0,0.0,0.0,0.0
1789981688,776504452,n/a,-1.0,0.0,0.0,0.0,0.0,0.0
1789981688,826558630,n/a,-1.0,0.0,0.0,0.0,0.0,0.0
1789981688,876567665,n/a,-1.0,0.0,0.0,0.0,0.0,0.0
1789981688,926564626,n/a,-1.0,0.0,0.0,0.0,0.0,0.0
1789981688,976589138,n/a,-1.0,0.0,0.0,0.0,0.0,0.0
1789981689,26573590,n/a,-1.0,0.0,0.0,0.0,0.0,0.0
1789981689,76609093,n/a,-1.0,0.0,0.0,0.0,0.0,0.0
1789981689,126506215,n/a,-1.0,0.0,0.0,0.0,0.0,0.0
1789981689,176533918,n/a,-1.0,0.0,0.0,0.0,0.0,0.0
1789981689,226555618,n/a,-1.0,0.0,0.0,0.0,0.0,0.0
1789981689,276541278,n/a,-1.0,0.0,0.0,0.0,0.0,0.0
1789981689,326595053,n/a,-1.0,0.0,0.0,0.0,0.0,0.0
1789981689,376540932,n/a,-1.0,0.0,0.0,0.0,0.0,0.0
1789981689,426570943,n/a,-1.0,0.0,0.0,0.0,0.0,0.0
1789981689,476502160,n/a,-1.0,0.0,0.0,0.0,0.0,0.0
1789981689,526539081,n/a,-1.0,0.0,0.0,0.0,0.0,0.0
1789981689,576568907,n/a,-1.0,0.0,0.0,0.0,0.0,0.0
1789981689,626482273,n/a,-1.0,0.0,0.0,0.0,0.0,0.0
1789981689,676549882,n/a,-1.0,0.0,0.0,0.0,0.0,0.0
1789981689,726611152,n/a,-1.0,0.0,0.0,0.0,0.0,0.0
1789981689,776562729,n/a,-1.0,0.0,0.0,0.0,0.0,0.0
1789981689,826585582,n/a,-1.0,0.0,0.0,0.0,0.0,0.0
1789981689,876601187,n/a,-1.0,0.0,0.0,0.0,0.0,0.0
1789981689,926543933,n/a,-1.0,0.0,0.0,0.0,0.0,0.0
1789981689,976560777,n/a,-1.0,0.0,0.0,0.0,0.0,0.0
1789981690,26593966,n/a,-1.0,0.0,0.0,0.0,0.0,0.0
1789981690,76556321,n/a,-1.0,0.0,0.0,0.0,0.0,0.0
1789981690,126547673,n/a,-1.0,0.0,0.0,0.0,0.0,0.0
1789981690,176534082,n/a,-1.0,0.0,0.0,0.0,0.0,0.0
1789981690,226583014,n/a,-1.0,0.0,0.0,0.0,0.0,0.0
1789981690,276562753,n/a,-1.0,0.0,0.0,0.0,0.0,0.0
1789981690,326594758,n/a,0.0,0.0,0.0,0.0,0.0,0.0
1789981690,376591907,n/a,0.0,0.0,0.0,0.0,0.0,0.0
1789981690,426506441,n/a,0.0,0.0,0.0,0.0,0.0,0.0
1789981690,476526627,n/a,0.0,0.0,0.0,0.0,0.0,0.0
1789981690,526538185,n/a,0.0,0.0,0.0,0.0,0.0,0.0
1789981690,576516815,n/a,0.0,0.0,0.0,0.0,0.0,0.0
1789981690,626574255,n/a,0.0,0.0,0.0,0.0,0.0,0.0
1789981690,676600895,n/a,0.0,0.0,0.0,0.0,0.0,0.0
1789981690,726592124,n/a,0.0,0.0,0.0,0.0,0.0,0.0
1789981690,776615611,n/a,0.0,0.0,0.0,0.0,0.0,0.0
1789981690,826605455,n/a,0.0,0.0,0.0,0.0,0.0,0.0
1789981690,876647862,n/a,0.0,0.0,0.0,0.0,0.0,0.0
1789981690,926604699,n/a,0.0,0.0,0.0,0.0,0.0,0.0
1789981690,976656768,n/a,0.0,0.0,0.0,0.0,0.0,0.0
1789981691,26527171,n/a,0.0,0.0,0.0,0.0,0.0,0.0
1789981691,76591741,n/a,0.0,0.0,0.0,0.0,0.0,0.0
1789981691,126589772,n/a,0.0,0.0,0.0,0.0,0.0,0.0
1789981691,176643407,n/a,0.0,0.0,0.0,0.0,0.0,0.0
1789981691,226551219,n/a,0.0,0.0,0.0,0.0,0.0,0.0
1789981691,276528552,n/a,0.0,0.0,0.0,0.0,0.0,0.0
1789981691,326606848,n/a,0.0,0.0,0.0,0.0,0.0,0.0
1789981691,376600112,n/a,0.0,0.0,0.0,0.0,0.0,0.0
1789981691,426583932,n/a,0.0,0.0,0.0,0.0,0.0,0.0
1789981691,476504125,n/a,0.0,0.0,0.0,0.0,0.0,0.0
1789981691,526646719,n/a,0.0,0.0,0.0,0.0,0.0,0.0
1789981691,576606180,n/a,0.0,0.0,0.0,0.0,0.0,0.0
1789981691,626639802,n/a,0.0,0.0,0.0,0.0,0.0,0.0
1789981691,676600939,n/a,0.0,0.0,0.0,0.0,0.0,0.0
1789981691,726578376,n/a,0.0,0.0,0.0,0.0,0.0,0.0
1789981691,776554517,n/a,0.0,0.0,0.0,0.0,0.0,0.0
1789981691,826568976,n/a,0.25,0.0,0.0,0.0,0.0,0.0
1789981691,876707148,n/a,0.25,0.0,0.0,0.0,0.0,0.0
1789981691,926623781,n/a,0.25,0.0,0.0,0.0,0.0,0.0
1789981691,976646203,n/a,0.25,0.0,0.0,0.0,0.0,0.0
1789981692,26612177,n/a,0.25,0.0,0.0,0.0,0.0,0.0
1789981692,76527165,n/a,0.25,0.0,0.0,0.0,0.0,0.0
1789981692,126651464,n/a,0.25,0.0,0.0,0.0,0.0,0.0
1789981692,176590480,n/a,0.25,0.0,0.0,0.0,0.0,0.0
1789981692,226615639,n/a,0.25,0.0,0.0,0.0,0.0,0.0
1789981692,276616035,n/a,0.25,0.0,0.0,0.0,0.0,0.0
1789981692,326602282,n/a,0.25,0.0,0.0,0.0,0.0,0.0
1789981692,376590925,n/a,0.25,0.0,0.0,0.0,0.0,0.0
1789981692,426605477,n/a,0.25,0.0,0.0,0.0,0.0,0.0
1789981692,476637341,n/a,0.25,0.0,0.0,0.0,0.0,0.0
1789981692,526650343,n/a,0.25,0.0,0.0,0.0,0.0,0.0
1789981692,576624643,n/a,0.25,0.0,0.0,0.0,0.0,0.0
1789981692,626602748,n/a,0.25,0.0,0.0,0.0,0.0,0.0
1789981692,676596195,n/a,0.25,0.0,0.0,0.0,0.0,0.0
1789981692,726731562,n/a,0.25,0.0,0.0,0.0,0.0,0.0
1789981692,776604080,n/a,0.25,0.0,0.0,0.0,0.0,0.0
1789981692,826609224,n/a,0.25,0.0,0.0,0.0,0.0,0.0
1789981692,876587950,n/a,0.25,0.0,0.0,0.0,0.0,0.0
1789981692,926608621,n/a,0.25,0.0,0.0,0.0,0.0,0.0
1789981692,976655836,n/a,0.25,0.0,0.0,0.0,0.0,0.0
1789981693,26616232,n/a,0.25,0.0,0.0,0.0,0.0,0.0
1789981693,76639914,n/a,0.25,0.0,0.0,0.0,0.0,0.0
1789981693,126629703,n/a,0.25,0.0,0.0,0.0,0.0,0.0
1789981693,176633199,n/a,0.25,0.0,0.0,0.0,0.0,0.0
1789981693,226612792,n/a,0.25,0.0,0.0,0.0,0.0,0.0
1789981693,276597852,n/a,0.25,0.0,0.0,0.0,0.0,0.0
1789981693,326646974,n/a,0.25,0.0,0.0,0.0,0.0,0.0
1789981693,376591028,n/a,0.25,0.0,0.0,0.0,0.0,0.0
1789981693,426601416,n/a,0.25,0.0,0.0,0.0,0.0,0.0
1789981693,476627743,n/a,0.25,0.0,0.0,0.0,0.0,0.0
1789981693,526613239,n/a,0.25,0.0,0.0,0.0,0.0,0.0
1789981693,576638216,n/a,0.25,0.0,0.0,0.0,0.0,0.0
1789981693,626634194,n/a,0.25,0.0,0.0,0.0,0.0,0.0
1789981693,676690330,n/a,0.25,0.0,0.0,0.0,0.0,0.0
1789981693,726582042,n/a,0.25,0.0,0.0,0.0,0.0,0.0
1789981693,776595331,n/a,0.25,0.0,0.0,0.0,0.0,0.0
1789981693,826602415,n/a,0.25,0.0,0.0,0.0,0.0,0.0
1789981693,876611002,n/a,0.25,0.0,0.0,0.0,0.0,0.0
1789981693,926594515,n/a,0.25,0.0,0.0,0.0,0.0,0.0
1789981693,976585784,n/a,0.25,0.0,0.0,0.0,0.0,0.0
1789981694,26627626,n/a,0.25,0.0,0.0,0.0,0.0,0.0
1789981694,76601200,n/a,0.25,0.0,0.0,0.0,0.0,0.0
1789981694,126621049,n/a,0.25,0.0,0.0,0.0,0.0,0.0
1789981694,176609518,n/a,0.25,0.0,0.0,0.0,0.0,0.0
1789981694,226594118,n/a,0.25,0.0,0.0,0.0,0.0,0.0
1789981694,276687372,n/a,0.25,0.0,0.0,0.0,0.0,0.0
1789981694,326609011,n/a,0.25,0.0,0.0,0.0,0.0,0.0
1789981694,376613554,n/a,0.25,0.0,0.0,0.0,0.0,0.0
1789981694,426627651,n/a,0.25,0.0,0.0,0.0,0.0,0.0
1789981694,476649524,n/a,0.25,0.0,0.0,0.0,0.0,0.0
1789981694,526632110,n/a,0.25,0.0,0.0,0.0,0.0,0.0
1789981694,576577177,n/a,0.25,0.0,0.0,0.0,0.0,0.0
1789981694,626535376,n/a,0.25,0.0,0.0,0.0,0.0,0.0
1789981694,676531891,n/a,0.25,0.0,0.0,0.0,0.0,0.0
1789981694,726554870,n/a,0.25,0.0,0.0,0.0,0.0,0.0
1789981694,776567694,n/a,0.25,0.0,0.0,0.0,0.0,0.0
1789981694,826596562,n/a,0.0,0.0,0.0,0.0,0.0,0.0
1789981694,876533463,n/a,0.0,0.0,0.0,0.0,0.0,0.0
1789981694,926601987,n/a,0.0,0.0,0.0,0.0,0.0,0.0
1789981694,976570889,n/a,0.0,0.0,0.0,0.0,0.0,0.0
1789981695,26585231,n/a,0.0,0.0,0.0,0.0,0.0,0.0
1789981695,76550237,n/a,0.0,0.0,0.0,0.0,0.0,0.0
1789981695,126587684,n/a,0.0,0.0,0.0,0.0,0.0,0.0
1789981695,176581871,n/a,0.0,0.0,0.0,0.0,0.0,0.0
1789981695,226518668,n/a,0.0,0.0,0.0,0.0,0.0,0.0
1789981695,276576608,n/a,0.0,0.0,0.0,0.0,0.0,0.0
1789981695,326591862,n/a,0.0,0.0,0.0,0.0,0.0,0.0
1789981695,376527311,n/a,0.0,0.0,0.0,0.0,0.0,0.0
1789981695,426573094,n/a,0.0,0.0,0.0,0.0,0.0,0.0
1789981695,476554511,n/a,0.0,0.0,0.0,0.0,0.0,0.0
1789981695,526565449,n/a,0.0,0.0,0.0,0.0,0.0,0.0
1789981695,576608951,n/a,0.0,0.0,0.0,0.0,0.0,0.0
1789981695,626610282,n/a,0.0,0.0,0.0,0.0,0.0,0.0
1789981695,676604637,n/a,0.0,0.0,0.0,0.0,0.0,0.0
1789981695,726665308,n/a,0.0,0.0,0.0,0.0,0.0,0.0
1789981695,776598759,n/a,0.0,0.0,0.0,0.0,0.0,0.0
1789981695,826643617,n/a,0.0,0.0,0.0,0.0,0.0,0.0
1789981695,876557620,n/a,0.0,0.0,0.0,0.0,0.0,0.0
1789981695,926546650,n/a,0.0,0.0,0.0,0.0,0.0,0.0
1789981695,976593799,n/a,0.0,0.0,0.0,0.0,0.0,0.0
1789981696,26578507,n/a,0.0,0.0,0.0,0.0,0.0,0.0
1789981696,76583911,n/a,0.0,0.0,0.0,0.0,0.0,0.0
1789981696,126559267,n/a,0.0,0.0,0.0,0.0,0.0,0.0
1789981696,176632598,n/a,0.0,0.0,0.0,0.0,0.0,0.0
1789981696,226583207,n/a,0.0,0.0,0.0,0.0,0.0,0.0
1789981696,276541193,n/a,0.0,0.0,0.0,0.0,0.0,0.0
1789981696,326551877,n/a,-0.25,0.0,0.0,0.0,0.0,0.0
1789981696,376593009,n/a,-0.25,0.0,0.0,0.0,0.0,0.0
1789981696,426558266,n/a,-0.25,0.0,0.0,0.0,0.0,0.0
1789981696,476580777,n/a,-0.25,0.0,0.0,0.0,0.0,0.0
1789981696,526550076,n/a,-0.25,0.0,0.0,0.0,0.0,0.0
1789981696,576519056,n/a,-0.25,0.0,0.0,0.0,0.0,0.0
1789981696,626537493,n/a,-0.25,0.0,0.0,0.0,0.0,0.0
1789981696,676545540,n/a,-0.25,0.0,0.0,0.0,0.0,0.0
1789981696,726540435,n/a,-0.25,0.0,0.0,0.0,0.0,0.0
1789981696,776592222,n/a,-0.25,0.0,0.0,0.0,0.0,0.0
1789981696,826550957,n/a,-0.25,0.0,0.0,0.0,0.0,0.0
1789981696,876590058,n/a,-0.25,0.0,0.0,0.0,0.0,0.0
1789981696,926549462,n/a,-0.25,0.0,0.0,0.0,0.0,0.0
1789981696,976554539,n/a,-0.25,0.0,0.0,0.0,0.0,0.0
1789981697,26553913,n/a,-0.25,0.0,0.0,0.0,0.0,0.0
1789981697,76580279,n/a,-0.25,0.0,0.0,0.0,0.0,0.0
1789981697,126539978,n/a,-0.25,0.0,0.0,0.0,0.0,0.0
1789981697,176574380,n/a,-0.25,0.0,0.0,0.0,0.0,0.0
1789981697,226531113,n/a,-0.25,0.0,0.0,0.0,0.0,0.0
1789981697,276551365,n/a,-0.25,0.0,0.0,0.0,0.0,0.0
1789981697,326595531,n/a,-0.25,0.0,0.0,0.0,0.0,0.0
1789981697,376606875,n/a,-0.25,0.0,0.0,0.0,0.0,0.0
1789981697,426615347,n/a,-0.25,0.0,0.0,0.0,0.0,0.0
1789981697,476581205,n/a,-0.25,0.0,0.0,0.0,0.0,0.0
1789981697,526585367,n/a,-0.25,0.0,0.0,0.0,0.0,0.0
1789981697,576555749,n/a,-0.25,0.0,0.0,0.0,0.0,0.0
1789981697,626620411,n/a,-0.25,0.0,0.0,0.0,0.0,0.0
1789981697,676621224,n/a,-0.25,0.0,0.0,0.0,0.0,0.0
1789981697,726566596,n/a,-0.25,0.0,0.0,0.0,0.0,0.0
1789981697,776548264,n/a,-0.25,0.0,0.0,0.0,0.0,0.0
1789981697,826581023,n/a,-0.25,0.0,0.0,0.0,0.0,0.0
1789981697,876603639,n/a,-0.25,0.0,0.0,0.0,0.0,0.0
1789981697,926590281,n/a,-0.25,0.0,0.0,0.0,0.0,0.0
1789981697,976539361,n/a,-0.25,0.0,0.0,0.0,0.0,0.0
1789981698,26630594,n/a,-0.25,0.0,0.0,0.0,0.0,0.0
1789981698,76579085,n/a,-0.25,0.0,0.0,0.0,0.0,0.0
1789981698,126577721,n/a,-0.25,0.0,0.0,0.0,0.0,0.0
1789981698,176523390,n/a,-0.25,0.0,0.0,0.0,0.0,0.0
1789981698,226607342,n/a,-0.25,0.0,0.0,0.0,0.0,0.0
1789981698,276542015,n/a,-0.25,0.0,0.0,0.0,0.0,0.0
1789981698,326589579,n/a,-0.25,0.0,0.0,0.0,0.0,0.0
1789981698,376585539,n/a,-0.25,0.0,0.0,0.0,0.0,0.0
1789981698,426574145,n/a,-0.25,0.0,0.0,0.0,0.0,0.0
1789981698,476534504,n/a,-0.25,0.0,0.0,0.0,0.0,0.0
1789981698,526550026,n/a,-0.25,0.0,0.0,0.0,0.0,0.0
1789981698,576553120,n/a,-0.25,0.0,0.0,0.0,0.0,0.0
1789981698,626556084,n/a,-0.25,0.0,0.0,0.0,0.0,0.0
1789981698,676663496,n/a,-0.25,0.0,0.0,0.0,0.0,0.0
1789981698,726586394,n/a,-0.25,0.0,0.0,0.0,0.0,0.0
1789981698,776520255,n/a,-0.25,0.0,0.0,0.0,0.0,0.0
1789981698,826600478,n/a,-0.25,0.0,0.0,0.0,0.0,0.0
1789981698,876601526,n/a,-0.25,0.0,0.0,0.0,0.0,0.0
1789981698,926553634,n/a,-0.25,0.0,0.0,0.0,0.0,0.0
1789981698,976558080,n/a,-0.25,0.0,0.0,0.0,0.0,0.0
1789981699,26604587,n/a,-0.25,0.0,0.0,0.0,0.0,0.0
1789981699,76568532,n/a,-0.25,0.0,0.0,0.0,0.0,0.0
1789981699,126576191,n/a,-0.25,0.0,0.0,0.0,0.0,0.0
1789981699,176513216,n/a,-0.25,0.0,0.0,0.0,0.0,0.0
1789981699,226602286,n/a,-0.25,0.0,0.0,0.0,0.0,0.0
1789981699,276588167,n/a,-0.25,0.0,0.0,0.0,0.0,0.0
1789981699,326540965,n/a,0.0,0.0,0.0,0.0,0.0,0.0
1789981699,376569445,n/a,0.0,0.0,0.0,0.0,0.0,0.0
1789981699,426580851,n/a,0.0,0.0,0.0,0.0,0.0,0.0
1789981699,476591394,n/a,0.0,0.0,0.0,0.0,0.0,0.0
1789981699,526622005,n/a,0.0,0.0,0.0,0.0,0.0,0.0
1789981699,576600664,n/a,0.0,0.0,0.0,0.0,0.0,0.0
1789981699,626587003,n/a,0.0,0.0,0.0,0.0,0.0,0.0
1789981699,676620984,n/a,0.0,0.0,0.0,0.0,0.0,0.0
1789981699,726576565,n/a,0.0,0.0,0.0,0.0,0.0,0.0
1789981699,776584330,n/a,0.0,0.0,0.0,0.0,0.0,0.0
1789981699,826614681,n/a,0.0,0.0,0.0,0.0,0.0,0.0
1789981699,876668593,n/a,0.0,0.0,0.0,0.0,0.0,0.0
1789981699,926595104,n/a,0.0,0.0,0.0,0.0,0.0,0.0
1789981699,976565559,n/a,0.0,0.0,0.0,0.0,0.0,0.0
1789981700,26595405,n/a,0.0,0.0,0.0,0.0,0.0,0.0
1789981700,76569565,n/a,0.0,0.0,0.0,0.0,0.0,0.0
1789981700,126626094,n/a,0.0,0.0,0.0,0.0,0.0,0.0
1789981700,176613506,n/a,0.0,0.0,0.0,0.0,0.0,0.0
1789981700,226617515,n/a,0.0,0.0,0.0,0.0,0.0,0.0
1789981700,276522444,n/a,0.0,0.0,0.0,0.0,0.0,0.0
1789981700,326539453,n/a,0.0,0.0,0.0,0.0,0.0,0.0
1789981700,376546543,n/a,0.0,0.0,0.0,0.0,0.0,0.0
1789981700,426543071,n/a,0.0,0.0,0.0,0.0,0.0,0.0
1789981700,476731511,n/a,0.0,0.0,0.0,0.0,0.0,0.0
1789981700,526607409,n/a,0.0,0.0,0.0,0.0,0.0,0.0
1789981700,576577997,n/a,0.0,0.0,0.0,0.0,0.0,0.0
1789981700,626558379,n/a,0.0,0.0,0.0,0.0,0.0,0.0
1789981700,676589392,n/a,0.0,0.0,0.0,0.0,0.0,0.0
1789981700,726618472,n/a,0.0,0.0,0.0,0.0,0.0,0.0
1789981700,776585556,n/a,0.0,0.0,0.0,0.0,0.0,0.0
1789981700,826517651,n/a,0.0,0.0,0.0,0.0,0.0,0.0
1789981700,876633535,n/a,0.0,0.0,0.0,0.0,0.0,0.0
1789981700,926566351,n/a,0.0,0.0,0.0,0.0,0.0,0.0
1789981700,976600790,n/a,0.0,0.0,0.0,0.0,0.0,0.0
1789981701,26631590,n/a,0.0,0.0,0.0,0.0,0.0,0.0
1789981701,76612817,n/a,0.0,0.0,0.0,0.0,0.0,0.0
1789981701,126635328,n/a,0.0,0.0,0.0,0.0,0.0,0.0
1789981701,176572321,n/a,0.0,0.0,0.0,0.0,0.0,0.0
1789981701,226579189,n/a,0.0,0.0,0.0,0.0,0.0,0.0
1789981701,276555825,n/a,0.0,0.0,0.0,0.0,0.0,0.0
1789981701,326580967,n/a,0.75,0.0,0.0,0.0,0.0,0.0
1789981701,376665305,n/a,0.75,0.0,0.0,0.0,0.0,0.0
1789981701,426578065,n/a,0.75,0.0,0.0,0.0,0.0,0.0
1789981701,476587254,n/a,0.75,0.0,0.0,0.0,0.0,0.0
1789981701,526600037,n/a,0.75,0.0,0.0,0.0,0.0,0.0
1789981701,576601687,n/a,0.75,0.0,0.0,0.0,0.0,0.0
1789981701,626550393,n/a,0.75,0.0,0.0,0.0,0.0,0.0
1789981701,676579026,n/a,0.75,0.0,0.0,0.0,0.0,0.0
1789981701,726645625,n/a,0.75,0.0,0.0,0.0,0.0,0.0
1789981701,776623159,n/a,0.75,0.0,0.0,0.0,0.0,0.0
1789981701,826646892,n/a,0.75,0.0,0.0,0.0,0.0,0.0
1789981701,876604441,n/a,0.75,0.0,0.0,0.0,0.0,0.0
1789981701,926632502,n/a,0.75,0.0,0.0,0.0,0.0,0.0
1789981701,976651909,n/a,0.75,0.0,0.0,0.0,0.0,0.0
1789981702,26619360,n/a,0.75,0.0,0.0,0.0,0.0,0.0
1789981702,76590808,n/a,0.75,0.0,0.0,0.0,0.0,0.0
1789981702,126593948,n/a,0.75,0.0,0.0,0.0,0.0,0.0
1789981702,176673988,n/a,0.75,0.0,0.0,0.0,0.0,0.0
1789981702,226659037,n/a,0.75,0.0,0.0,0.0,0.0,0.0
1789981702,276652232,n/a,0.75,0.0,0.0,0.0,0.0,0.0
1789981702,326651033,n/a,0.75,0.0,0.0,0.0,0.0,0.0
1789981702,376677746,n/a,0.75,0.0,0.0,0.0,0.0,0.0
1789981702,426652713,n/a,0.75,0.0,0.0,0.0,0.0,0.0
1789981702,476580091,n/a,0.75,0.0,0.0,0.0,0.0,0.0
1789981702,526627717,n/a,0.75,0.0,0.0,0.0,0.0,0.0
1789981702,576557046,n/a,0.75,0.0,0.0,0.0,0.0,0.0
1789981702,626640202,n/a,0.75,0.0,0.0,0.0,0.0,0.0
1789981702,676600575,n/a,0.75,0.0,0.0,0.0,0.0,0.0
1789981702,726603494,n/a,0.75,0.0,0.0,0.0,0.0,0.0
1789981702,776613115,n/a,0.75,0.0,0.0,0.0,0.0,0.0
1789981702,826667580,n/a,-0.75,0.0,0.0,0.0,0.0,0.0
1789981702,876625369,n/a,-0.75,0.0,0.0,0.0,0.0,0.0
1789981702,926610414,n/a,-0.75,0.0,0.0,0.0,0.0,0.0
1789981702,976581950,n/a,-0.75,0.0,0.0,0.0,0.0,0.0
1789981703,26615122,n/a,-0.75,0.0,0.0,0.0,0.0,0.0
1789981703,76599958,n/a,-0.75,0.0,0.0,0.0,0.0,0.0
1789981703,126616161,n/a,-0.75,0.0,0.0,0.0,0.0,0.0
1789981703,176599649,n/a,-0.75,0.0,0.0,0.0,0.0,0.0
1789981703,226628558,n/a,-0.75,0.0,0.0,0.0,0.0,0.0
1789981703,276547122,n/a,-0.75,0.0,0.0,0.0,0.0,0.0
1789981703,326545692,n/a,-0.75,0.0,0.0,0.0,0.0,0.0
1789981703,376603298,n/a,-0.75,0.0,0.0,0.0,0.0,0.0
1789981703,426602248,n/a,-0.75,0.0,0.0,0.0,0.0,0.0
1789981703,476574509,n/a,-0.75,0.0,0.0,0.0,0.0,0.0
1789981703,526592761,n/a,-0.75,0.0,0.0,0.0,0.0,0.0
1789981703,576520975,n/a,-0.75,0.0,0.0,0.0,0.0,0.0
1789981703,626554330,n/a,-0.75,0.0,0.0,0.0,0.0,0.0
1789981703,676617652,n/a,-0.75,0.0,0.0,0.0,0.0,0.0
1789981703,726581662,n/a,-0.75,0.0,0.0,0.0,0.0,0.0
1789981703,776598034,n/a,-0.75,0.0,0.0,0.0,0.0,0.0
1789981703,826629931,n/a,-0.75,0.0,0.0,0.0,0.0,0.0
1789981703,876542476,n/a,-0.75,0.0,0.0,0.0,0.0,0.0
1789981703,926618352,n/a,-0.75,0.0,0.0,0.0,0.0,0.0
1789981703,976619573,n/a,-0.75,0.0,0.0,0.0,0.0,0.0
1789981704,26556310,n/a,-0.75,0.0,0.0,0.0,0.0,0.0
1789981704,76598201,n/a,-0.75,0.0,0.0,0.0,0.0,0.0
1789981704,126601754,n/a,-0.75,0.0,0.0,0.0,0.0,0.0
1789981704,176615814,n/a,-0.75,0.0,0.0,0.0,0.0,0.0
1789981704,226592277,n/a,-0.75,0.0,0.0,0.0,0.0,0.0
1789981704,276570699,n/a,-0.75,0.0,0.0,0.0,0.0,0.0
1789981704,326606150,n/a,0.35,0.0,0.0,0.0,0.0,0.0
1789981704,376587866,n/a,0.35,0.0,0.0,0.0,0.0,0.0
1789981704,426627246,n/a,0.35,0.0,0.0,0.0,0.0,0.0
1789981704,476604251,n/a,0.35,0.0,0.0,0.0,0.0,0.0
1789981704,526687399,n/a,0.35,0.0,0.0,0.0,0.0,0.0
1789981704,576565171,n/a,0.35,0.0,0.0,0.0,0.0,0.0
1789981704,626604218,n/a,0.35,0.0,0.0,0.0,0.0,0.0
1789981704,676629229,n/a,0.35,0.0,0.0,0.0,0.0,0.0
1789981704,726621838,n/a,0.35,0.0,0.0,0.0,0.0,0.0
1789981704,776620243,n/a,0.35,0.0,0.0,0.0,0.0,0.0
1789981704,826624730,n/a,0.35,0.0,0.0,0.0,0.0,0.0
1789981704,876594168,n/a,0.35,0.0,0.0,0.0,0.0,0.0
1789981704,926585200,n/a,0.35,0.0,0.0,0.0,0.0,0.0
1789981704,976656454,n/a,0.35,0.0,0.0,0.0,0.0,0.0
1789981705,26650013,n/a,0.35,0.0,0.0,0.0,0.0,0.0
1789981705,76626782,n/a,0.35,0.0,0.0,0.0,0.0,0.0
1789981705,126647888,n/a,0.35,0.0,0.0,0.0,0.0,0.0
1789981705,176602708,n/a,0.35,0.0,0.0,0.0,0.0,0.0
1789981705,226601141,n/a,0.35,0.0,0.0,0.0,0.0,0.0
1789981705,276582624,n/a,0.35,0.0,0.0,0.0,0.0,0.0
1789981705,326628848,n/a,0.35,0.0,0.0,0.0,0.0,0.0
1789981705,376569910,n/a,0.35,0.0,0.0,0.0,0.0,0.0
1789981705,426549584,n/a,0.35,0.0,0.0,0.0,0.0,0.0
1789981705,476677769,n/a,0.35,0.0,0.0,0.0,0.0,0.0
1789981705,526575865,n/a,0.35,0.0,0.0,0.0,0.0,0.0
1789981705,576618467,n/a,0.35,0.0,0.0,0.0,0.0,0.0
1789981705,626575829,n/a,0.35,0.0,0.0,0.0,0.0,0.0
1789981705,676584055,n/a,0.35,0.0,0.0,0.0,0.0,0.0
1789981705,726594800,n/a,0.35,0.0,0.0,0.0,0.0,0.0
1789981705,776608892,n/a,0.35,0.0,0.0,0.0,0.0,0.0
1789981705,826548184,n/a,-0.6,0.0,0.0,0.0,0.0,0.0
1789981705,876573767,n/a,-0.6,0.0,0.0,0.0,0.0,0.0
1789981705,926600192,n/a,-0.6,0.0,0.0,0.0,0.0,0.0
1789981705,976568705,n/a,-0.6,0.0,0.0,0.0,0.0,0.0
1789981706,26697403,n/a,-0.6,0.0,0.0,0.0,0.0,0.0
1789981706,76577105,n/a,-0.6,0.0,0.0,0.0,0.0,0.0
1789981706,126584766,n/a,-0.6,0.0,0.0,0.0,0.0,0.0
1789981706,176572790,n/a,-0.6,0.0,0.0,0.0,0.0,0.0
1789981706,226593341,n/a,-0.6,0.0,0.0,0.0,0.0,0.0
1789981706,276629718,n/a,-0.6,0.0,0.0,0.0,0.0,0.0
1789981706,326603692,n/a,-0.6,0.0,0.0,0.0,0.0,0.0
1789981706,376622330,n/a,-0.6,0.0,0.0,0.0,0.0,0.0
1789981706,426629773,n/a,-0.6,0.0,0.0,0.0,0.0,0.0
1789981706,476589900,n/a,-0.6,0.0,0.0,0.0,0.0,0.0
1789981706,526695313,n/a,-0.6,0.0,0.0,0.0,0.0,0.0
1789981706,576584541,n/a,-0.6,0.0,0.0,0.0,0.0,0.0
1789981706,626642372,n/a,-0.6,0.0,0.0,0.0,0.0,0.0
1789981706,676609341,n/a,-0.6,0.0,0.0,0.0,0.0,0.0
1789981706,726593994,n/a,-0.6,0.0,0.0,0.0,0.0,0.0
1789981706,776658541,n/a,-0.6,0.0,0.0,0.0,0.0,0.0
1789981706,826543693,n/a,-0.6,0.0,0.0,0.0,0.0,0.0
1789981706,876630366,n/a,-0.6,0.0,0.0,0.0,0.0,0.0
1789981706,926616840,n/a,-0.6,0.0,0.0,0.0,0.0,0.0
1789981706,976589709,n/a,-0.6,0.0,0.0,0.0,0.0,0.0
1789981707,26615117,n/a,-0.6,0.0,0.0,0.0,0.0,0.0
1789981707,76611526,n/a,-0.6,0.0,0.0,0.0,0.0,0.0
1789981707,126569328,n/a,-0.6,0.0,0.0,0.0,0.0,0.0
1789981707,176601843,n/a,-0.6,0.0,0.0,0.0,0.0,0.0
1789981707,226657444,n/a,-0.6,0.0,0.0,0.0,0.0,0.0
1789981707,276552156,n/a,-0.6,0.0,0.0,0.0,0.0,0.0
1789981707,326608242,n/a,0.9,0.0,0.0,0.0,0.0,0.0
1789981707,376588645,n/a,0.9,0.0,0.0,0.0,0.0,0.0
1789981707,426584927,n/a,0.9,0.0,0.0,0.0,0.0,0.0
1789981707,476602341,n/a,0.9,0.0,0.0,0.0,0.0,0.0
1789981707,526592855,n/a,0.9,0.0,0.0,0.0,0.0,0.0
1789981707,576613424,n/a,0.9,0.0,0.0,0.0,0.0,0.0
1789981707,626617216,n/a,0.9,0.0,0.0,0.0,0.0,0.0
1789981707,676616871,n/a,0.9,0.0,0.0,0.0,0.0,0.0
1789981707,726610862,n/a,0.9,0.0,0.0,0.0,0.0,0.0
1789981707,776602785,n/a,0.9,0.0,0.0,0.0,0.0,0.0
1789981707,826632358,n/a,0.9,0.0,0.0,0.0,0.0,0.0
1789981707,876586272,n/a,0.9,0.0,0.0,0.0,0.0,0.0
1789981707,926603550,n/a,0.9,0.0,0.0,0.0,0.0,0.0
1789981707,976594089,n/a,0.9,0.0,0.0,0.0,0.0,0.0
1789981708,26613183,n/a,0.9,0.0,0.0,0.0,0.0,0.0
1789981708,76621201,n/a,0.9,0.0,0.0,0.0,0.0,0.0
1789981708,126574487,n/a,0.9,0.0,0.0,0.0,0.0,0.0
1789981708,176593810,n/a,0.9,0.0,0.0,0.0,0.0,0.0
1789981708,226609205,n/a,0.9,0.0,0.0,0.0,0.0,0.0
1789981708,276611303,n/a,0.9,0.0,0.0,0.0,0.0,0.0
1789981708,326611407,n/a,0.9,0.0,0.0,0.0,0.0,0.0
1789981708,376590888,n/a,0.9,0.0,0.0,0.0,0.0,0.0
1789981708,426596280,n/a,0.9,0.0,0.0,0.0,0.0,0.0
1789981708,476582203,n/a,0.9,0.0,0.0,0.0,0.0,0.0
1789981708,526544874,n/a,0.9,0.0,0.0,0.0,0.0,0.0
1789981708,576594313,n/a,0.9,0.0,0.0,0.0,0.0,0.0
1789981708,626575042,n/a,0.9,0.0,0.0,0.0,0.0,0.0
1789981708,676605514,n/a,0.9,0.0,0.0,0.0,0.0,0.0
1789981708,726583983,n/a,0.9,0.0,0.0,0.0,0.0,0.0
1789981708,776602433,n/a,0.9,0.0,0.0,0.0,0.0,0.0
1789981708,826617333,n/a,-0.15,0.0,0.0,0.0,0.0,0.0
1789981708,876612293,n/a,-0.15,0.0,0.0,0.0,0.0,0.0
1789981708,926627690,n/a,-0.15,0.0,0.0,0.0,0.0,0.0
1789981708,976613538,n/a,-0.15,0.0,0.0,0.0,0.0,0.0
1789981709,26531242,n/a,-0.15,0.0,0.0,0.0,0.0,0.0
1789981709,76603275,n/a,-0.15,0.0,0.0,0.0,0.0,0.0
1789981709,126603291,n/a,-0.15,0.0,0.0,0.0,0.0,0.0
1789981709,176660865,n/a,-0.15,0.0,0.0,0.0,0.0,0.0
1789981709,226606397,n/a,-0.15,0.0,0.0,0.0,0.0,0.0
1789981709,276668488,n/a,-0.15,0.0,0.0,0.0,0.0,0.0
1789981709,326597519,n/a,-0.15,0.0,0.0,0.0,0.0,0.0
1789981709,376590711,n/a,-0.15,0.0,0.0,0.0,0.0,0.0
1789981709,426597239,n/a,-0.15,0.0,0.0,0.0,0.0,0.0
1789981709,476583600,n/a,-0.15,0.0,0.0,0.0,0.0,0.0
1789981709,526604720,n/a,-0.15,0.0,0.0,0.0,0.0,0.0
1789981709,576574380,n/a,-0.15,0.0,0.0,0.0,0.0,0.0
1789981709,626613936,n/a,-0.15,0.0,0.0,0.0,0.0,0.0
1789981709,676593563,n/a,-0.15,0.0,0.0,0.0,0.0,0.0
1789981709,726574070,n/a,-0.15,0.0,0.0,0.0,0.0,0.0
1789981709,776590722,n/a,-0.15,0.0,0.0,0.0,0.0,0.0
1789981709,826581572,n/a,-0.15,0.0,0.0,0.0,0.0,0.0
1789981709,876600168,n/a,-0.15,0.0,0.0,0.0,0.0,0.0
1789981709,926606615,n/a,-0.15,0.0,0.0,0.0,0.0,0.0
1789981709,976627325,n/a,-0.15,0.0,0.0,0.0,0.0,0.0
1789981710,26609180,n/a,-0.15,0.0,0.0,0.0,0.0,0.0
1789981710,76639133,n/a,-0.15,0.0,0.0,0.0,0.0,0.0
1789981710,126619627,n/a,-0.15,0.0,0.0,0.0,0.0,0.0
1789981710,176597685,n/a,-0.15,0.0,0.0,0.0,0.0,0.0
1789981710,226583084,n/a,-0.15,0.0,0.0,0.0,0.0,0.0
1789981710,276598381,n/a,-0.15,0.0,0.0,0.0,0.0,0.0
1789981710,326592679,n/a,0.0,0.0,0.0,0.0,0.0,0.0
1789981710,376616193,n/a,0.0,0.0,0.0,0.0,0.0,0.0
1789981710,426608606,n/a,0.0,0.0,0.0,0.0,0.0,0.0
1789981710,476618213,n/a,0.0,0.0,0.0,0.0,0.0,0.0
1789981710,526672020,n/a,0.0,0.0,0.0,0.0,0.0,0.0
1789981710,576555678,n/a,0.0,0.0,0.0,0.0,0.0,0.0
1789981710,626557162,n/a,0.0,0.0,0.0,0.0,0.0,0.0
1789981710,676558064,n/a,0.0,0.0,0.0,0.0,0.0,0.0
1789981710,726551134,n/a,0.0,0.0,0.0,0.0,0.0,0.0
1789981710,776544548,n/a,0.0,0.0,0.0,0.0,0.0,0.0
1789981710,826604723,n/a,0.0,0.0,0.0,0.0,0.0,0.0
1789981710,876595338,n/a,0.0,0.0,0.0,0.0,0.0,0.0
1789981710,926566781,n/a,0.0,0.0,0.0,0.0,0.0,0.0
1789981710,976599210,n/a,0.0,0.0,0.0,0.0,0.0,0.0
1789981711,26530783,n/a,0.0,0.0,0.0,0.0,0.0,0.0
1789981711,76622060,n/a,0.0,0.0,0.0,0.0,0.0,0.0
1789981711,126632505,n/a,0.0,0.0,0.0,0.0,0.0,0.0
1789981711,176610957,n/a,0.0,0.0,0.0,0.0,0.0,0.0
1789981711,226606509,n/a,0.0,0.0,0.0,0.0,0.0,0.0
1789981711,276618270,n/a,0.0,0.0,0.0,0.0,0.0,0.0
1789981711,326542337,n/a,0.0,0.0,0.0,0.0,0.0,0.0
1789981711,376621818,n/a,0.0,0.0,0.0,0.0,0.0,0.0
1789981711,426569974,n/a,0.0,0.0,0.0,0.0,0.0,0.0
1789981711,476614846,n/a,0.0,0.0,0.0,0.0,0.0,0.0
1789981711,526564264,n/a,0.0,0.0,0.0,0.0,0.0,0.0
1789981711,576687734,n/a,0.0,0.0,0.0,0.0,0.0,0.0
1789981711,626537945,n/a,0.0,0.0,0.0,0.0,0.0,0.0
1789981711,676711441,n/a,0.0,0.0,0.0,0.0,0.0,0.0
1789981711,726582995,n/a,0.0,0.0,0.0,0.0,0.0,0.0
1789981711,776720319,n/a,0.0,0.0,0.0,0.0,0.0,0.0
1789981711,826563467,n/a,1.0,0.0,0.0,0.0,0.0,0.0
1789981711,876636300,n/a,1.0,0.0,0.0,0.0,0.0,0.0
1789981711,926621673,n/a,1.0,0.0,0.0,0.0,0.0,0.0
1789981711,976563332,n/a,1.0,0.0,0.0,0.0,0.0,0.0
1789981712,26578340,n/a,1.0,0.0,0.0,0.0,0.0,0.0
1789981712,76587291,n/a,1.0,0.0,0.0,0.0,0.0,0.0
1789981712,126610986,n/a,0.0,0.0,0.0,0.0,0.0,0.0
1789981712,176606043,n/a,0.0,0.0,0.0,0.0,0.0,0.0
1789981712,226604040,n/a,0.0,0.0,0.0,0.0,0.0,0.0
1789981712,276602937,n/a,0.0,0.0,0.0,0.0,0.0,0.0
1789981712,326603882,n/a,0.0,0.0,0.0,0.0,0.0,0.0
1789981712,376591760,n/a,0.0,0.0,0.0,0.0,0.0,0.0
1789981712,426590034,n/a,0.0,0.0,0.0,0.0,0.0,0.0
1789981712,476560145,n/a,0.0,0.0,0.0,0.0,0.0,0.0
1789981712,526572356,n/a,0.0,0.0,0.0,0.0,0.0,0.0
1789981712,576535498,n/a,0.0,0.0,0.0,0.0,0.0,0.0
1789981712,626577545,n/a,0.0,0.0,0.0,0.0,0.0,0.0
1789981712,676593661,n/a,0.0,0.0,0.0,0.0,0.0,0.0
1789981712,726612165,n/a,0.0,0.0,0.0,0.0,0.0,0.0
1789981712,776560805,n/a,0.0,0.0,0.0,0.0,0.0,0.0
1789981712,826626236,n/a,-1.0,0.0,0.0,0.0,0.0,0.0
1789981712,876570089,n/a,-1.0,0.0,0.0,0.0,0.0,0.0
1789981712,926558862,n/a,-1.0,0.0,0.0,0.0,0.0,0.0
1789981712,976568544,n/a,-1.0,0.0,0.0,0.0,0.0,0.0
1789981713,26575596,n/a,-1.0,0.0,0.0,0.0,0.0,0.0
1789981713,76608626,n/a,-1.0,0.0,0.0,0.0,0.0,0.0
1789981713,126649980,n/a,0.0,0.0,0.0,0.0,0.0,0.0
1789981713,176599926,n/a,0.0,0.0,0.0,0.0,0.0,0.0
1789981713,226572840,n/a,0.0,0.0,0.0,0.0,0.0,0.0
1789981713,276628666,n/a,0.0,0.0,0.0,0.0,0.0,0.0
1789981713,326577528,n/a,0.0,0.0,0.0,0.0,0.0,0.0
1789981713,376548858,n/a,0.0,0.0,0.0,0.0,0.0,0.0
1789981713,426544708,n/a,0.0,0.0,0.0,0.0,0.0,0.0
1789981713,476610344,n/a,0.0,0.0,0.0,0.0,0.0,0.0
1789981713,526599115,n/a,0.0,0.0,0.0,0.0,0.0,0.0
1789981713,576569796,n/a,0.0,0.0,0.0,0.0,0.0,0.0
1789981713,626558553,n/a,0.0,0.0,0.0,0.0,0.0,0.0
1789981713,676556800,n/a,0.0,0.0,0.0,0.0,0.0,0.0
1789981713,726559966,n/a,0.0,0.0,0.0,0.0,0.0,0.0
1789981713,776593866,n/a,0.0,0.0,0.0,0.0,0.0,0.0
1789981713,826620798,n/a,0.6,0.0,0.0,0.0,0.0,0.0
1789981713,876572173,n/a,0.6,0.0,0.0,0.0,0.0,0.0
1789981713,926556495,n/a,0.6,0.0,0.0,0.0,0.0,0.0
1789981713,976590625,n/a,0.6,0.0,0.0,0.0,0.0,0.0
1789981714,26712119,n/a,0.6,0.0,0.0,0.0,0.0,0.0
1789981714,76614862,n/a,0.6,0.0,0.0,0.0,0.0,0.0
1789981714,126611720,n/a,0.0,0.0,0.0,0.0,0.0,0.0
1789981714,176543951,n/a,0.0,0.0,0.0,0.0,0.0,0.0
1789981714,226602137,n/a,0.0,0.0,0.0,0.0,0.0,0.0
1789981714,276597583,n/a,0.0,0.0,0.0,0.0,0.0,0.0
1789981714,326619182,n/a,0.0,0.0,0.0,0.0,0.0,0.0
1789981714,376604780,n/a,0.0,0.0,0.0,0.0,0.0,0.0
1789981714,426564020,n/a,0.0,0.0,0.0,0.0,0.0,0.0
1789981714,476588316,n/a,0.0,0.0,0.0,0.0,0.0,0.0
1789981714,526624788,n/a,0.0,0.0,0.0,0.0,0.0,0.0
1789981714,576587187,n/a,0.0,0.0,0.0,0.0,0.0,0.0
1789981714,626563700,n/a,0.0,0.0,0.0,0.0,0.0,0.0
1789981714,676564802,n/a,0.0,0.0,0.0,0.0,0.0,0.0
1789981714,726568470,n/a,0.0,0.0,0.0,0.0,0.0,0.0
1789981714,776563571,n/a,0.0,0.0,0.0,0.0,0.0,0.0
1789981714,826621124,n/a,-0.6,0.0,0.0,0.0,0.0,0.0
1789981714,876581502,n/a,-0.6,0.0,0.0,0.0,0.0,0.0
1789981714,926584068,n/a,-0.6,0.0,0.0,0.0,0.0,0.0
1789981714,976662792,n/a,-0.6,0.0,0.0,0.0,0.0,0.0
1789981715,26603850,n/a,-0.6,0.0,0.0,0.0,0.0,0.0
1789981715,76592962,n/a,-0.6,0.0,0.0,0.0,0.0,0.0
1789981715,126526727,n/a,0.0,0.0,0.0,0.0,0.0,0.0
1789981715,176545159,n/a,0.0,0.0,0.0,0.0,0.0,0.0
1789981715,226526379,n/a,0.0,0.0,0.0,0.0,0.0,0.0
1789981715,276606579,n/a,0.0,0.0,0.0,0.0,0.0,0.0
1789981715,326590535,n/a,0.0,0.0,0.0,0.0,0.0,0.0
1789981715,376674519,n/a,0.0,0.0,0.0,0.0,0.0,0.0
1789981715,426607487,n/a,0.0,0.0,0.0,0.0,0.0,0.0
1789981715,476685012,n/a,0.0,0.0,0.0,0.0,0.0,0.0
1789981715,526629760,n/a,0.0,0.0,0.0,0.0,0.0,0.0
1789981715,576631584,n/a,0.0,0.0,0.0,0.0,0.0,0.0
1789981715,626610797,n/a,0.0,0.0,0.0,0.0,0.0,0.0
1789981715,676553806,n/a,0.0,0.0,0.0,0.0,0.0,0.0
1789981715,726561725,n/a,0.0,0.0,0.0,0.0,0.0,0.0
1789981715,776589935,n/a,0.0,0.0,0.0,0.0,0.0,0.0
1789981715,826561330,n/a,0.3,0.0,0.0,0.0,0.0,0.0
1789981715,876569191,n/a,0.3,0.0,0.0,0.0,0.0,0.0
1789981715,926589379,n/a,0.3,0.0,0.0,0.0,0.0,0.0
1789981715,976565852,n/a,0.3,0.0,0.0,0.0,0.0,0.0
1789981716,26580069,n/a,0.3,0.0,0.0,0.0,0.0,0.0
1789981716,76534937,n/a,0.3,0.0,0.0,0.0,0.0,0.0
1789981716,126621732,n/a,0.0,0.0,0.0,0.0,0.0,0.0
1789981716,176603270,n/a,0.0,0.0,0.0,0.0,0.0,0.0
1789981716,226610288,n/a,0.0,0.0,0.0,0.0,0.0,0.0
1789981716,276543270,n/a,0.0,0.0,0.0,0.0,0.0,0.0
1789981716,326613054,n/a,0.0,0.0,0.0,0.0,0.0,0.0
1789981716,376628083,n/a,0.0,0.0,0.0,0.0,0.0,0.0
1789981716,426575432,n/a,0.0,0.0,0.0,0.0,0.0,0.0
1789981716,476599870,n/a,0.0,0.0,0.0,0.0,0.0,0.0
1789981716,526569927,n/a,0.0,0.0,0.0,0.0,0.0,0.0
1789981716,576595416,n/a,0.0,0.0,0.0,0.0,0.0,0.0
1789981716,626608571,n/a,0.0,0.0,0.0,0.0,0.0,0.0
1789981716,676634605,n/a,0.0,0.0,0.0,0.0,0.0,0.0
1789981716,726573975,n/a,0.0,0.0,0.0,0.0,0.0,0.0
1789981716,776544038,n/a,0.0,0.0,0.0,0.0,0.0,0.0
1789981716,826517774,n/a,-0.3,0.0,0.0,0.0,0.0,0.0
1789981716,876609612,n/a,-0.3,0.0,0.0,0.0,0.0,0.0
1789981716,926645722,n/a,-0.3,0.0,0.0,0.0,0.0,0.0
1789981716,976599054,n/a,-0.3,0.0,0.0,0.0,0.0,0.0
1789981717,26689015,n/a,-0.3,0.0,0.0,0.0,0.0,0.0
1789981717,76560343,n/a,-0.3,0.0,0.0,0.0,0.0,0.0
1789981717,126642201,n/a,0.0,0.0,0.0,0.0,0.0,0.0
1789981717,176579916,n/a,0.0,0.0,0.0,0.0,0.0,0.0
1789981717,226589612,n/a,0.0,0.0,0.0,0.0,0.0,0.0
1789981717,276626504,n/a,0.0,0.0,0.0,0.0,0.0,0.0
1789981717,326554224,n/a,0.0,0.0,0.0,0.0,0.0,0.0
1789981717,376600421,n/a,0.0,0.0,0.0,0.0,0.0,0.0
1789981717,426557636,n/a,0.0,0.0,0.0,0.0,0.0,0.0
1789981717,476574096,n/a,0.0,0.0,0.0,0.0,0.0,0.0
1789981717,526509395,n/a,0.0,0.0,0.0,0.0,0.0,0.0
1789981717,576624233,n/a,0.0,0.0,0.0,0.0,0.0,0.0
1789981717,626608561,n/a,0.0,0.0,0.0,0.0,0.0,0.0
1789981717,676596375,n/a,0.0,0.0,0.0,0.0,0.0,0.0
1789981717,726608413,n/a,0.0,0.0,0.0,0.0,0.0,0.0
1789981717,776599627,n/a,0.0,0.0,0.0,0.0,0.0,0.0
1789981717,826573156,n/a,0.0,0.0,0.0,0.0,0.0,0.0
1789981717,876579244,n/a,0.0,0.0,0.0,0.0,0.0,0.0
1789981717,926596894,n/a,0.0,0.0,0.0,0.0,0.0,0.0
1789981717,976519875,n/a,0.0,0.0,0.0,0.0,0.0,0.0
1789981718,26581480,n/a,0.0,0.0,0.0,0.0,0.0,0.0
1789981718,76626291,n/a,0.0,0.0,0.0,0.0,0.0,0.0
1789981718,126592376,n/a,0.0,0.0,0.0,0.0,0.0,0.0
1789981718,176605351,n/a,0.0,0.0,0.0,0.0,0.0,0.0
1789981718,226575405,n/a,0.0,0.0,0.0,0.0,0.0,0.0
1789981718,276603049,n/a,0.0,0.0,0.0,0.0,0.0,0.0
1789981718,326549438,n/a,0.0,0.0,0.0,0.0,0.0,0.0
1789981718,376551238,n/a,0.0,0.0,0.0,0.0,0.0,0.0
1789981718,426572260,n/a,0.0,0.0,0.0,0.0,0.0,0.0
1789981718,476539227,n/a,0.0,0.0,0.0,0.0,0.0,0.0
1789981718,526580966,n/a,0.0,0.0,0.0,0.0,0.0,0.0
1789981718,576635800,n/a,0.0,0.0,0.0,0.0,0.0,0.0
1789981718,626568389,n/a,0.0,0.0,0.0,0.0,0.0,0.0
1789981718,676588458,n/a,0.0,0.0,0.0,0.0,0.0,0.0
1789981718,726509483,n/a,0.0,0.0,0.0,0.0,0.0,0.0
1789981718,776551179,n/a,0.0,0.0,0.0,0.0,0.0,0.0
1789981718,826548378,n/a,6.824731826782227e-05,0.0,0.0,0.0,0.0,0.0
1789981718,876605679,n/a,0.012578427791595459,0.0,0.0,0.0,0.0,0.0
1789981718,926586985,n/a,0.025091886520385742,0.0,0.0,0.0,0.0,0.0
1789981718,976594977,n/a,0.037580788135528564,0.0,0.0,0.0,0.0,0.0
1789981719,26628242,n/a,0.05007946491241455,0.0,0.0,0.0,0.0,0.0
1789981719,76604053,n/a,0.06257855892181396,0.0,0.0,0.0,0.0,0.0
1789981719,126590187,n/a,0.07507741451263433,0.0,0.0,0.0,0.0,0.0
1789981719,176560901,n/a,0.08758193254470831,0.0,0.0,0.0,0.0,0.0
1789981719,226566659,n/a,0.1000786423683167,0.0,0.0,0.0,0.0,0.0
1789981719,276639523,n/a,0.11258059740066534,0.0,0.0,0.0,0.0,0.0
1789981719,326576904,n/a,0.1250810027122498,0.0,0.0,0.0,0.0,0.0
1789981719,376559295,n/a,0.13757753372192388,0.0,0.0,0.0,0.0,0.0
1789981719,426615837,n/a,0.15008229017257696,0.0,0.0,0.0,0.0,0.0
1789981719,476608970,n/a,0.1625810861587525,0.0,0.0,0.0,0.0,0.0
1789981719,526589808,n/a,0.17507725954055792,0.0,0.0,0.0,0.0,0.0
1789981719,576651817,n/a,0.1875839233398438,0.0,0.0,0.0,0.0,0.0
1789981719,626568585,n/a,0.200074315071106,0.0,0.0,0.0,0.0,0.0
1789981719,676603395,n/a,0.21257752180099493,0.0,0.0,0.0,0.0,0.0
1789981719,726638952,n/a,0.22507691383361822,0.0,0.0,0.0,0.0,0.0
1789981719,776623740,n/a,0.23757690191268926,0.0,0.0,0.0,0.0,0.0
1789981719,826578542,n/a,0.2500762343406677,0.0,0.0,0.0,0.0,0.0
1789981719,876574720,n/a,0.2625797986984253,0.0,0.0,0.0,0.0,0.0
1789981719,926563933,n/a,0.275066614151001,0.0,0.0,0.0,0.0,0.0
1789981719,976625178,n/a,0.287580668926239,0.0,0.0,0.0,0.0,0.0
1789981720,26578418,n/a,0.30007046461105347,0.0,0.0,0.0,0.0,0.0
1789981720,76617526,n/a,0.3125813603401184,0.0,0.0,0.0,0.0,0.0
1789981720,126543317,n/a,0.325076103210449,0.0,0.0,0.0,0.0,0.0
1789981720,176624221,n/a,0.3375776410102842,0.0,0.0,0.0,0.0,0.0
1789981720,226582067,n/a,0.3500666618347166,0.0,0.0,0.0,0.0,0.0
1789981720,276614557,n/a,0.3625754714012144,0.0,0.0,0.0,0.0,0.0
1789981720,326580197,n/a,0.37507468461990334,0.0,0.0,0.0,0.0,0.0
1789981720,376564856,n/a,0.3875730037689207,0.0,0.0,0.0,0.0,0.0
1789981720,426581272,n/a,0.4000761508941648,0.0,0.0,0.0,0.0,0.0
1789981720,476585155,n/a,0.4125753641128538,0.0,0.0,0.0,0.0,0.0
1789981720,526592375,n/a,0.4250744581222532,0.0,0.0,0.0,0.0,0.0
1789981720,576598439,n/a,0.43757736682891823,0.0,0.0,0.0,0.0,0.0
1789981720,626558103,n/a,0.45006746053695657,0.0,0.0,0.0,0.0,0.0
1789981720,676632126,n/a,0.462583005428314,0.0,0.0,0.0,0.0,0.0
1789981720,726603688,n/a,0.4750748276710508,0.0,0.0,0.0,0.0,0.0
1789981720,776613780,n/a,0.4875764250755308,0.0,0.0,0.0,0.0,0.0
1789981720,826677932,n/a,0.5000937581062317,0.0,0.0,0.0,0.0,0.0
1789981720,876542871,n/a,0.5125652551651001,0.0,0.0,0.0,0.0,0.0
1789981720,926597171,n/a,0.525077760219574,0.0,0.0,0.0,0.0,0.0
1789981720,976568311,n/a,0.5375722050666809,0.0,0.0,0.0,0.0,0.0
1789981721,26561202,n/a,0.5500699877738953,0.0,0.0,0.0,0.0,0.0
1789981721,76566917,n/a,0.5625740885734558,0.0,0.0,0.0,0.0,0.0
1789981721,126588796,n/a,0.5750699043273924,0.0,0.0,0.0,0.0,0.0
1789981721,176612699,n/a,0.5875775218009947,0.0,0.0,0.0,0.0,0.0
1789981721,226654883,n/a,0.6000804305076597,0.0,0.0,0.0,0.0,0.0
1789981721,276582929,n/a,0.6125664710998533,0.0,0.0,0.0,0.0,0.0
1789981721,326625111,n/a,0.6250747442245481,0.0,0.0,0.0,0.0,0.0
1789981721,376581400,n/a,0.6375669836997984,0.0,0.0,0.0,0.0,0.0
1789981721,426578616,n/a,0.6500676870346067,0.0,0.0,0.0,0.0,0.0
1789981721,476563661,n/a,0.662571310997009,0.0,0.0,0.0,0.0,0.0
1789981721,526606643,n/a,0.67506867647171,0.0,0.0,0.0,0.0,0.0
1789981721,576568208,n/a,0.6875674724578855,0.0,0.0,0.0,0.0,0.0
1789981721,626556383,n/a,0.7000681757926939,0.0,0.0,0.0,0.0,0.0
1789981721,676608736,n/a,0.7125697135925291,0.0,0.0,0.0,0.0,0.0
1789981721,726580717,n/a,0.7250685095787046,0.0,0.0,0.0,0.0,0.0
1789981721,776661006,n/a,0.7375784516334531,0.0,0.0,0.0,0.0,0.0
1789981721,826572533,n/a,0.7500651478767395,0.0,0.0,0.0,0.0,0.0
1789981721,876668932,n/a,0.7625806927680969,0.0,0.0,0.0,0.0,0.0
1789981721,926629910,n/a,0.7750756740570068,0.0,0.0,0.0,0.0,0.0
1789981721,976663496,n/a,0.7875815629959106,0.0,0.0,0.0,0.0,0.0
1789981722,26621920,n/a,0.8000774383544922,0.0,0.0,0.0,0.0,0.0
1789981722,76702902,n/a,0.812588632106781,0.0,0.0,0.0,0.0,0.0
1789981722,126546736,n/a,0.8250803947448728,0.0,0.0,0.0,0.0,0.0
1789981722,176682852,n/a,0.8375778794288633,0.0,0.0,0.0,0.0,0.0
1789981722,226654881,n/a,0.8500772714614866,0.0,0.0,0.0,0.0,0.0
1789981722,276642682,n/a,0.8625771999359129,0.0,0.0,0.0,0.0,0.0
1789981722,326609984,n/a,0.8750809431076048,0.0,0.0,0.0,0.0,0.0
1789981722,376649245,n/a,0.8875810503959654,0.0,0.0,0.0,0.0,0.0
1789981722,426650573,n/a,0.9000850319862364,0.0,0.0,0.0,0.0,0.0
1789981722,476626746,n/a,0.9125790596008299,0.0,0.0,0.0,0.0,0.0
1789981722,526641495,n/a,0.9250773787498472,0.0,0.0,0.0,0.0,0.0
1789981722,576630035,n/a,0.9375770688056944,0.0,0.0,0.0,0.0,0.0
1789981722,626637107,n/a,0.9500777125358579,0.0,0.0,0.0,0.0,0.0
1789981722,676662878,n/a,0.9625794291496275,0.0,0.0,0.0,0.0,0.0
1789981722,726625115,n/a,0.9750791192054746,0.0,0.0,0.0,0.0,0.0
1789981722,776601977,n/a,0.9875746965408323,0.0,0.0,0.0,0.0,0.0
1789981722,826618403,n/a,0.9998881022135416,0.0,0.0,0.0,0.0,0.0
1789981722,876596008,n/a,0.98322860399882,0.0,0.0,0.0,0.0,0.0
1789981722,926586449,n/a,0.9665594100952148,0.0,0.0,0.0,0.0,0.0
1789981722,976682985,n/a,0.9498785336812338,0.0,0.0,0.0,0.0,0.0
1789981723,26650030,n/a,0.9332276980082194,0.0,0.0,0.0,0.0,0.0
1789981723,76626627,n/a,0.9165643056233724,0.0,0.0,0.0,0.0,0.0
1789981723,126644463,n/a,0.899889707565308,0.0,0.0,0.0,0.0,0.0
1789981723,176623961,n/a,0.883232911427816,0.0,0.0,0.0,0.0,0.0
1789981723,226688134,n/a,0.8665506045023603,0.0,0.0,0.0,0.0,0.0
1789981723,276652606,n/a,0.8498951594034834,0.0,0.0,0.0,0.0,0.0
1789981723,326693615,n/a,0.8332150777180992,0.0,0.0,0.0,0.0,0.0
1789981723,376621633,n/a,0.8165614604949955,0.0,0.0,0.0,0.0,0.0
1789981723,426657887,n/a,0.7998956839243574,0.0,0.0,0.0,0.0,0.0
1789981723,476703590,n/a,0.7832014560699466,0.0,0.0,0.0,0.0,0.0
1789981723,526624282,n/a,0.7665627002716068,0.0,0.0,0.0,0.0,0.0
1789981723,576609990,n/a,0.7498967647552492,0.0,0.0,0.0,0.0,0.0
1789981723,626616313,n/a,0.7332271734873457,0.0,0.0,0.0,0.0,0.0
1789981723,676623515,n/a,0.716562906901042,0.0,0.0,0.0,0.0,0.0
1789981723,726613771,n/a,0.6998963356018069,0.0,0.0,0.0,0.0,0.0
1789981723,776612508,n/a,0.6832385063171389,0.0,0.0,0.0,0.0,0.0
1789981723,826592674,n/a,0.6665624777475994,0.0,0.0,0.0,0.0,0.0
1789981723,876657791,n/a,0.6498932838439941,0.0,0.0,0.0,0.0,0.0
1789981723,926655486,n/a,0.6332283020019531,0.0,0.0,0.0,0.0,0.0
1789981723,976637565,n/a,0.6165591875712078,0.0,0.0,0.0,0.0,0.0
1789981724,26595778,n/a,0.5998976230621338,0.0,0.0,0.0,0.0,0.0
1789981724,76599463,n/a,0.58323073387146,0.0,0.0,0.0,0.0,0.0
1789981724,126637053,n/a,0.5665616989135744,0.0,0.0,0.0,0.0,0.0
1789981724,176679737,n/a,0.549891551335653,0.0,0.0,0.0,0.0,0.0
1789981724,226646452,n/a,0.5332317352294924,0.0,0.0,0.0,0.0,0.0
1789981724,276581767,n/a,0.5165673891703291,0.0,0.0,0.0,0.0,0.0
1789981724,326636890,n/a,0.49989438056945834,0.0,0.0,0.0,0.0,0.0
1789981724,376655397,n/a,0.4832377433776859,0.0,0.0,0.0,0.0,0.0
1789981724,426555191,n/a,0.4665768941243492,0.0,0.0,0.0,0.0,0.0
1789981724,476593197,n/a,0.4498933156331383,0.0,0.0,0.0,0.0,0.0
1789981724,526632620,n/a,0.43322873115539584,0.0,0.0,0.0,0.0,0.0
1789981724,576601133,n/a,0.4165685971577965,0.0,0.0,0.0,0.0,0.0
1789981724,626704045,n/a,0.39987071355183945,0.0,0.0,0.0,0.0,0.0
1789981724,676661848,n/a,0.3832176526387535,0.0,0.0,0.0,0.0,0.0
1789981724,726704642,n/a,0.3665498097737633,0.0,0.0,0.0,0.0,0.0
1789981724,776677044,n/a,0.3498841921488447,0.0,0.0,0.0,0.0,0.0
1789981724,826662464,n/a,0.3332219123840332,0.0,0.0,0.0,0.0,0.0
1789981724,876675843,n/a,0.3165498574574789,0.0,0.0,0.0,0.0,0.0
1789981724,926666791,n/a,0.2998836040496826,0.0,0.0,0.0,0.0,0.0
1789981724,976702408,n/a,0.28321878115336097,0.0,0.0,0.0,0.0,0.0
1789981725,26687953,n/a,0.26655125617980957,0.0,0.0,0.0,0.0,0.0
1789981725,76675221,n/a,0.24989159901936853,0.0,0.0,0.0,0.0,0.0
1789981725,126717437,n/a,0.23321421941121445,0.0,0.0,0.0,0.0,0.0
1789981725,176664610,n/a,0.21655591328938828,0.0,0.0,0.0,0.0,0.0
1789981725,226660665,n/a,0.1998794873555504,0.0,0.0,0.0,0.0,0.0
1789981725,276669115,n/a,0.18321816126505563,0.0,0.0,0.0,0.0,0.0
1789981725,326684353,n/a,0.16655095418294297,0.0,0.0,0.0,0.0,0.0
1789981725,376683101,n/a,0.14988541603088412,0.0,0.0,0.0,0.0,0.0
1789981725,426659964,n/a,0.13321892420450876,0.0,0.0,0.0,0.0,0.0
1789981725,476707472,n/a,0.11654710769653354,0.0,0.0,0.0,0.0,0.0
1789981725,526679130,n/a,0.09988570213317904,0.0,0.0,0.0,0.0,0.0
1789981725,576673835,n/a,0.08321777979532907,0.0,0.0,0.0,0.0,0.0
1789981725,626696846,n/a,0.06655303637186716,0.0,0.0,0.0,0.0,0.0
1789981725,676665302,n/a,0.04988932609558139,0.0,0.0,0.0,0.0,0.0
1789981725,726700984,n/a,0.03321711222330759,0.0,0.0,0.0,0.0,0.0
1789981725,776687096,n/a,0.016556024551391935,0.0,0.0,0.0,0.0,0.0
1789981725,826680576,n/a,-0.00011539459228515625,0.0,0.0,0.0,0.0,0.0
1789981725,876582217,n/a,-0.016754627227783203,0.0,0.0,0.0,0.0,0.0
1789981725,926602219,n/a,-0.033422787984212166,0.0,0.0,0.0,0.0,0.0
1789981725,976590053,n/a,-0.05008872350056959,0.0,0.0,0.0,0.0,0.0
1789981726,26607876,n/a,-0.0667537053426106,0.0,0.0,0.0,0.0,0.0
1789981726,76607905,n/a,-0.08342782656351733,0.0,0.0,0.0,0.0,0.0
1789981726,126640977,n/a,-0.10010393460591627,0.0,0.0,0.0,0.0,0.0
1789981726,176679564,n/a,-0.11677813529968262,0.0,0.0,0.0,0.0,0.0
1789981726,226626124,n/a,-0.1334350903828938,0.0,0.0,0.0,0.0,0.0
1789981726,276610245,n/a,-0.15009196599324537,0.0,0.0,0.0,0.0,0.0
1789981726,326597225,n/a,-0.16675917307535815,0.0,0.0,0.0,0.0,0.0
1789981726,376592037,n/a,-0.18343265851338697,0.0,0.0,0.0,0.0,0.0
1789981726,426693013,n/a,-0.2001094023386638,0.0,0.0,0.0,0.0,0.0
1789981726,476571194,n/a,-0.21676818529764819,0.0,0.0,0.0,0.0,0.0
1789981726,526552098,n/a,-0.23342529932657885,0.0,0.0,0.0,0.0,0.0
1789981726,576613345,n/a,-0.2501051425933838,0.0,0.0,0.0,0.0,0.0
1789981726,626673020,n/a,-0.26677417755126953,0.0,0.0,0.0,0.0,0.0
1789981726,676580068,n/a,-0.2834364573160808,0.0,0.0,0.0,0.0,0.0
1789981726,726577037,n/a,-0.30008999506632494,0.0,0.0,0.0,0.0,0.0
1789981726,776576906,n/a,-0.3167555332183838,0.0,0.0,0.0,0.0,0.0
1789981726,826685999,n/a,-0.33345508575439453,0.0,0.0,0.0,0.0,0.0
1789981726,876594162,n/a,-0.35010266304016113,0.0,0.0,0.0,0.0,0.0
1789981726,926553720,n/a,-0.3667583465576172,0.0,0.0,0.0,0.0,0.0
1789981726,976573485,n/a,-0.3834362030029297,0.0,0.0,0.0,0.0,0.0
1789981727,26598103,n/a,-0.40010992685953783,0.0,0.0,0.0,0.0,0.0
1789981727,76606993,n/a,-0.4167687098185222,0.0,0.0,0.0,0.0,0.0
1789981727,126583891,n/a,-0.4334232807159424,0.0,0.0,0.0,0.0,0.0
1789981727,176542806,n/a,-0.4500898520151775,0.0,0.0,0.0,0.0,0.0
1789981727,226524432,n/a,-0.46675189336140943,0.0,0.0,0.0,0.0,0.0
1789981727,276605237,n/a,-0.48343825340270996,0.0,0.0,0.0,0.0,0.0
1789981727,326582410,n/a,-0.5000865459442139,0.0,0.0,0.0,0.0,0.0
1789981727,376581587,n/a,-0.516758918762207,0.0,0.0,0.0,0.0,0.0
1789981727,426552831,n/a,-0.5334281921386719,0.0,0.0,0.0,0.0,0.0
1789981727,476595089,n/a,-0.550094763437907,0.0,0.0,0.0,0.0,0.0
1789981727,526573155,n/a,-0.5667516390482585,0.0,0.0,0.0,0.0,0.0
1789981727,576550327,n/a,-0.5834240913391113,0.0,0.0,0.0,0.0,0.0
1789981727,626621027,n/a,-0.6000869274139404,0.0,0.0,0.0,0.0,0.0
1789981727,676595112,n/a,-0.616757869720459,0.0,0.0,0.0,0.0,0.0
1789981727,726621211,n/a,-0.6334390640258789,0.0,0.0,0.0,0.0,0.0
1789981727,776639746,n/a,-0.6501069863637288,0.0,0.0,0.0,0.0,0.0
1789981727,826635667,n/a,-0.6667671998341878,0.0,0.0,0.0,0.0,0.0
1789981727,876578219,n/a,-0.6834247907002766,0.0,0.0,0.0,0.0,0.0
1789981727,926575762,n/a,-0.700085957845052,0.0,0.0,0.0,0.0,0.0
1789981727,976581429,n/a,-0.7167569001515706,0.0,0.0,0.0,0.0,0.0
1789981728,26573832,n/a,-0.7334199746449788,0.0,0.0,0.0,0.0,0.0
1789981728,76599665,n/a,-0.7500895659128826,0.0,0.0,0.0,0.0,0.0
1789981728,126560228,n/a,-0.7667566935221355,0.0,0.0,0.0,0.0,0.0
1789981728,176631348,n/a,-0.783433198928833,0.0,0.0,0.0,0.0,0.0
1789981728,226599038,n/a,-0.8000881671905518,0.0,0.0,0.0,0.0,0.0
1789981728,276553768,n/a,-0.8167579174041748,0.0,0.0,0.0,0.0,0.0
1789981728,326597198,n/a,-0.8334231376647949,0.0,0.0,0.0,0.0,0.0
1789981728,376599590,n/a,-0.8501112461090088,0.0,0.0,0.0,0.0,0.0
1789981728,426589619,n/a,-0.8667526245117188,0.0,0.0,0.0,0.0,0.0
1789981728,476619662,n/a,-0.8834354877471924,0.0,0.0,0.0,0.0,0.0
1789981728,526599487,n/a,-0.9000892639160156,0.0,0.0,0.0,0.0,0.0
1789981728,576596047,n/a,-0.9167596499125164,0.0,0.0,0.0,0.0,0.0
1789981728,626529772,n/a,-0.9334204991658528,0.0,0.0,0.0,0.0,0.0
1789981728,676523404,n/a,-0.9500948588053386,0.0,0.0,0.0,0.0,0.0
1789981728,726609680,n/a,-0.9667691389719646,0.0,0.0,0.0,0.0,0.0
1789981728,776566298,n/a,-0.9834357102711995,0.0,0.0,0.0,0.0,0.0
1789981728,826588470,n/a,-0.9999016920725504,0.0,0.0,0.0,0.0,0.0
1789981728,876602278,n/a,-0.9832406044006348,0.0,0.0,0.0,0.0,0.0
1789981728,926497296,n/a,-0.9665718873341879,0.0,0.0,0.0,0.0,0.0
1789981728,976529631,n/a,-0.949909528096517,0.0,0.0,0.0,0.0,0.0
1789981729,26573533,n/a,-0.9332345326741537,0.0,0.0,0.0,0.0,0.0
1789981729,76596944,n/a,-0.9165771007537842,0.0,0.0,0.0,0.0,0.0
1789981729,126567038,n/a,-0.8999049663543701,0.0,0.0,0.0,0.0,0.0
1789981729,176572326,n/a,-0.8832312424977621,0.0,0.0,0.0,0.0,0.0
1789981729,226607200,n/a,-0.8665704727172852,0.0,0.0,0.0,0.0,0.0
1789981729,276594804,n/a,-0.849896510442098,0.0,0.0,0.0,0.0,0.0
1789981729,326724242,n/a,-0.8332160313924154,0.0,0.0,0.0,0.0,0.0
1789981729,376624495,n/a,-0.8165605862935384,0.0,0.0,0.0,0.0,0.0
1789981729,426729535,n/a,-0.7998833656311035,0.0,0.0,0.0,0.0,0.0
1789981729,476638639,n/a,-0.783231258392334,0.0,0.0,0.0,0.0,0.0
1789981729,526659939,n/a,-0.7665607134501139,0.0,0.0,0.0,0.0,0.0
1789981729,576633969,n/a,-0.7498943010965984,0.0,0.0,0.0,0.0,0.0
1789981729,626625310,n/a,-0.7332290808359783,0.0,0.0,0.0,0.0,0.0
1789981729,676592380,n/a,-0.7165574232737224,0.0,0.0,0.0,0.0,0.0
1789981729,726615017,n/a,-0.6999072233835857,0.0,0.0,0.0,0.0,0.0
1789981729,776619376,n/a,-0.6832329432169597,0.0,0.0,0.0,0.0,0.0
1789981729,826555784,n/a,-0.6665668487548828,0.0,0.0,0.0,0.0,0.0
1789981729,876659087,n/a,-0.6498950322469075,0.0,0.0,0.0,0.0,0.0
1789981729,926655365,n/a,-0.633222262064616,0.0,0.0,0.0,0.0,0.0
1789981729,976585794,n/a,-0.616566260655721,0.0,0.0,0.0,0.0,0.0
1789981730,26536096,n/a,-0.5999016761779785,0.0,0.0,0.0,0.0,0.0
1789981730,76631052,n/a,-0.5832272370656331,0.0,0.0,0.0,0.0,0.0
1789981730,126613897,n/a,-0.5665710767110188,0.0,0.0,0.0,0.0,0.0
1789981730,176563472,n/a,-0.5499091943105061,0.0,0.0,0.0,0.0,0.0
1789981730,226605332,n/a,-0.5332332452138264,0.0,0.0,0.0,0.0,0.0
1789981730,276640555,n/a,-0.5165636539459229,0.0,0.0,0.0,0.0,0.0
1789981730,326607675,n/a,-0.49990129470825195,0.0,0.0,0.0,0.0,0.0
1789981730,376612529,n/a,-0.48323162396748864,0.0,0.0,0.0,0.0,0.0
1789981730,426636985,n/a,-0.4665719668070475,0.0,0.0,0.0,0.0,0.0
1789981730,476619815,n/a,-0.44989871978759766,0.0,0.0,0.0,0.0,0.0
1789981730,526723379,n/a,-0.4332101345062256,0.0,0.0,0.0,0.0,0.0
1789981730,576592221,n/a,-0.4165686766306559,0.0,0.0,0.0,0.0,0.0
1789981730,626621275,n/a,-0.3998950322469076,0.0,0.0,0.0,0.0,0.0
1789981730,676601683,n/a,-0.3832430839538574,0.0,0.0,0.0,0.0,0.0
1789981730,726613490,n/a,-0.36657516161600745,0.0,0.0,0.0,0.0,0.0
1789981730,776550765,n/a,-0.3499011993408203,0.0,0.0,0.0,0.0,0.0
1789981730,826597791,n/a,-0.3332479000091553,0.0,0.0,0.0,0.0,0.0
1789981730,876585819,n/a,-0.3165764808654785,0.0,0.0,0.0,0.0,0.0
1789981730,926603333,n/a,-0.2999029954274496,0.0,0.0,0.0,0.0,0.0
1789981730,976642468,n/a,-0.28322720527648926,0.0,0.0,0.0,0.0,0.0
1789981731,26730087,n/a,-0.26654577255249023,0.0,0.0,0.0,0.0,0.0
1789981731,76560407,n/a,-0.24989279111226403,0.0,0.0,0.0,0.0,0.0
1789981731,126640601,n/a,-0.23322979609171546,0.0,0.0,0.0,0.0,0.0
1789981731,176606129,n/a,-0.2165675163269043,0.0,0.0,0.0,0.0,0.0
1789981731,226617058,n/a,-0.1999044418334961,0.0,0.0,0.0,0.0,0.0
1789981731,276539019,n/a,-0.18324319521586097,0.0,0.0,0.0,0.0,0.0
1789981731,326596692,n/a,-0.16657805442810059,0.0,0.0,0.0,0.0,0.0
1789981731,376585842,n/a,-0.14990925788879395,0.0,0.0,0.0,0.0,0.0
1789981731,426547422,n/a,-0.13324944178263343,0.0,0.0,0.0,0.0,0.0
1789981731,476566309,n/a,-0.11656395594278968,0.0,0.0,0.0,0.0,0.0
1789981731,526589838,n/a,-0.09991216659545898,0.0,0.0,0.0,0.0,0.0
1789981731,576510592,n/a,-0.08323995272318518,0.0,0.0,0.0,0.0,0.0
1789981731,626492532,n/a,-0.06658156712849939,0.0,0.0,0.0,0.0,0.0
1789981731,676564799,n/a,-0.04989473025004065,0.0,0.0,0.0,0.0,0.0
1789981731,726594977,n/a,-0.0332284768422445,0.0,0.0,0.0,0.0,0.0
1789981731,776588435,n/a,-0.01657899220784509,0.0,0.0,0.0,0.0,0.0
1789981731,826573864,n/a,0.0,0.0,0.0,0.0,0.0,0.0
1789981731,876622826,n/a,0.0,0.0,0.0,0.0,0.0,0.0
1789981731,926558746,n/a,0.0,0.0,0.0,0.0,0.0,0.0
1789981731,976544255,n/a,0.0,0.0,0.0,0.0,0.0,0.0
1789981732,26623370,n/a,0.0,0.0,0.0,0.0,0.0,0.0
1789981732,76500451,n/a,0.0,0.0,0.0,0.0,0.0,0.0
1789981732,126569422,n/a,0.0,0.0,0.0,0.0,0.0,0.0
1789981732,176541977,n/a,0.0,0.0,0.0,0.0,0.0,0.0
1789981732,226602012,n/a,0.0,0.0,0.0,0.0,0.0,0.0
1789981732,276585664,n/a,0.0,0.0,0.0,0.0,0.0,0.0
1789981732,326583047,n/a,0.0,0.0,0.0,0.0,0.0,0.0
1789981732,376575096,n/a,0.0,0.0,0.0,0.0,0.0,0.0
1789981732,426555004,n/a,0.0,0.0,0.0,0.0,0.0,0.0
1789981732,476609139,n/a,0.0,0.0,0.0,0.0,0.0,0.0
1789981732,526536592,n/a,0.0,0.0,0.0,0.0,0.0,0.0
1789981732,576583497,n/a,0.0,0.0,0.0,0.0,0.0,0.0
1789981732,626517197,n/a,0.0,0.0,0.0,0.0,0.0,0.0
1789981732,676544609,n/a,0.0,0.0,0.0,0.0,0.0,0.0
1789981732,726554698,n/a,0.0,0.0,0.0,0.0,0.0,0.0
1789981732,776565637,n/a,0.0,0.0,0.0,0.0,0.0,0.0
1789981732,826554572,n/a,0.0,0.0,0.0,0.0,0.0,0.0
1789981732,876625677,n/a,0.0,0.0,0.0,0.0,0.0,0.0
1789981732,926630787,n/a,0.0,0.0,0.0,0.0,0.0,0.0
1789981732,976619556,n/a,0.0,0.0,0.0,0.0,0.0,0.0
1789981733,26618642,n/a,0.0,0.0,0.0,0.0,0.0,0.0
1789981733,76583500,n/a,0.0,0.0,0.0,0.0,0.0,0.0
1789981733,126632040,n/a,0.0,0.0,0.0,0.0,0.0,0.0
1789981733,176583399,n/a,0.0,0.0,0.0,0.0,0.0,0.0
1789981733,226523320,n/a,0.0,0.0,0.0,0.0,0.0,0.0
1789981733,276587664,n/a,0.0,0.0,0.0,0.0,0.0,0.0
1789981733,326628864,n/a,-0.9499784895546661,0.0,0.0,0.0,0.0,0.0
1789981733,376624180,n/a,-0.9499784895546661,0.0,0.0,0.0,0.0,0.0
1789981733,426555872,n/a,-0.9499784895546661,0.0,0.0,0.0,0.0,0.0
1789981733,476569138,n/a,-0.9499784895546661,0.0,0.0,0.0,0.0,0.0
1789981733,526581302,n/a,-0.9499784895546661,0.0,0.0,0.0,0.0,0.0
1789981733,576609156,n/a,-0.9499784895546661,0.0,0.0,0.0,0.0,0.0
1789981733,626605486,n/a,-0.9499784895546661,0.0,0.0,0.0,0.0,0.0
1789981733,676643714,n/a,-0.9499784895546661,0.0,0.0,0.0,0.0,0.0
1789981733,726622577,n/a,-0.9499784895546661,0.0,0.0,0.0,0.0,0.0
1789981733,776563059,n/a,-0.9499784895546661,0.0,0.0,0.0,0.0,0.0
1789981733,826634993,n/a,-0.9499784895546661,0.0,0.0,0.0,0.0,0.0
1789981733,876593198,n/a,-0.9499784895546661,0.0,0.0,0.0,0.0,0.0
1789981733,926577462,n/a,-0.5535785237023545,0.0,0.0,0.0,0.0,0.0
1789981733,976576477,n/a,-0.5535785237023545,0.0,0.0,0.0,0.0,0.0
1789981734,26570711,n/a,-0.5535785237023545,0.0,0.0,0.0,0.0,0.0
1789981734,76601338,n/a,-0.5535785237023545,0.0,0.0,0.0,0.0,0.0
1789981734,126613350,n/a,-0.5535785237023545,0.0,0.0,0.0,0.0,0.0
1789981734,176627239,n/a,-0.5535785237023545,0.0,0.0,0.0,0.0,0.0
1789981734,226609428,n/a,-0.5535785237023545,0.0,0.0,0.0,0.0,0.0
1789981734,276641092,n/a,0.3533989748458226,0.0,0.0,0.0,0.0,0.0
1789981734,326551877,n/a,0.3533989748458226,0.0,0.0,0.0,0.0,0.0
1789981734,376580457,n/a,0.3533989748458226,0.0,0.0,0.0,0.0,0.0
1789981734,426624056,n/a,0.3533989748458226,0.0,0.0,0.0,0.0,0.0
1789981734,476610159,n/a,0.3533989748458226,0.0,0.0,0.0,0.0,0.0
1789981734,526573332,n/a,0.3533989748458226,0.0,0.0,0.0,0.0,0.0
1789981734,576635860,n/a,0.3533989748458226,0.0,0.0,0.0,0.0,0.0
1789981734,626620521,n/a,0.3533989748458226,0.0,0.0,0.0,0.0,0.0
1789981734,676632032,n/a,0.3533989748458226,0.0,0.0,0.0,0.0,0.0
1789981734,726615523,n/a,0.3533989748458226,0.0,0.0,0.0,0.0,0.0
1789981734,776598272,n/a,0.3533989748458226,0.0,0.0,0.0,0.0,0.0
1789981734,826609237,n/a,0.3533989748458226,0.0,0.0,0.0,0.0,0.0
1789981734,876637668,n/a,0.3533989748458226,0.0,0.0,0.0,0.0,0.0
1789981734,926607511,n/a,-0.8261223347411677,0.0,0.0,0.0,0.0,0.0
1789981734,976623950,n/a,-0.8261223347411677,0.0,0.0,0.0,0.0,0.0
1789981735,26554844,n/a,-0.8261223347411677,0.0,0.0,0.0,0.0,0.0
1789981735,76643676,n/a,-0.8261223347411677,0.0,0.0,0.0,0.0,0.0
1789981735,126642911,n/a,-0.8261223347411677,0.0,0.0,0.0,0.0,0.0
1789981735,176628369,n/a,-0.8261223347411677,0.0,0.0,0.0,0.0,0.0
1789981735,226590295,n/a,-0.8261223347411677,0.0,0.0,0.0,0.0,0.0
1789981735,276624331,n/a,-0.8261223347411677,0.0,0.0,0.0,0.0,0.0
1789981735,326683603,n/a,-0.8261223347411677,0.0,0.0,0.0,0.0,0.0
1789981735,376666522,n/a,-0.8261223347411677,0.0,0.0,0.0,0.0,0.0
1789981735,426715601,n/a,-0.8261223347411677,0.0,0.0,0.0,0.0,0.0
1789981735,476655171,n/a,-0.8261223347411677,0.0,0.0,0.0,0.0,0.0
1789981735,526549601,n/a,-0.8261223347411677,0.0,0.0,0.0,0.0,0.0
1789981735,576594748,n/a,-0.8261223347411677,0.0,0.0,0.0,0.0,0.0
1789981735,626628585,n/a,-0.8261223347411677,0.0,0.0,0.0,0.0,0.0
1789981735,676560870,n/a,-0.9404055611238593,0.0,0.0,0.0,0.0,0.0
1789981735,726628583,n/a,-0.9404055611238593,0.0,0.0,0.0,0.0,0.0
1789981735,776655057,n/a,-0.9404055611238593,0.0,0.0,0.0,0.0,0.0
1789981735,826598250,n/a,-0.9404055611238593,0.0,0.0,0.0,0.0,0.0
1789981735,876613407,n/a,-0.9404055611238593,0.0,0.0,0.0,0.0,0.0
1789981735,926634872,n/a,-0.9404055611238593,0.0,0.0,0.0,0.0,0.0
1789981735,976566467,n/a,-0.9404055611238593,0.0,0.0,0.0,0.0,0.0
1789981736,26602846,n/a,-0.9404055611238593,0.0,0.0,0.0,0.0,0.0
1789981736,76576722,n/a,-0.9404055611238593,0.0,0.0,0.0,0.0,0.0
1789981736,126571695,n/a,0.010710576206724776,0.0,0.0,0.0,0.0,0.0
1789981736,176569184,n/a,0.010710576206724776,0.0,0.0,0.0,0.0,0.0
1789981736,226567645,n/a,0.010710576206724776,0.0,0.0,0.0,0.0,0.0
1789981736,276583979,n/a,0.010710576206724776,0.0,0.0,0.0,0.0,0.0
1789981736,326528744,n/a,0.010710576206724776,0.0,0.0,0.0,0.0,0.0
1789981736,376596549,n/a,0.010710576206724776,0.0,0.0,0.0,0.0,0.0
1789981736,426576441,n/a,0.010710576206724776,0.0,0.0,0.0,0.0,0.0
1789981736,476528952,n/a,-0.602324698626703,0.0,0.0,0.0,0.0,0.0
1789981736,526556177,n/a,-0.602324698626703,0.0,0.0,0.0,0.0,0.0
1789981736,576504367,n/a,-0.602324698626703,0.0,0.0,0.0,0.0,0.0
1789981736,626555804,n/a,-0.602324698626703,0.0,0.0,0.0,0.0,0.0
1789981736,676590327,n/a,0.08988296120643335,0.0,0.0,0.0,0.0,0.0
1789981736,726596720,n/a,0.08988296120643335,0.0,0.0,0.0,0.0,0.0
1789981736,776566496,n/a,0.08988296120643335,0.0,0.0,0.0,0.0,0.0
1789981736,826558437,n/a,0.08988296120643335,0.0,0.0,0.0,0.0,0.0
1789981736,876558827,n/a,0.08988296120643335,0.0,0.0,0.0,0.0,0.0
1789981736,926545030,n/a,0.08988296120643335,0.0,0.0,0.0,0.0,0.0
1789981736,976593084,n/a,0.08988296120643335,0.0,0.0,0.0,0.0,0.0
1789981737,26555184,n/a,0.08988296120643335,0.0,0.0,0.0,0.0,0.0
1789981737,76557663,n/a,0.08988296120643335,0.0,0.0,0.0,0.0,0.0
1789981737,126622044,n/a,0.08988296120643335,0.0,0.0,0.0,0.0,0.0
1789981737,176584849,n/a,0.08988296120643335,0.0,0.0,0.0,0.0,0.0
1789981737,226616270,n/a,0.08988296120643335,0.0,0.0,0.0,0.0,0.0
1789981737,276568760,n/a,0.17853136775181744,0.0,0.0,0.0,0.0,0.0
1789981737,326553377,n/a,0.17853136775181744,0.0,0.0,0.0,0.0,0.0
1789981737,376615796,n/a,0.17853136775181744,0.0,0.0,0.0,0.0,0.0
1789981737,426698549,n/a,0.17853136775181744,0.0,0.0,0.0,0.0,0.0
1789981737,476639617,n/a,0.17853136775181744,0.0,0.0,0.0,0.0,0.0
1789981737,526618269,n/a,0.17853136775181744,0.0,0.0,0.0,0.0,0.0
1789981737,576668395,n/a,-0.987002480643878,0.0,0.0,0.0,0.0,0.0
1789981737,626559095,n/a,-0.987002480643878,0.0,0.0,0.0,0.0,0.0
1789981737,676594412,n/a,-0.987002480643878,0.0,0.0,0.0,0.0,0.0
1789981737,726576055,n/a,-0.987002480643878,0.0,0.0,0.0,0.0,0.0
1789981737,776581212,n/a,-0.987002480643878,0.0,0.0,0.0,0.0,0.0
1789981737,826623238,n/a,-0.987002480643878,0.0,0.0,0.0,0.0,0.0
1789981737,876537231,n/a,-0.987002480643878,0.0,0.0,0.0,0.0,0.0
1789981737,926559607,n/a,-0.987002480643878,0.0,0.0,0.0,0.0,0.0
1789981737,976555757,n/a,-0.987002480643878,0.0,0.0,0.0,0.0,0.0
1789981738,26627681,n/a,-0.987002480643878,0.0,0.0,0.0,0.0,0.0
1789981738,76594665,n/a,-0.987002480643878,0.0,0.0,0.0,0.0,0.0
1789981738,126735708,n/a,-0.987002480643878,0.0,0.0,0.0,0.0,0.0
1789981738,176610645,n/a,-0.987002480643878,0.0,0.0,0.0,0.0,0.0
1789981738,226582356,n/a,-0.987002480643878,0.0,0.0,0.0,0.0,0.0
1789981738,276627526,n/a,0.3962787899764537,0.0,0.0,0.0,0.0,0.0
1789981738,326595849,n/a,0.3962787899764537,0.0,0.0,0.0,0.0,0.0
1789981738,376643483,n/a,0.3962787899764537,0.0,0.0,0.0,0.0,0.0
1789981738,426631846,n/a,0.3962787899764537,0.0,0.0,0.0,0.0,0.0
1789981738,476503922,n/a,0.3962787899764537,0.0,0.0,0.0,0.0,0.0
1789981738,526581180,n/a,0.3962787899764537,0.0,0.0,0.0,0.0,0.0
1789981738,576591205,n/a,0.3962787899764537,0.0,0.0,0.0,0.0,0.0
1789981738,626580704,n/a,0.3962787899764537,0.0,0.0,0.0,0.0,0.0
1789981738,676617418,n/a,0.3962787899764537,0.0,0.0,0.0,0.0,0.0
1789981738,726623422,n/a,0.3962787899764537,0.0,0.0,0.0,0.0,0.0
1789981738,776633980,n/a,0.3962787899764537,0.0,0.0,0.0,0.0,0.0
1789981738,826643593,n/a,0.3962787899764537,0.0,0.0,0.0,0.0,0.0
1789981738,876678963,n/a,0.3962787899764537,0.0,0.0,0.0,0.0,0.0
1789981738,926615886,n/a,0.3962787899764537,0.0,0.0,0.0,0.0,0.0
1789981738,976598695,n/a,-0.6890410003764369,0.0,0.0,0.0,0.0,0.0
1789981739,26571991,n/a,-0.6890410003764369,0.0,0.0,0.0,0.0,0.0
1789981739,76620841,n/a,-0.6890410003764369,0.0,0.0,0.0,0.0,0.0
1789981739,126646960,n/a,-0.6890410003764369,0.0,0.0,0.0,0.0,0.0
1789981739,176651187,n/a,-0.6890410003764369,0.0,0.0,0.0,0.0,0.0
1789981739,226581073,n/a,-0.6890410003764369,0.0,0.0,0.0,0.0,0.0
1789981739,276594257,n/a,-0.6890410003764369,0.0,0.0,0.0,0.0,0.0
1789981739,326633966,n/a,-0.6890410003764369,0.0,0.0,0.0,0.0,0.0
1789981739,376574036,n/a,-0.32681090977474647,0.0,0.0,0.0,0.0,0.0
1789981739,426626223,n/a,-0.32681090977474647,0.0,0.0,0.0,0.0,0.0
1789981739,476611645,n/a,-0.32681090977474647,0.0,0.0,0.0,0.0,0.0
1789981739,526601370,n/a,-0.32681090977474647,0.0,0.0,0.0,0.0,0.0
1789981739,576596236,n/a,-0.32681090977474647,0.0,0.0,0.0,0.0,0.0
1789981739,626666397,n/a,-0.32681090977474647,0.0,0.0,0.0,0.0,0.0
1789981739,676589969,n/a,-0.32681090977474647,0.0,0.0,0.0,0.0,0.0
1789981739,726592356,n/a,-0.32681090977474647,0.0,0.0,0.0,0.0,0.0
1789981739,776681728,n/a,-0.32681090977474647,0.0,0.0,0.0,0.0,0.0
1789981739,826664840,n/a,-0.32681090977474647,0.0,0.0,0.0,0.0,0.0
1789981739,876617690,n/a,-0.32681090977474647,0.0,0.0,0.0,0.0,0.0
1789981739,926670893,n/a,-0.32681090977474647,0.0,0.0,0.0,0.0,0.0
1789981739,976586982,n/a,-0.32681090977474647,0.0,0.0,0.0,0.0,0.0
1789981740,26653998,n/a,-0.32681090977474647,0.0,0.0,0.0,0.0,0.0
1789981740,76596977,n/a,-0.32681090977474647,0.0,0.0,0.0,0.0,0.0
1789981740,126635848,n/a,-0.806567246333072,0.0,0.0,0.0,0.0,0.0
1789981740,176614963,n/a,-0.806567246333072,0.0,0.0,0.0,0.0,0.0
1789981740,226627091,n/a,-0.806567246333072,0.0,0.0,0.0,0.0,0.0
1789981740,276555561,n/a,-0.806567246333072,0.0,0.0,0.0,0.0,0.0
1789981740,326611710,n/a,-0.806567246333072,0.0,0.0,0.0,0.0,0.0
1789981740,376635536,n/a,-0.806567246333072,0.0,0.0,0.0,0.0,0.0
1789981740,426665731,n/a,0.20745206273378214,0.0,0.0,0.0,0.0,0.0
1789981740,476586288,n/a,0.20745206273378214,0.0,0.0,0.0,0.0,0.0
1789981740,526627355,n/a,0.20745206273378214,0.0,0.0,0.0,0.0,0.0
1789981740,576578544,n/a,0.20745206273378214,0.0,0.0,0.0,0.0,0.0
1789981740,626679661,n/a,0.20745206273378214,0.0,0.0,0.0,0.0,0.0
1789981740,676638866,n/a,0.20745206273378214,0.0,0.0,0.0,0.0,0.0
1789981740,726670155,n/a,0.20745206273378214,0.0,0.0,0.0,0.0,0.0
1789981740,776643118,n/a,0.20745206273378214,0.0,0.0,0.0,0.0,0.0
1789981740,826608105,n/a,0.20745206273378214,0.0,0.0,0.0,0.0,0.0
1789981740,876632451,n/a,0.20745206273378214,0.0,0.0,0.0,0.0,0.0
1789981740,926621691,n/a,0.20745206273378214,0.0,0.0,0.0,0.0,0.0
1789981740,976633972,n/a,0.20745206273378214,0.0,0.0,0.0,0.0,0.0
1789981741,26616196,n/a,0.20745206273378214,0.0,0.0,0.0,0.0,0.0
1789981741,76648192,n/a,0.20745206273378214,0.0,0.0,0.0,0.0,0.0
1789981741,126576868,n/a,0.45946357338763577,0.0,0.0,0.0,0.0,0.0
1789981741,176763439,n/a,0.45946357338763577,0.0,0.0,0.0,0.0,0.0
1789981741,226598805,n/a,0.45946357338763577,0.0,0.0,0.0,0.0,0.0
1789981741,276602488,n/a,0.45946357338763577,0.0,0.0,0.0,0.0,0.0
1789981741,326590515,n/a,0.45946357338763577,0.0,0.0,0.0,0.0,0.0
1789981741,376621668,n/a,0.45946357338763577,0.0,0.0,0.0,0.0,0.0
1789981741,426619442,n/a,0.45946357338763577,0.0,0.0,0.0,0.0,0.0
1789981741,476511224,n/a,0.45946357338763577,0.0,0.0,0.0,0.0,0.0
1789981741,526628370,n/a,0.45946357338763577,0.0,0.0,0.0,0.0,0.0
1789981741,576642296,n/a,0.45946357338763577,0.0,0.0,0.0,0.0,0.0
1789981741,626610867,n/a,0.45946357338763577,0.0,0.0,0.0,0.0,0.0
1789981741,676635289,n/a,0.45946357338763577,0.0,0.0,0.0,0.0,0.0
1789981741,726587889,n/a,0.45946357338763577,0.0,0.0,0.0,0.0,0.0
1789981741,776626396,n/a,0.9462315279587412,0.0,0.0,0.0,0.0,0.0
1789981741,826612039,n/a,0.9462315279587412,0.0,0.0,0.0,0.0,0.0
1789981741,876596912,n/a,0.9462315279587412,0.0,0.0,0.0,0.0,0.0
1789981741,926606697,n/a,0.9462315279587412,0.0,0.0,0.0,0.0,0.0
1789981741,976531401,n/a,0.9462315279587412,0.0,0.0,0.0,0.0,0.0
1789981742,26592891,n/a,0.9462315279587412,0.0,0.0,0.0,0.0,0.0
1789981742,76606709,n/a,0.9462315279587412,0.0,0.0,0.0,0.0,0.0
1789981742,126658733,n/a,0.9462315279587412,0.0,0.0,0.0,0.0,0.0
1789981742,176575068,n/a,0.9462315279587412,0.0,0.0,0.0,0.0,0.0
1789981742,226613877,n/a,0.9462315279587412,0.0,0.0,0.0,0.0,0.0
1789981742,276627111,n/a,0.9462315279587412,0.0,0.0,0.0,0.0,0.0
1789981742,326649691,n/a,0.104081262546454,0.0,0.0,0.0,0.0,0.0
1789981742,376586059,n/a,0.104081262546454,0.0,0.0,0.0,0.0,0.0
1789981742,426615814,n/a,0.104081262546454,0.0,0.0,0.0,0.0,0.0
1789981742,476614486,n/a,0.104081262546454,0.0,0.0,0.0,0.0,0.0
1789981742,526535648,n/a,0.104081262546454,0.0,0.0,0.0,0.0,0.0
1789981742,576636606,n/a,0.104081262546454,0.0,0.0,0.0,0.0,0.0
1789981742,626628915,n/a,0.104081262546454,0.0,0.0,0.0,0.0,0.0
1789981742,676655379,n/a,0.104081262546454,0.0,0.0,0.0,0.0,0.0
1789981742,726635439,n/a,0.2370395047284921,0.0,0.0,0.0,0.0,0.0
1789981742,776646614,n/a,0.2370395047284921,0.0,0.0,0.0,0.0,0.0
1789981742,826630154,n/a,0.2370395047284921,0.0,0.0,0.0,0.0,0.0
1789981742,876623107,n/a,0.2370395047284921,0.0,0.0,0.0,0.0,0.0
1789981742,926633782,n/a,0.2370395047284921,0.0,0.0,0.0,0.0,0.0
1789981742,976646170,n/a,0.2370395047284921,0.0,0.0,0.0,0.0,0.0
1789981743,26656164,n/a,0.2370395047284921,0.0,0.0,0.0,0.0,0.0
1789981743,76600679,n/a,0.2370395047284921,0.0,0.0,0.0,0.0,0.0
1789981743,126580886,n/a,0.2370395047284921,0.0,0.0,0.0,0.0,0.0
1789981743,176634479,n/a,0.2370395047284921,0.0,0.0,0.0,0.0,0.0
1789981743,226585842,n/a,0.2370395047284921,0.0,0.0,0.0,0.0,0.0
1789981743,276652618,n/a,0.2370395047284921,0.0,0.0,0.0,0.0,0.0
1789981743,326636892,n/a,0.2370395047284921,0.0,0.0,0.0,0.0,0.0
1789981743,376749338,n/a,0.2370395047284921,0.0,0.0,0.0,0.0,0.0
1789981743,426630327,n/a,0.15470429051352408,0.0,0.0,0.0,0.0,0.0
1789981743,476643798,n/a,0.15470429051352408,0.0,0.0,0.0,0.0,0.0
1789981743,526581665,n/a,0.15470429051352408,0.0,0.0,0.0,0.0,0.0
1789981743,576616862,n/a,0.15470429051352408,0.0,0.0,0.0,0.0,0.0
1789981743,626627668,n/a,0.15470429051352408,0.0,0.0,0.0,0.0,0.0
1789981743,676636191,n/a,0.15470429051352408,0.0,0.0,0.0,0.0,0.0
1789981743,726655879,n/a,0.15470429051352408,0.0,0.0,0.0,0.0,0.0
1789981743,776690772,n/a,0.15470429051352408,0.0,0.0,0.0,0.0,0.0
1789981743,826647805,n/a,0.15470429051352408,0.0,0.0,0.0,0.0,0.0
1789981743,876655455,n/a,0.15470429051352408,0.0,0.0,0.0,0.0,0.0
1789981743,926641758,n/a,0.15470429051352408,0.0,0.0,0.0,0.0,0.0
1789981743,976613235,n/a,0.15470429051352408,0.0,0.0,0.0,0.0,0.0
1789981744,26627915,n/a,0.15470429051352408,0.0,0.0,0.0,0.0,0.0
1789981744,76549765,n/a,0.15470429051352408,0.0,0.0,0.0,0.0,0.0
1789981744,126639209,n/a,0.15470429051352408,0.0,0.0,0.0,0.0,0.0
1789981744,176600526,n/a,-0.9083512326886756,0.0,0.0,0.0,0.0,0.0
1789981744,226603458,n/a,-0.9083512326886756,0.0,0.0,0.0,0.0,0.0
1789981744,276642234,n/a,-0.9083512326886756,0.0,0.0,0.0,0.0,0.0
1789981744,326603283,n/a,-0.9083512326886756,0.0,0.0,0.0,0.0,0.0
1789981744,376612649,n/a,-0.9083512326886756,0.0,0.0,0.0,0.0,0.0
1789981744,426629756,n/a,-0.9083512326886756,0.0,0.0,0.0,0.0,0.0
1789981744,476719361,n/a,-0.9083512326886756,0.0,0.0,0.0,0.0,0.0
1789981744,526651307,n/a,-0.9083512326886756,0.0,0.0,0.0,0.0,0.0
1789981744,576631881,n/a,-0.9083512326886756,0.0,0.0,0.0,0.0,0.0
1789981744,626633757,n/a,-0.9083512326886756,0.0,0.0,0.0,0.0,0.0
1789981744,676645134,n/a,-0.9083512326886756,0.0,0.0,0.0,0.0,0.0
1789981744,726656306,n/a,-0.9083512326886756,0.0,0.0,0.0,0.0,0.0
1789981744,776616353,n/a,-0.42122407279578566,0.0,0.0,0.0,0.0,0.0
1789981744,826675183,n/a,-0.42122407279578566,0.0,0.0,0.0,0.0,0.0
1789981744,876663385,n/a,-0.42122407279578566,0.0,0.0,0.0,0.0,0.0
1789981744,926702073,n/a,-0.42122407279578566,0.0,0.0,0.0,0.0,0.0
1789981744,976642309,n/a,-0.42122407279578566,0.0,0.0,0.0,0.0,0.0
1789981745,26591347,n/a,-0.42122407279578566,0.0,0.0,0.0,0.0,0.0
1789981745,76592103,n/a,-0.42122407279578566,0.0,0.0,0.0,0.0,0.0
1789981745,126580773,n/a,-0.5344182272779396,0.0,0.0,0.0,0.0,0.0
1789981745,176652224,n/a,-0.5344182272779396,0.0,0.0,0.0,0.0,0.0
1789981745,226604424,n/a,-0.5344182272779396,0.0,0.0,0.0,0.0,0.0
1789981745,276642485,n/a,-0.5344182272779396,0.0,0.0,0.0,0.0,0.0
1789981745,326629401,n/a,-0.5344182272779396,0.0,0.0,0.0,0.0,0.0
1789981745,376653982,n/a,-0.44405279377981577,0.0,0.0,0.0,0.0,0.0
1789981745,426607185,n/a,-0.44405279377981577,0.0,0.0,0.0,0.0,0.0
1789981745,476640694,n/a,-0.44405279377981577,0.0,0.0,0.0,0.0,0.0
1789981745,526558360,n/a,-0.44405279377981577,0.0,0.0,0.0,0.0,0.0
1789981745,576576430,n/a,-0.44405279377981577,0.0,0.0,0.0,0.0,0.0
1789981745,626601179,n/a,-0.2703356420598315,0.0,0.0,0.0,0.0,0.0
1789981745,676559942,n/a,-0.2703356420598315,0.0,0.0,0.0,0.0,0.0
1789981745,726623429,n/a,-0.2703356420598315,0.0,0.0,0.0,0.0,0.0
1789981745,776639489,n/a,-0.2703356420598315,0.0,0.0,0.0,0.0,0.0
1789981745,826605519,n/a,-0.2703356420598315,0.0,0.0,0.0,0.0,0.0
1789981745,876630009,n/a,-0.2703356420598315,0.0,0.0,0.0,0.0,0.0
1789981745,926591710,n/a,-0.2703356420598315,0.0,0.0,0.0,0.0,0.0
1789981745,976576251,n/a,-0.2703356420598315,0.0,0.0,0.0,0.0,0.0
1789981746,26644647,n/a,-0.2703356420598315,0.0,0.0,0.0,0.0,0.0
1789981746,76614662,n/a,-0.2703356420598315,0.0,0.0,0.0,0.0,0.0
1789981746,126618558,n/a,-0.2703356420598315,0.0,0.0,0.0,0.0,0.0
1789981746,176605999,n/a,-0.2703356420598315,0.0,0.0,0.0,0.0,0.0
1789981746,226573149,n/a,-0.5809859384570246,0.0,0.0,0.0,0.0,0.0
1789981746,276649468,n/a,-0.5809859384570246,0.0,0.0,0.0,0.0,0.0
1789981746,326631805,n/a,-0.5809859384570246,0.0,0.0,0.0,0.0,0.0
1789981746,376590979,n/a,-0.5809859384570246,0.0,0.0,0.0,0.0,0.0
1789981746,426587740,n/a,-0.5809859384570246,0.0,0.0,0.0,0.0,0.0
1789981746,476628859,n/a,-0.5809859384570246,0.0,0.0,0.0,0.0,0.0
1789981746,526646513,n/a,-0.5809859384570246,0.0,0.0,0.0,0.0,0.0
1789981746,576632766,n/a,-0.5809859384570246,0.0,0.0,0.0,0.0,0.0
1789981746,626656790,n/a,0.873309175424988,0.0,0.0,0.0,0.0,0.0
1789981746,676607772,n/a,0.873309175424988,0.0,0.0,0.0,0.0,0.0
1789981746,726583105,n/a,0.873309175424988,0.0,0.0,0.0,0.0,0.0
1789981746,776601472,n/a,0.873309175424988,0.0,0.0,0.0,0.0,0.0
1789981746,826580101,n/a,0.873309175424988,0.0,0.0,0.0,0.0,0.0
1789981746,876616187,n/a,0.873309175424988,0.0,0.0,0.0,0.0,0.0
1789981746,926617327,n/a,0.873309175424988,0.0,0.0,0.0,0.0,0.0
1789981746,976668617,n/a,0.21826201133397638,0.0,0.0,0.0,0.0,0.0
1789981747,26619080,n/a,0.21826201133397638,0.0,0.0,0.0,0.0,0.0
1789981747,76524356,n/a,0.21826201133397638,0.0,0.0,0.0,0.0,0.0
1789981747,126637306,n/a,0.21826201133397638,0.0,0.0,0.0,0.0,0.0
1789981747,176664481,n/a,0.21826201133397638,0.0,0.0,0.0,0.0,0.0
1789981747,226623450,n/a,0.21826201133397638,0.0,0.0,0.0,0.0,0.0
1789981747,276549432,n/a,0.21826201133397638,0.0,0.0,0.0,0.0,0.0
1789981747,326606752,n/a,0.21826201133397638,0.0,0.0,0.0,0.0,0.0
1789981747,376610421,n/a,0.21826201133397638,0.0,0.0,0.0,0.0,0.0
1789981747,426589983,n/a,0.21826201133397638,0.0,0.0,0.0,0.0,0.0
1789981747,476683062,n/a,0.21826201133397638,0.0,0.0,0.0,0.0,0.0
1789981747,526599882,n/a,0.21826201133397638,0.0,0.0,0.0,0.0,0.0
1789981747,576659985,n/a,0.45825359590069836,0.0,0.0,0.0,0.0,0.0
1789981747,626568397,n/a,0.45825359590069836,0.0,0.0,0.0,0.0,0.0
1789981747,676615838,n/a,0.45825359590069836,0.0,0.0,0.0,0.0,0.0
1789981747,726577299,n/a,0.45825359590069836,0.0,0.0,0.0,0.0,0.0
1789981747,776582688,n/a,0.45825359590069836,0.0,0.0,0.0,0.0,0.0
1789981747,826588480,n/a,0.45825359590069836,0.0,0.0,0.0,0.0,0.0
1789981747,876569722,n/a,-0.24108911648470444,0.0,0.0,0.0,0.0,0.0
1789981747,926619527,n/a,-0.24108911648470444,0.0,0.0,0.0,0.0,0.0
1789981747,976607504,n/a,-0.24108911648470444,0.0,0.0,0.0,0.0,0.0
1789981748,26587949,n/a,-0.24108911648470444,0.0,0.0,0.0,0.0,0.0
1789981748,76591649,n/a,-0.24108911648470444,0.0,0.0,0.0,0.0,0.0
1789981748,126606624,n/a,-0.24108911648470444,0.0,0.0,0.0,0.0,0.0
1789981748,176616262,n/a,0.2799995197081857,0.0,0.0,0.0,0.0,0.0
1789981748,226595299,n/a,0.2799995197081857,0.0,0.0,0.0,0.0,0.0
1789981748,276540875,n/a,0.2799995197081857,0.0,0.0,0.0,0.0,0.0
1789981748,326568997,n/a,0.2799995197081857,0.0,0.0,0.0,0.0,0.0
1789981748,376626997,n/a,0.2799995197081857,0.0,0.0,0.0,0.0,0.0
1789981748,426583589,n/a,0.2799995197081857,0.0,0.0,0.0,0.0,0.0
1789981748,476580543,n/a,0.2799995197081857,0.0,0.0,0.0,0.0,0.0
1789981748,526586953,n/a,0.2799995197081857,0.0,0.0,0.0,0.0,0.0
1789981748,576576186,n/a,0.2799995197081857,0.0,0.0,0.0,0.0,0.0
1789981748,626586870,n/a,0.2799995197081857,0.0,0.0,0.0,0.0,0.0
1789981748,676585630,n/a,0.2799995197081857,0.0,0.0,0.0,0.0,0.0
1789981748,726617680,n/a,0.2799995197081857,0.0,0.0,0.0,0.0,0.0
1789981748,776556713,n/a,0.2799995197081857,0.0,0.0,0.0,0.0,0.0
1789981748,826551498,n/a,0.2799995197081857,0.0,0.0,0.0,0.0,0.0
1789981748,876598060,n/a,0.2799995197081857,0.0,0.0,0.0,0.0,0.0
1789981748,926559629,n/a,0.2799995197081857,0.0,0.0,0.0,0.0,0.0
1789981748,976576711,n/a,0.3692285019797492,0.0,0.0,0.0,0.0,0.0
1789981749,26615345,n/a,0.3692285019797492,0.0,0.0,0.0,0.0,0.0
1789981749,76612955,n/a,0.3692285019797492,0.0,0.0,0.0,0.0,0.0
1789981749,126599822,n/a,0.3692285019797492,0.0,0.0,0.0,0.0,0.0
1789981749,176593744,n/a,0.3692285019797492,0.0,0.0,0.0,0.0,0.0
1789981749,226635034,n/a,0.3692285019797492,0.0,0.0,0.0,0.0,0.0
1789981749,276602686,n/a,0.3692285019797492,0.0,0.0,0.0,0.0,0.0
1789981749,326659889,n/a,0.3692285019797492,0.0,0.0,0.0,0.0,0.0
1789981749,376622654,n/a,0.3692285019797492,0.0,0.0,0.0,0.0,0.0
1789981749,426654504,n/a,0.3692285019797492,0.0,0.0,0.0,0.0,0.0
1789981749,476585472,n/a,0.3692285019797492,0.0,0.0,0.0,0.0,0.0
1789981749,526666502,n/a,0.5519998230924896,0.0,0.0,0.0,0.0,0.0
1789981749,576626276,n/a,0.5519998230924896,0.0,0.0,0.0,0.0,0.0
1789981749,626579702,n/a,0.5519998230924896,0.0,0.0,0.0,0.0,0.0
1789981749,676670909,n/a,0.5519998230924896,0.0,0.0,0.0,0.0,0.0
1789981749,726534025,n/a,0.5519998230924896,0.0,0.0,0.0,0.0,0.0
1789981749,776549060,n/a,0.5519998230924896,0.0,0.0,0.0,0.0,0.0
1789981749,826598768,n/a,0.5519998230924896,0.0,0.0,0.0,0.0,0.0
1789981749,876629704,n/a,0.5519998230924896,0.0,0.0,0.0,0.0,0.0
1789981749,926637840,n/a,0.5519998230924896,0.0,0.0,0.0,0.0,0.0
1789981749,976606093,n/a,0.5519998230924896,0.0,0.0,0.0,0.0,0.0
1789981750,26622061,n/a,0.5519998230924896,0.0,0.0,0.0,0.0,0.0
1789981750,76589095,n/a,0.5519998230924896,0.0,0.0,0.0,0.0,0.0
1789981750,126586567,n/a,0.5519998230924896,0.0,0.0,0.0,0.0,0.0
1789981750,176606395,n/a,0.5519998230924896,0.0,0.0,0.0,0.0,0.0
1789981750,226602647,n/a,-0.9357995121919245,0.0,0.0,0.0,0.0,0.0
1789981750,276608222,n/a,-0.9357995121919245,0.0,0.0,0.0,0.0,0.0
1789981750,326564488,n/a,-0.9357995121919245,0.0,0.0,0.0,0.0,0.0
1789981750,376539146,n/a,-0.9357995121919245,0.0,0.0,0.0,0.0,0.0
1789981750,426621054,n/a,-0.9357995121919245,0.0,0.0,0.0,0.0,0.0
1789981750,476523114,n/a,-0.9357995121919245,0.0,0.0,0.0,0.0,0.0
1789981750,526662227,n/a,-0.46451824804859454,0.0,0.0,0.0,0.0,0.0
1789981750,576541969,n/a,-0.46451824804859454,0.0,0.0,0.0,0.0,0.0
1789981750,626533234,n/a,-0.46451824804859454,0.0,0.0,0.0,0.0,0.0
1789981750,676599434,n/a,-0.46451824804859454,0.0,0.0,0.0,0.0,0.0
1789981750,726580701,n/a,-0.46451824804859454,0.0,0.0,0.0,0.0,0.0
1789981750,776594074,n/a,-0.46451824804859454,0.0,0.0,0.0,0.0,0.0
1789981750,826570755,n/a,-0.46451824804859454,0.0,0.0,0.0,0.0,0.0
1789981750,876589561,n/a,-0.46451824804859454,0.0,0.0,0.0,0.0,0.0
1789981750,926539929,n/a,0.8858194286701089,0.0,0.0,0.0,0.0,0.0
1789981750,976520522,n/a,0.8858194286701089,0.0,0.0,0.0,0.0,0.0
1789981751,26582141,n/a,0.8858194286701089,0.0,0.0,0.0,0.0,0.0
1789981751,76529004,n/a,0.8858194286701089,0.0,0.0,0.0,0.0,0.0
1789981751,126607101,n/a,0.8858194286701089,0.0,0.0,0.0,0.0,0.0
1789981751,176578758,n/a,0.8858194286701089,0.0,0.0,0.0,0.0,0.0
1789981751,226634890,n/a,0.8858194286701089,0.0,0.0,0.0,0.0,0.0
1789981751,276600133,n/a,-0.37064423840304417,0.0,0.0,0.0,0.0,0.0
1789981751,326609226,n/a,-0.37064423840304417,0.0,0.0,0.0,0.0,0.0
1789981751,376645326,n/a,-0.37064423840304417,0.0,0.0,0.0,0.0,0.0
1789981751,426542629,n/a,-0.37064423840304417,0.0,0.0,0.0,0.0,0.0
1789981751,476577942,n/a,-0.37064423840304417,0.0,0.0,0.0,0.0,0.0
1789981751,526616188,n/a,-0.37064423840304417,0.0,0.0,0.0,0.0,0.0
1789981751,576484057,n/a,-0.37064423840304417,0.0,0.0,0.0,0.0,0.0
1789981751,626553803,n/a,-0.37064423840304417,0.0,0.0,0.0,0.0,0.0
1789981751,676541326,n/a,-0.37064423840304417,0.0,0.0,0.0,0.0,0.0
1789981751,726597616,n/a,-0.37064423840304417,0.0,0.0,0.0,0.0,0.0
1789981751,776523805,n/a,-0.37064423840304417,0.0,0.0,0.0,0.0,0.0
1789981751,826722652,n/a,-0.37064423840304417,0.0,0.0,0.0,0.0,0.0
1789981751,876587365,n/a,-0.37064423840304417,0.0,0.0,0.0,0.0,0.0
1789981751,926596826,n/a,-0.37064423840304417,0.0,0.0,0.0,0.0,0.0
1789981751,976585658,n/a,-0.20873619787867148,0.0,0.0,0.0,0.0,0.0
1789981752,26576207,n/a,-0.20873619787867148,0.0,0.0,0.0,0.0,0.0
1789981752,76577141,n/a,-0.20873619787867148,0.0,0.0,0.0,0.0,0.0
1789981752,126540831,n/a,-0.20873619787867148,0.0,0.0,0.0,0.0,0.0
1789981752,176585077,n/a,-0.20873619787867148,0.0,0.0,0.0,0.0,0.0
1789981752,226572999,n/a,-0.20873619787867148,0.0,0.0,0.0,0.0,0.0
1789981752,276599137,n/a,-0.20873619787867148,0.0,0.0,0.0,0.0,0.0
1789981752,326653119,n/a,-0.20873619787867148,0.0,0.0,0.0,0.0,0.0
1789981752,376592837,n/a,-0.20873619787867148,0.0,0.0,0.0,0.0,0.0
1789981752,426552312,n/a,-0.20873619787867148,0.0,0.0,0.0,0.0,0.0
1789981752,476545245,n/a,-0.20873619787867148,0.0,0.0,0.0,0.0,0.0
1789981752,526661911,n/a,-0.20873619787867148,0.0,0.0,0.0,0.0,0.0
1789981752,576575284,n/a,-0.0822962948252024,0.0,0.0,0.0,0.0,0.0
1789981752,626688291,n/a,-0.0822962948252024,0.0,0.0,0.0,0.0,0.0
1789981752,676526162,n/a,-0.0822962948252024,0.0,0.0,0.0,0.0,0.0
1789981752,726585930,n/a,-0.0822962948252024,0.0,0.0,0.0,0.0,0.0
1789981752,776522496,n/a,-0.0822962948252024,0.0,0.0,0.0,0.0,0.0
1789981752,826544705,n/a,-0.0822962948252024,0.0,0.0,0.0,0.0,0.0
1789981752,876620607,n/a,-0.0822962948252024,0.0,0.0,0.0,0.0,0.0
1789981752,926555749,n/a,-0.0822962948252024,0.0,0.0,0.0,0.0,0.0
1789981752,976561897,n/a,-0.0822962948252024,0.0,0.0,0.0,0.0,0.0
1789981753,26593569,n/a,-0.0822962948252024,0.0,0.0,0.0,0.0,0.0
1789981753,76537381,n/a,-0.0822962948252024,0.0,0.0,0.0,0.0,0.0
1789981753,126566071,n/a,-0.0822962948252024,0.0,0.0,0.0,0.0,0.0
1789981753,176569807,n/a,-0.0822962948252024,0.0,0.0,0.0,0.0,0.0
1789981753,226569486,n/a,-0.0822962948252024,0.0,0.0,0.0,0.0,0.0
1789981753,276572248,n/a,-0.0822962948252024,0.0,0.0,0.0,0.0,0.0
1789981753,326583959,n/a,-0.5067449846120331,0.0,0.0,0.0,0.0,0.0
1789981753,376577086,n/a,-0.5067449846120331,0.0,0.0,0.0,0.0,0.0
1789981753,426557888,n/a,-0.5067449846120331,0.0,0.0,0.0,0.0,0.0
1789981753,476560659,n/a,-0.5067449846120331,0.0,0.0,0.0,0.0,0.0
1789981753,526660967,n/a,-0.5067449846120331,0.0,0.0,0.0,0.0,0.0
1789981753,576561997,n/a,-0.5067449846120331,0.0,0.0,0.0,0.0,0.0
1789981753,626584268,n/a,-0.5067449846120331,0.0,0.0,0.0,0.0,0.0
1789981753,676638350,n/a,-0.11862919573853237,0.0,0.0,0.0,0.0,0.0
1789981753,726616649,n/a,-0.11862919573853237,0.0,0.0,0.0,0.0,0.0
1789981753,776622850,n/a,-0.11862919573853237,0.0,0.0,0.0,0.0,0.0
1789981753,826609675,n/a,-0.11862919573853237,0.0,0.0,0.0,0.0,0.0
1789981753,876613592,n/a,-0.11862919573853237,0.0,0.0,0.0,0.0,0.0
1789981753,926576639,n/a,-0.11862919573853237,0.0,0.0,0.0,0.0,0.0
1789981753,976592299,n/a,-0.11862919573853237,0.0,0.0,0.0,0.0,0.0
1789981754,26600136,n/a,-0.11862919573853237,0.0,0.0,0.0,0.0,0.0
1789981754,76606190,n/a,-0.11862919573853237,0.0,0.0,0.0,0.0,0.0
1789981754,126625957,n/a,0.1989114418012385,0.0,0.0,0.0,0.0,0.0
1789981754,176605645,n/a,0.1989114418012385,0.0,0.0,0.0,0.0,0.0
1789981754,226620923,n/a,0.1989114418012385,0.0,0.0,0.0,0.0,0.0
1789981754,276664230,n/a,0.1989114418012385,0.0,0.0,0.0,0.0,0.0
1789981754,326616748,n/a,0.1989114418012385,0.0,0.0,0.0,0.0,0.0
1789981754,376596211,n/a,0.1989114418012385,0.0,0.0,0.0,0.0,0.0
1789981754,426615348,n/a,0.1989114418012385,0.0,0.0,0.0,0.0,0.0
1789981754,476609018,n/a,0.1989114418012385,0.0,0.0,0.0,0.0,0.0
1789981754,526617407,n/a,0.1989114418012385,0.0,0.0,0.0,0.0,0.0
1789981754,576560394,n/a,-0.14033962042135834,0.0,0.0,0.0,0.0,0.0
1789981754,626589127,n/a,-0.14033962042135834,0.0,0.0,0.0,0.0,0.0
1789981754,676609327,n/a,-0.14033962042135834,0.0,0.0,0.0,0.0,0.0
1789981754,726582172,n/a,-0.14033962042135834,0.0,0.0,0.0,0.0,0.0
1789981754,776516809,n/a,-0.14033962042135834,0.0,0.0,0.0,0.0,0.0
1789981754,826601122,n/a,-0.14033962042135834,0.0,0.0,0.0,0.0,0.0
1789981754,876618296,n/a,-0.14033962042135834,0.0,0.0,0.0,0.0,0.0
1789981754,926607393,n/a,0.004763146838232257,0.0,0.0,0.0,0.0,0.0
1789981754,976588449,n/a,0.004763146838232257,0.0,0.0,0.0,0.0,0.0
1789981755,26583022,n/a,0.004763146838232257,0.0,0.0,0.0,0.0,0.0
1789981755,76601701,n/a,0.004763146838232257,0.0,0.0,0.0,0.0,0.0
1789981755,126606513,n/a,0.004763146838232257,0.0,0.0,0.0,0.0,0.0
1789981755,176601224,n/a,0.004763146838232257,0.0,0.0,0.0,0.0,0.0
1789981755,226647154,n/a,0.004763146838232257,0.0,0.0,0.0,0.0,0.0
1789981755,276618636,n/a,0.004763146838232257,0.0,0.0,0.0,0.0,0.0
1789981755,326627514,n/a,0.004763146838232257,0.0,0.0,0.0,0.0,0.0
1789981755,376645180,n/a,0.004763146838232257,0.0,0.0,0.0,0.0,0.0
1789981755,426622911,n/a,0.004763146838232257,0.0,0.0,0.0,0.0,0.0
1789981755,476652394,n/a,0.004763146838232257,0.0,0.0,0.0,0.0,0.0
1789981755,526639605,n/a,-0.22644181228763272,0.0,0.0,0.0,0.0,0.0
1789981755,576660435,n/a,-0.22644181228763272,0.0,0.0,0.0,0.0,0.0
1789981755,626618207,n/a,-0.22644181228763272,0.0,0.0,0.0,0.0,0.0
1789981755,676568800,n/a,-0.22644181228763272,0.0,0.0,0.0,0.0,0.0
1789981755,726635385,n/a,0.06372302085154502,0.0,0.0,0.0,0.0,0.0
1789981755,776567957,n/a,0.06372302085154502,0.0,0.0,0.0,0.0,0.0
1789981755,826625693,n/a,0.06372302085154502,0.0,0.0,0.0,0.0,0.0
1789981755,876579785,n/a,0.06372302085154502,0.0,0.0,0.0,0.0,0.0
1789981755,926563995,n/a,0.06372302085154502,0.0,0.0,0.0,0.0,0.0
1789981755,976568881,n/a,-0.03892001660015798,0.0,0.0,0.0,0.0,0.0
1789981756,26566541,n/a,-0.03892001660015798,0.0,0.0,0.0,0.0,0.0
1789981756,76531572,n/a,-0.03892001660015798,0.0,0.0,0.0,0.0,0.0
1789981756,126650776,n/a,-0.03892001660015798,0.0,0.0,0.0,0.0,0.0
1789981756,176579935,n/a,-0.03892001660015798,0.0,0.0,0.0,0.0,0.0
1789981756,226605104,n/a,-0.03892001660015798,0.0,0.0,0.0,0.0,0.0
1789981756,276592750,n/a,-0.03892001660015798,0.0,0.0,0.0,0.0,0.0
1789981756,326694112,n/a,-0.03892001660015798,0.0,0.0,0.0,0.0,0.0
1789981756,376561494,n/a,-0.03892001660015798,0.0,0.0,0.0,0.0,0.0
1789981756,426714469,n/a,-0.03892001660015798,0.0,0.0,0.0,0.0,0.0
1789981756,476614586,n/a,-0.03892001660015798,0.0,0.0,0.0,0.0,0.0
1789981756,526616693,n/a,-0.05919035674673162,0.0,0.0,0.0,0.0,0.0
1789981756,576544527,n/a,-0.05919035674673162,0.0,0.0,0.0,0.0,0.0
1789981756,626691773,n/a,-0.05919035674673162,0.0,0.0,0.0,0.0,0.0
1789981756,676620895,n/a,-0.05919035674673162,0.0,0.0,0.0,0.0,0.0
1789981756,726626661,n/a,0.014557172549568509,0.0,0.0,0.0,0.0,0.0
1789981756,776617534,n/a,0.014557172549568509,0.0,0.0,0.0,0.0,0.0
1789981756,826566177,n/a,0.014557172549568509,0.0,0.0,0.0,0.0,0.0
1789981756,876641328,n/a,0.014557172549568509,0.0,0.0,0.0,0.0,0.0
1789981756,926654534,n/a,0.014557172549568509,0.0,0.0,0.0,0.0,0.0
1789981756,976581863,n/a,0.014557172549568509,0.0,0.0,0.0,0.0,0.0
1789981757,26539347,n/a,0.014557172549568509,0.0,0.0,0.0,0.0,0.0
1789981757,76584143,n/a,0.014557172549568509,0.0,0.0,0.0,0.0,0.0
1789981757,126645762,n/a,0.014557172549568509,0.0,0.0,0.0,0.0,0.0
1789981757,176595469,n/a,0.014557172549568509,0.0,0.0,0.0,0.0,0.0
1789981757,226632919,n/a,0.014557172549568509,0.0,0.0,0.0,0.0,0.0
1789981757,276569775,n/a,0.014557172549568509,0.0,0.0,0.0,0.0,0.0
1789981757,326566065,n/a,0.18038985111724903,0.0,0.0,0.0,0.0,0.0
1789981757,376622811,n/a,0.18038985111724903,0.0,0.0,0.0,0.0,0.0
1789981757,426586547,n/a,0.18038985111724903,0.0,0.0,0.0,0.0,0.0
1789981757,476574725,n/a,0.18038985111724903,0.0,0.0,0.0,0.0,0.0
1789981757,526606899,n/a,0.18038985111724903,0.0,0.0,0.0,0.0,0.0
1789981757,576585730,n/a,0.18038985111724903,0.0,0.0,0.0,0.0,0.0
1789981757,626600435,n/a,0.18038985111724903,0.0,0.0,0.0,0.0,0.0
1789981757,676634807,n/a,0.18038985111724903,0.0,0.0,0.0,0.0,0.0
1789981757,726610056,n/a,0.18038985111724903,0.0,0.0,0.0,0.0,0.0
1789981757,776666317,n/a,0.18038985111724903,0.0,0.0,0.0,0.0,0.0
1789981757,826602946,n/a,0.18038985111724903,0.0,0.0,0.0,0.0,0.0
1789981757,876644617,n/a,0.18038985111724903,0.0,0.0,0.0,0.0,0.0
1789981757,926593150,n/a,0.11036090968009732,0.0,0.0,0.0,0.0,0.0
1789981757,976569223,n/a,0.11036090968009732,0.0,0.0,0.0,0.0,0.0
1789981758,26612686,n/a,0.11036090968009732,0.0,0.0,0.0,0.0,0.0
1789981758,76564120,n/a,0.11036090968009732,0.0,0.0,0.0,0.0,0.0
1789981758,126610244,n/a,0.01848516520439758,0.0,0.0,0.0,0.0,0.0
1789981758,176537292,n/a,0.01848516520439758,0.0,0.0,0.0,0.0,0.0
1789981758,226628931,n/a,0.01848516520439758,0.0,0.0,0.0,0.0,0.0
1789981758,276537973,n/a,0.01848516520439758,0.0,0.0,0.0,0.0,0.0
1789981758,326557288,n/a,0.01848516520439758,0.0,0.0,0.0,0.0,0.0
1789981758,376573264,n/a,0.01848516520439758,0.0,0.0,0.0,0.0,0.0
1789981758,426584144,n/a,0.01848516520439758,0.0,0.0,0.0,0.0,0.0
1789981758,476556792,n/a,0.01848516520439758,0.0,0.0,0.0,0.0,0.0
1789981758,526605542,n/a,0.01848516520439758,0.0,0.0,0.0,0.0,0.0
1789981758,576590781,n/a,0.07048089928990403,0.0,0.0,0.0,0.0,0.0
1789981758,626548562,n/a,0.07048089928990403,0.0,0.0,0.0,0.0,0.0
1789981758,676536399,n/a,0.07048089928990403,0.0,0.0,0.0,0.0,0.0
1789981758,726562387,n/a,0.07048089928990403,0.0,0.0,0.0,0.0,0.0
1789981758,776550625,n/a,0.07048089928990403,0.0,0.0,0.0,0.0,0.0
1789981758,826598110,n/a,0.07048089928990403,0.0,0.0,0.0,0.0,0.0
1789981758,876626463,n/a,0.07048089928990403,0.0,0.0,0.0,0.0,0.0
1789981758,926582400,n/a,-0.03261737466544751,0.0,0.0,0.0,0.0,0.0
1789981758,976507238,n/a,-0.03261737466544751,0.0,0.0,0.0,0.0,0.0
1789981759,26642010,n/a,-0.03261737466544751,0.0,0.0,0.0,0.0,0.0
1789981759,76614815,n/a,-0.03261737466544751,0.0,0.0,0.0,0.0,0.0
1789981759,126644402,n/a,0.22690796376054007,0.0,0.0,0.0,0.0,0.0
1789981759,176569188,n/a,0.22690796376054007,0.0,0.0,0.0,0.0,0.0
1789981759,226574614,n/a,0.22690796376054007,0.0,0.0,0.0,0.0,0.0
1789981759,276515500,n/a,0.22690796376054007,0.0,0.0,0.0,0.0,0.0
1789981759,326543571,n/a,0.22690796376054007,0.0,0.0,0.0,0.0,0.0
1789981759,376546751,n/a,0.22690796376054007,0.0,0.0,0.0,0.0,0.0
1789981759,426551332,n/a,0.22690796376054007,0.0,0.0,0.0,0.0,0.0
1789981759,476553505,n/a,0.22690796376054007,0.0,0.0,0.0,0.0,0.0
1789981759,526482841,n/a,-0.11830547462445462,0.0,0.0,0.0,0.0,0.0
1789981759,576563040,n/a,-0.11830547462445462,0.0,0.0,0.0,0.0,0.0
1789981759,626570612,n/a,-0.11830547462445462,0.0,0.0,0.0,0.0,0.0
1789981759,676565421,n/a,-0.11830547462445462,0.0,0.0,0.0,0.0,0.0
1789981759,726589223,n/a,-0.11830547462445462,0.0,0.0,0.0,0.0,0.0
1789981759,776567686,n/a,-0.11830547462445462,0.0,0.0,0.0,0.0,0.0
1789981759,826555461,n/a,-0.11830547462445462,0.0,0.0,0.0,0.0,0.0
1789981759,876548847,n/a,-0.11830547462445462,0.0,0.0,0.0,0.0,0.0
1789981759,926570442,n/a,-0.11830547462445462,0.0,0.0,0.0,0.0,0.0
1789981759,976567810,n/a,-0.11830547462445462,0.0,0.0,0.0,0.0,0.0
1789981760,26581068,n/a,-0.11830547462445462,0.0,0.0,0.0,0.0,0.0
1789981760,76539068,n/a,-0.16067405973493432,0.0,0.0,0.0,0.0,0.0
1789981760,126558882,n/a,-0.16067405973493432,0.0,0.0,0.0,0.0,0.0
1789981760,176567495,n/a,-0.16067405973493432,0.0,0.0,0.0,0.0,0.0
1789981760,226594091,n/a,-0.16067405973493432,0.0,0.0,0.0,0.0,0.0
1789981760,276530537,n/a,-0.16067405973493432,0.0,0.0,0.0,0.0,0.0
1789981760,326523670,n/a,-0.16067405973493432,0.0,0.0,0.0,0.0,0.0
1789981760,376607458,n/a,-0.16067405973493432,0.0,0.0,0.0,0.0,0.0
1789981760,426557032,n/a,-0.16067405973493432,0.0,0.0,0.0,0.0,0.0
1789981760,476536182,n/a,0.18525928491838345,0.0,0.0,0.0,0.0,0.0
1789981760,526590323,n/a,0.18525928491838345,0.0,0.0,0.0,0.0,0.0
1789981760,576555866,n/a,0.18525928491838345,0.0,0.0,0.0,0.0,0.0
1789981760,626577736,n/a,0.18525928491838345,0.0,0.0,0.0,0.0,0.0
1789981760,676621388,n/a,0.18525928491838345,0.0,0.0,0.0,0.0,0.0
1789981760,726525854,n/a,0.18525928491838345,0.0,0.0,0.0,0.0,0.0
1789981760,776596627,n/a,0.18525928491838345,0.0,0.0,0.0,0.0,0.0
1789981760,826600241,n/a,0.18525928491838345,0.0,0.0,0.0,0.0,0.0
1789981760,876522363,n/a,0.18525928491838345,0.0,0.0,0.0,0.0,0.0
1789981760,926598325,n/a,0.18525928491838345,0.0,0.0,0.0,0.0,0.0
1789981760,976596884,n/a,0.18525928491838345,0.0,0.0,0.0,0.0,0.0
1789981761,26666964,n/a,0.06947474743300258,0.0,0.0,0.0,0.0,0.0
1789981761,76636235,n/a,0.06947474743300258,0.0,0.0,0.0,0.0,0.0
1789981761,126614557,n/a,0.06947474743300258,0.0,0.0,0.0,0.0,0.0
1789981761,176612433,n/a,0.06947474743300258,0.0,0.0,0.0,0.0,0.0
1789981761,226609247,n/a,0.06947474743300258,0.0,0.0,0.0,0.0,0.0
1789981761,276591780,n/a,0.06947474743300258,0.0,0.0,0.0,0.0,0.0
1789981761,326651009,n/a,0.06947474743300258,0.0,0.0,0.0,0.0,0.0
1789981761,376579102,n/a,-0.1735803657251826,0.0,0.0,0.0,0.0,0.0
1789981761,426677073,n/a,-0.1735803657251826,0.0,0.0,0.0,0.0,0.0
1789981761,476587816,n/a,-0.1735803657251826,0.0,0.0,0.0,0.0,0.0
1789981761,526566105,n/a,-0.1735803657251826,0.0,0.0,0.0,0.0,0.0
1789981761,576575620,n/a,-0.1735803657251826,0.0,0.0,0.0,0.0,0.0
1789981761,626651163,n/a,-0.1735803657251826,0.0,0.0,0.0,0.0,0.0
1789981761,676608345,n/a,-0.1735803657251826,0.0,0.0,0.0,0.0,0.0
1789981761,726618199,n/a,-0.1735803657251826,0.0,0.0,0.0,0.0,0.0
1789981761,776563445,n/a,-0.1735803657251826,0.0,0.0,0.0,0.0,0.0
1789981761,826554690,n/a,0.019689515059812868,0.0,0.0,0.0,0.0,0.0
1789981761,876637583,n/a,0.019689515059812868,0.0,0.0,0.0,0.0,0.0
1789981761,926556271,n/a,0.019689515059812868,0.0,0.0,0.0,0.0,0.0
1789981761,976559858,n/a,0.019689515059812868,0.0,0.0,0.0,0.0,0.0
1789981762,26654426,n/a,0.019689515059812868,0.0,0.0,0.0,0.0,0.0
1789981762,76599370,n/a,0.019689515059812868,0.0,0.0,0.0,0.0,0.0
1789981762,126648536,n/a,0.019689515059812868,0.0,0.0,0.0,0.0,0.0
1789981762,176553023,n/a,0.019689515059812868,0.0,0.0,0.0,0.0,0.0
1789981762,226625124,n/a,0.019689515059812868,0.0,0.0,0.0,0.0,0.0
1789981762,276603054,n/a,0.019689515059812868,0.0,0.0,0.0,0.0,0.0
1789981762,326594085,n/a,0.015176836097588742,0.0,0.0,0.0,0.0,0.0
1789981762,376592561,n/a,0.015176836097588742,0.0,0.0,0.0,0.0,0.0
1789981762,426596790,n/a,0.015176836097588742,0.0,0.0,0.0,0.0,0.0
1789981762,476579355,n/a,0.015176836097588742,0.0,0.0,0.0,0.0,0.0
1789981762,526558794,n/a,0.015176836097588742,0.0,0.0,0.0,0.0,0.0
1789981762,576597959,n/a,0.015176836097588742,0.0,0.0,0.0,0.0,0.0
1789981762,626606566,n/a,0.015176836097588742,0.0,0.0,0.0,0.0,0.0
1789981762,676597552,n/a,0.015176836097588742,0.0,0.0,0.0,0.0,0.0
1789981762,726543858,n/a,0.015176836097588742,0.0,0.0,0.0,0.0,0.0
1789981762,776590276,n/a,0.015176836097588742,0.0,0.0,0.0,0.0,0.0
1789981762,826562255,n/a,-0.08792197149766345,0.0,0.0,0.0,0.0,0.0
1789981762,876573439,n/a,-0.08792197149766345,0.0,0.0,0.0,0.0,0.0
1789981762,926611489,n/a,-0.08792197149766345,0.0,0.0,0.0,0.0,0.0
1789981762,976594395,n/a,-0.08792197149766345,0.0,0.0,0.0,0.0,0.0
1789981763,26528299,n/a,0.21454930813230855,0.0,0.0,0.0,0.0,0.0
1789981763,76549459,n/a,0.21454930813230855,0.0,0.0,0.0,0.0,0.0
1789981763,126584990,n/a,0.21454930813230855,0.0,0.0,0.0,0.0,0.0
1789981763,176591233,n/a,0.21454930813230855,0.0,0.0,0.0,0.0,0.0
1789981763,226533204,n/a,0.16583276468058972,0.0,0.0,0.0,0.0,0.0
1789981763,276541613,n/a,0.16583276468058972,0.0,0.0,0.0,0.0,0.0
1789981763,326598276,n/a,0.16583276468058972,0.0,0.0,0.0,0.0,0.0
1789981763,376539150,n/a,0.16583276468058972,0.0,0.0,0.0,0.0,0.0
1789981763,426613093,n/a,0.16583276468058972,0.0,0.0,0.0,0.0,0.0
1789981763,476544308,n/a,0.16583276468058972,0.0,0.0,0.0,0.0,0.0
1789981763,526588243,n/a,0.16583276468058972,0.0,0.0,0.0,0.0,0.0
1789981763,576581143,n/a,0.16583276468058972,0.0,0.0,0.0,0.0,0.0
1789981763,626554262,n/a,0.16583276468058972,0.0,0.0,0.0,0.0,0.0
1789981763,676559391,n/a,0.16583276468058972,0.0,0.0,0.0,0.0,0.0
1789981763,726604935,n/a,0.16583276468058972,0.0,0.0,0.0,0.0,0.0
1789981763,776633105,n/a,0.0,0.0,0.0,0.0,0.0,0.0
1789981763,826583167,n/a,0.0,0.0,0.0,0.0,0.0,0.0
1789981763,876572687,n/a,0.0,0.0,0.0,0.0,0.0,0.0
1789981763,926596803,n/a,0.0,0.0,0.0,0.0,0.0,0.0
1789981763,976602849,n/a,0.0,0.0,0.0,0.0,0.0,0.0
1789981764,26578094,n/a,0.0,0.0,0.0,0.0,0.0,0.0
1789981764,76591906,n/a,0.0,0.0,0.0,0.0,0.0,0.0
1789981764,126568593,n/a,0.0,0.0,0.0,0.0,0.0,0.0
1789981764,176544909,n/a,0.0,0.0,0.0,0.0,0.0,0.0
1789981764,226545284,n/a,0.0,0.0,0.0,0.0,0.0,0.0
1789981764,276596905,n/a,0.0,0.0,0.0,0.0,0.0,0.0
1789981764,326572332,n/a,0.0,0.0,0.0,0.0,0.0,0.0
1789981764,376589945,n/a,0.0,0.0,0.0,0.0,0.0,0.0
1789981764,426578705,n/a,0.0,0.0,0.0,0.0,0.0,0.0
1789981764,476567783,n/a,0.0,0.0,0.0,0.0,0.0,0.0
1789981764,526627873,n/a,0.0,0.0,0.0,0.0,0.0,0.0
1789981764,576542945,n/a,0.0,0.0,0.0,0.0,0.0,0.0
1789981764,626615460,n/a,0.0,0.0,0.0,0.0,0.0,0.0
1789981764,676523382,n/a,0.0,0.0,0.0,0.0,0.0,0.0
1789981764,726750945,n/a,0.0,0.0,0.0,0.0,0.0,0.0
1789981764,776568255,n/a,0.0,0.0,0.0,0.0,0.0,0.0
1789981764,826640083,n/a,0.0,0.0,0.0,0.0,0.0,0.0
1789981764,876521205,n/a,0.0,0.0,0.0,0.0,0.0,0.0
1789981764,926560749,n/a,0.0,0.0,0.0,0.0,0.0,0.0
1789981764,976554511,n/a,0.0,0.0,0.0,0.0,0.0,0.0
1789981765,26658200,n/a,0.0,0.0,0.0,0.0,0.0,0.0
1789981765,76525391,n/a,0.0,0.0,0.0,0.0,0.0,0.0
1789981765,126560079,n/a,0.0,0.0,0.0,0.0,0.0,0.0
1789981765,176522141,n/a,0.0,0.0,0.0,0.0,0.0,0.0
1789981765,226592664,n/a,0.0,0.0,0.0,0.0,0.0,0.0
1789981765,276602321,n/a,0.0,0.0,0.0,0.0,0.0,0.0
1789981765,326610772,n/a,0.0,0.0,0.0,0.0,0.0,0.0
1789981765,376592348,n/a,0.0,0.0,0.0,0.0,0.0,0.0
1789981765,426594143,n/a,0.0,0.0,0.0,0.0,0.0,0.0
1789981765,476540886,n/a,0.0,0.0,0.0,0.0,0.0,0.0
1789981765,526513404,n/a,0.0,0.0,0.0,0.0,0.0,0.0
1789981765,576638669,n/a,0.0,0.0,0.0,0.0,0.0,0.0
1789981765,626576879,n/a,0.0,0.0,0.0,0.0,0.0,0.0
1789981765,676579607,n/a,0.0,0.0,0.0,0.0,0.0,0.0
1789981765,726604514,n/a,0.0,0.0,0.0,0.0,0.0,0.0
1789981765,778136075,n/a,0.0,0.0,0.0,0.0,0.0,0.0
1789981765,826555777,n/a,0.0,0.0,0.0,0.0,0.0,0.0
1789981765,876591132,n/a,0.0,0.0,0.0,0.0,0.0,0.0
1789981765,926545767,n/a,0.0,0.0,0.0,0.0,0.0,0.0
1789981765,976546596,n/a,0.0,0.0,0.0,0.0,0.0,0.0
1789981766,26582450,n/a,0.0,0.0,0.0,0.0,0.0,0.0
1789981766,76603373,n/a,0.0,0.0,0.0,0.0,0.0,0.0
1789981766,126525298,n/a,0.0,0.0,0.0,0.0,0.0,0.0
1789981766,176568669,n/a,0.0,0.0,0.0,0.0,0.0,0.0
1789981766,226519457,n/a,0.0,0.0,0.0,0.0,0.0,0.0
1789981766,276544426,n/a,0.0,0.0,0.0,0.0,0.0,0.0
1789981766,326612658,n/a,0.0,0.0,0.0,0.0,0.0,0.0
1789981766,376538268,n/a,0.0,0.0,0.0,0.0,0.0,0.0
