1789477506,538643009,body,-2.353226439099267e-06,-6.072563164841693e-06,0.002144295058540748,0.013876501710168972,0.00043458105444897475,-0.00286053729469304
1789477506,545075759,body,5.834792736918499e-06,-0.00019452614152123317,-0.0008612245849898749,-0.0033254227396697744,-8.975905175852755e-05,-0.00026140010501062694
1789477506,552264842,body,1.5766229905530927e-05,-0.0004940576767755157,-0.0017084635813021693,-0.008383265385469959,-0.00022666530494959173,4.9517340632357506e-05
1789477506,558890566,body,0.00010656557428891282,-0.000635142710877014,-0.0021530796773864113,-0.005149734468298037,-0.0658672735203947,0.00010440270270322576
1789477506,565858201,body,-0.0006620297404005158,-0.0006123204577095815,-0.0024664374138085674,-0.001542999614278093,-0.16507958100593492,0.00010916436933452149
1789477506,572646306,body,-0.004459816299937464,-0.000514668208620314,-0.0026316577335699664,0.0004575745925711263,-0.21600558921401336,9.411887965370618e-05
1789477506,579285895,body,-0.01305836889376832,-0.00040785886655277006,-0.0025474505568376534,0.0009768104795002805,-0.21945077905869703,8.160925810550822e-05
1789477506,585800411,body,-0.027028540192462498,-0.00031932688981454533,-0.002121415476986384,0.0007651097228645103,-0.1966444375385232,8.051765075647933e-05
1789477506,592185845,body,-0.046072104894871034,-0.0002509863011437827,-0.0013128926042087928,0.0004258189349827191,-0.1647496873527933,8.45368487350152e-05
1789477506,598635226,body,-0.06949375874330382,-0.00019567602488609485,-0.0001287070074137784,0.00021645973954308084,-0.13251276345234403,8.52222608024115e-05
1789477506,608453078,body,-0.09650404983181135,-0.00014695832174396303,0.0013921092299616711,0.0001523966567330026,-0.10284632553570834,8.015255969563142e-05
1789477506,615347322,body,-0.12634993417858484,-0.00010188454953000652,0.0031882506930650993,0.0001634509664506361,-0.07601501116733651,7.168463009900815e-05
1789477506,622226729,body,-0.15834719561348157,-6.00887456343486e-05,0.005181927565137713,0.00018854468441275907,-0.05157691171414723,6.287964466491774e-05
1789477506,628922121,body,-0.1918757774718919,-2.2167350998856045e-05,0.00728431934170056,0.00020119630153371846,-0.029162959399091432,5.533606971437419e-05
1789477506,635660535,body,-0.22636912696759515,1.133408274380859e-05,0.009401815506835116,0.00019946559898484067,-0.008623600461290877,4.923775302191666e-05
1789477506,642314502,body,-0.2613076116673188,4.021986688371765e-05,0.011442330079411103,0.00018991264087398282,0.010046748996483938,4.419608001968928e-05
1789477506,649532885,body,-0.2962164307383944,6.45670640618939e-05,0.013320761127962474,0.00017818367647981387,0.026806342878773353,3.986293001920121e-05
1789477506,656807766,body,-0.3306658715479762,8.457458237472437e-05,0.014963129945689085,0.00016666937461254784,0.041623658013337776,3.610194806937187e-05
1789477506,663588180,body,-0.3642720906663083,0.00010046976844466131,0.016309364690315103,0.00015557814479712987,0.054497839720315105,3.291506649974773e-05
1789477506,670184608,body,-0.3966975129694954,0.00011248090165159496,0.017314891211186356,0.0001444512408634094,0.06545902575926395,3.0335301380065818e-05
1789477506,676509192,body,-0.4276506001490426,0.00012084198072574826,0.017951226372059183,0.0001329736672475757,0.07456193767214667,2.8372652713653216e-05
1789477506,683137025,body,-0.45688503805179864,0.00012580192161010332,0.018205743381065346,0.00012112427255609927,0.08187932620144776,2.7008158021433615e-05
1789477506,689541655,body,-0.48419846308581393,0.00012762747856391907,0.018080754405975487,0.00010904676399927132,0.08749719976671005,2.6205917681689635e-05
1789477506,696060835,body,-0.509430826633305,0.00012660034145510658,0.017592046902155985,9.691264821410847e-05,0.09151169490534403,2.5923567816796568e-05
1789477506,703420928,body,-0.5324624598102592,0.000123011931995317,0.01676700973578662,8.486108338264928e-05,0.09402694975290674,2.6116587943579302e-05
1789477506,710369711,body,-0.5532118767295545,0.00011715833495497328,0.015642484369357935,7.299655185699167e-05,0.09515346725295981,2.6738882190344817e-05
1789477506,718241250,body,-0.5716333450984251,0.00010933609340067134,0.014262470587024543,6.140505896609188e-05,0.09500668756887903,2.774254246863015e-05
1789477506,725602161,body,-0.5877142529785906,9.983869420011321e-05,0.01267580502909266,5.016621236662148e-05,0.09370565095990457,2.9078043686068613e-05
1789477506,735984047,body,-0.6014723043694291,8.895342947580861e-05,0.010933915561030731,3.935669669796908e-05,0.09137171002283886,3.069489786993415e-05
1789477506,745841926,body,-0.6129525806470044,7.695848768303416e-05,0.009088736849393021,2.9048764294589786e-05,0.08812727801704516,3.254245559039632e-05
1789477506,753030053,body,-0.6222245083210202,6.412028689207074e-05,0.007190853736775796,1.9307731949505333e-05,0.08409460857175476,3.4570647254922906e-05
1789477506,759628845,body,-0.6293787755684637,5.0691118912348494e-05,0.005287920034958974,1.0190293646424446e-05,0.079394606960045,3.673061461564755e-05
1789477506,766844685,body,-0.6345242404888959,3.6907160813394276e-05,0.0034233819298522803,1.743771491397867e-06,0.07414567877766305,3.8975250478325925e-05
1789477506,773715776,body,-0.6377848730541654,2.2986879057063052e-05,0.0016355179615297523,-5.994130318567029e-06,0.06846262784299424,4.1259670981315546e-05
1789477506,780276420,body,-0.6392967704319754,9.129824760351254e-06,-4.320791374169859e-05,-1.2995402047786998e-05,0.06245561992528305,4.3541626578964964e-05
1789477506,786710045,body,-0.6392052819219272,-4.484192627552291e-06,-0.0015864968760450045,-1.9241732771623264e-05,0.056229231530146015,4.5781853232396975e-05
1789477506,793276975,body,-0.6376622754017256,-1.7695575836618215e-05,-0.002974296711348315,-2.472440829438729e-05,0.049881603157426874,4.794435729195438e-05
1789477506,799745965,body,-0.63482357220507,-3.0365078413768854e-05,-0.004192649326776077,-2.9444048026040035e-05,0.043503714465749806,4.999663700219646e-05
1789477506,806345291,body,-0.6308465720368939,-4.237364298241226e-05,-0.005233344471888444,-3.3410160618125856e-05,0.03717879513536013,5.1909837860795644e-05
1789477506,812634668,body,-0.6258880841370054,-5.36219718746483e-05,-0.006093422203634808,-3.6640530635807865e-05,0.03098188050565312,5.365884774640039e-05
1789477506,819168482,body,-0.6201023756710078,-6.402986639572496e-05,-0.006774566626168819,-3.9160465619308956e-05,0.024979515853965024,5.52223318835732e-05
1789477506,825388239,body,-0.6136394434408651,-7.353537160550385e-05,-0.007282431413745043,-4.1001938951220936e-05,0.019229607976370272,5.658271338551258e-05
1789477506,831821874,body,-0.606643510598365,-8.209376275590427e-05,-0.00762593401140653,-4.2202660894419134e-05,0.013781417953768157,5.772610319115672e-05
1789477506,838492913,body,-0.5992517461905715,-8.9676408660536e-05,-0.007816550652670722,-4.2805109114240356e-05,0.008675684930970252,5.8642184879571774e-05
1789477506,844657464,body,-0.5915932021001861,-9.626954355178627e-05,-0.007867638874663633,-4.285554715075894e-05,0.003944867598192559,5.93240597785401e-05
1789477506,851452582,body,-0.5837879592587667,-0.00010187297707414875,-0.007793808451081729,-4.2403055793098223e-05,-0.00038651208295683,5.97680578430068e-05
1789477506,858423122,body,-0.5759464728730076,-0.00010649876844281396,-0.007610355948573165,-4.149860043729982e-05,-0.004301439540393499,5.997352214698999e-05
1789477506,868713132,body,-0.5681691047596964,-0.0001101698874474013,-0.00733277272252042,-4.0194153047868746e-05,-0.007789909570539744,5.99425702367369e-05
1789477506,875566466,body,-0.5605458296803056,-0.00011291888213604267,-0.006976331313311247,-3.8541882092916724e-05,-0.010848376131488697,5.9679839878300854e-05
1789477506,882145453,body,-0.5531561017265368,-0.00011478656899328997,-0.0065557510231231495,-3.6593422161582425e-05,-0.013479165455931304,5.919222467590422e-05
1789477506,888587914,body,-0.546068866287692,-0.00011582075992840101,-0.006084940023404109,-3.439922811908638e-05,-0.015689866614148295,5.848860348659753e-05
1789477506,894944708,body,-0.5393427028643711,-0.00011607503707483732,-0.005576808686388723,-3.200801773973803e-05,-0.017492712061037644,5.757956806514832e-05
1789477506,901144683,body,-0.5330260839441711,-0.0001156075838287013,-0.005043146928062878,-2.946630214981224e-05,-0.0189039590223661,5.647715544781802e-05
1789477506,907594090,body,-0.5271577352816582,-0.00011448007955393048,-0.00449455713963637,-2.6818002046900928e-05,-0.019943280916945857,5.519458414158212e-05
1789477506,913796639,body,-0.5217670831997641,-0.00011275666306771514,-0.0039404336902707,-2.410414539576497e-05,-0.020633176451793588,5.3746002105299133e-05
1789477506,920203907,body,-0.5168747749285316,-0.00011050296856484544,-0.0033889799124438486,-2.1362640630991685e-05,-0.02099840260659941,5.214624451274574e-05
1789477506,926583660,body,-0.5124932585054852,-0.00010778523703689125,-0.0028472538322189067,-1.8628120123909262e-05,-0.021065436466378276,5.041060716710233e-05
1789477506,933024627,body,-0.5086274093589007,-0.00010466950397428975,-0.0023212345799124403,-1.593184547926073e-05,-0.020861969763860202,4.855463406998144e-05
1789477506,939382845,body,-0.505275191374688,-0.0001012208652075943,-0.0018159023159509979,-1.3301668779672582e-05,-0.020416439050211097,4.65939222068617e-05
1789477506,945699614,body,-0.5024283409969184,-9.7502819487131e-05,-0.0013353255448331222,-1.0762041901310775e-05,-0.019757593598720737,4.45439444413223e-05
1789477506,952405640,body,-0.5000730637151716,-9.357668829354274e-05,-0.0008827507904979971,-8.334067655855397e-06,-0.01891410244758915,4.2419889681554416e-05
1789477506,958849852,body,-0.49819073314845835,-8.950111080347095e-05,-0.0004606907040930427,-6.0355859682551155e-06,-0.017914201378343562,4.023652147287489e-05
1789477506,965470625,body,-0.49675858382169064,-8.533161272905055e-05,-7.100771908272793e-05,-3.881289166954318e-06,-0.016785380092310516,3.80080553502389e-05
1789477506,971826376,body,-0.4957503896453654,-8.112024643351359e-05,0.0002850086805598734,-1.8828615969221843e-06,-0.015554109371481889,3.574805375042318e-05
1789477506,978236491,body,-0.49513712103534024,-7.691530006746003e-05,0.0006065721822521681,-4.913748578494467e-08,-0.014245607587331332,3.34693383998794e-05
1789477506,988124991,body,-0.4948875745367868,-7.276107259680436e-05,0.0008933377644788113,1.6137257462423972e-06,-0.012883645538555545,3.1183920213532763e-05
1789477506,996501881,body,-0.4949689697325724,-6.869771159404394e-05,0.0011453475683369182,3.1020639237281587e-06,-0.01149038826073559,2.8902944247089483e-05
1789477507,3269156,body,-0.4953475091155666,-6.476110981604374e-05,0.0013629839613055902,4.414514228405323e-06,-0.010086272151417337,2.6636652021778925e-05
1789477507,9625487,body,-0.49598889746837654,-6.098285781022016e-05,0.001546928951615472,5.551818768667764e-06,-0.008689915495271653,2.4394354750860605e-05
1789477507,16491184,body,-0.4968588181259889,-5.739024728599371e-05,0.001698128947921634,6.516625840238755e-06,-0.007318060257154269,2.2184423516918976e-05
1789477507,23021541,body,-0.4979233642776842,-5.400632212966827e-05,0.0018177637975127397,7.313290162010687e-06,-0.005985542836295508,2.0014289152494766e-05
1789477507,29692134,body,-0.49914942419894753,-5.084997240273238e-05,0.0019072190585364512,7.947674931361265e-06,-0.004705291341495771,1.7890453724083956e-05
1789477507,36305940,body,-0.5005050199796224,-4.7936066593741795e-05,0.001968060548809931,8.426956689342015e-06,-0.003488346857018738,1.5818512267051562e-05
1789477507,43043091,body,-0.5019595999348394,-4.5275618487174144e-05,0.002002010347410979,8.75943378018707e-06,-0.002343906118025661,1.3803182362536072e-05
1789477507,49788043,body,-0.5034842854386805,-4.2875983331786256e-05,0.002010923587690917,8.954340706133808e-06,-0.001279382999519228,1.1848341576279345e-05
1789477507,56164116,body,-0.5050520734221736,-4.0741079419632595e-05,0.001996765556872609,9.021668931317453e-06,-0.0003004862445846516,9.957071532912944e-06
1789477507,62418399,body,-0.5066379962022818,-3.887163029952382e-05,0.0019615887941517576,8.971993634725852e-06,0.0005886890889249607,8.13170581029914e-06
1789477507,69256634,body,-0.5082192406893343,-3.726542364632284e-05,0.0019075100459929179,8.816310241840381e-06,0.0013855589111502937,6.373883917684628e-06
1789477507,75681836,body,-0.5097752293249689,-3.59175821505174e-05,0.0018366870856198056,8.565878264868873e-06,0.002088938453357992,4.68460612093154e-06
1789477507,82144909,body,-0.5112876653602938,-3.4820842824128524e-05,0.0017512955283831818,8.232075328631489e-06,0.00269892391749765,3.0642915393699907e-06
1789477507,88153753,body,-0.5127405452812241,-3.3965840596724786e-05,0.0016535058714840587,7.826261280695253e-06,0.0032167695127443352,1.5128373857763088e-06
1789477507,94387128,body,-0.5141201413318011,-3.3341392551094113e-05,0.0015454610552663001,7.359652591738369e-06,0.003644761822796984,2.9677472272604944e-08
1789477507,100939056,body,-0.5154149571829953,-3.293477990469129e-05,0.0014292548833704395,6.843207747936948e-06,0.003986093295929715,-1.3861587097477022e-06
1789477507,107881837,body,-0.5166156598422055,-3.2732023843208276e-05,0.001306911652962787,6.287524507570538e-06,0.004244736488517156,-2.7359884191732718e-06
1789477507,118000246,body,-0.5177149909042623,-3.271815310179903e-05,0.0011803673366729353,5.702748795771547e-06,0.004425320531530502,-4.021420223944558e-06
1789477507,124607303,body,-0.5187076602121791,-3.287746052733997e-05,0.00105145262853009,5.098494653127676e-06,0.004533011123334289,-5.24430071125017e-06
1789477507,130827185,body,-0.5195902249291235,-3.3193746675039736e-05,0.0009218781211275465,4.483777428437647e-06,0.00457339519151513,-6.4066635786968996e-06
1789477507,137010667,body,-0.520360956918286,-3.3650547992263605e-05,0.0007932218249134687,3.866957774430318e-06,0.0045523712024387415,-7.51068281435212e-06
1789477507,143260275,body,-0.52101970120861,-3.423134898255925e-05,0.0006669191767342791,3.2556979987098e-06,0.004476045941472789,-8.558627961698252e-06
1789477507,149393730,body,-0.521567728167638,-3.491977645233105e-05,0.0005442556179869434,2.656929704552241e-06,0.004350638431359169,-9.552824022227112e-06
1789477507,155617671,body,-0.5220075818387125,-3.569977522639196e-05,0.00042636175600977826,2.076832286368298e-06,0.004182391511400441,-1.049561483679076e-05
1789477507,161740251,body,-0.5223429267126553,-3.655576484702814e-05,0.00031421105877581885,1.5208222989974998e-06,0.003977491456947051,-1.1389330311081832e-05
1789477507,167775719,body,-0.5225783950123148,-3.747277680574692e-05,0.00020861997539868422,9.935523332905542e-07,0.0037419958873404135,-1.2236257607079924e-05
1789477507,173671465,body,-0.5227194363600405,-3.8436572333464946e-05,0.00011025032431660787,4.989197800401231e-07,0.003481770085966492,-1.3038615669441965e-05
1789477507,179666509,body,-0.5227721714947613,-3.943374112911356e-05,1.9613749778571278e-05,4.008336678392774e-08,0.0032024317396683933,-1.3798535003415754e-05
1789477507,185583807,body,-0.5227432514943973,-4.0451781053537415e-05,-6.292198539724628e-05,-3.805121016448675e-07,0.002909304001796806,-1.4518039079883944e-05
1789477507,191532368,body,-0.5226397237486954,-4.1479160162960836e-05,-0.00013712512501704187,-7.611044977576202e-07,0.002607376686013883,-1.5199030849214255e-05
1789477507,197534030,body,-0.5224689057281495,-4.2505361006666124e-05,-0.00020289073058948748,-1.10057726712273e-06,0.0023012753153686142,-1.584328228291137e-05
1789477507,203633355,body,-0.5222382673926251,-4.352090898788593e-05,-0.00026023045056695876,-1.398417238970461e-06,0.0019952376771793386,-1.645242647530655e-05
1789477507,209623535,body,-0.5219553228951814,-4.451738537335577e-05,-0.0003092615168757643,-1.6546685059648895e-06,0.0016930974723493987,-1.7027953506193074e-05
1789477507,215554665,body,-0.5216275320574989,-4.548742607399864e-05,-0.0003501952277278869,-1.8698834099819623e-06,0.0013982745960794982,-1.7571208080341072e-05
1789477507,221496732,body,-0.5212622119217637,-4.642470811483967e-05,-0.00038332516015449097,-2.045070610959007e-06,0.0011137715456849557,-1.808339056492384e-05
1789477507,230542027,body,-0.5208664585307858,-4.7323924253779347e-05,-0.00040901533530776987,-2.18164303771471e-06,0.0008421754217543028,-1.8565559893544372e-05
1789477507,237819002,body,-0.5204470789422787,-4.818074764758563e-05,-0.00042768853666426155,-2.281363866775659e-06,0.0005856649664908926,-1.9018637680161906e-05
1789477507,244092850,body,-0.5200105333549632,-4.8991787883144407e-05,-0.0004398149554819284,-2.346293737318715e-06,0.00034602207283233595,-1.9443414967390423e-05
1789477507,250189527,body,-0.5195628871073583,-4.975453915077343e-05,-0.00044590131184646967,-2.3787382524655323e-06,0.0001246471932157418,-1.9840559873290568e-05
1789477507,256560473,body,-0.5191097722103156,-5.046732289265257e-05,-0.00044648057294011025,-2.3811974838239814e-06,-7.742191719365824e-05,-2.021062695213403e-05
1789477507,262694619,body,-0.5186563579855705,-5.112922535326362e-05,-0.0004421023644673173,-2.356316745595182e-06,-0.0002594886781081892,-2.055406649340164e-05
1789477507,268618249,body,-0.5182073303089099,-5.174003111883967e-05,-0.0004333241468027493,-2.3068406346879804e-06,-0.00042117391908069474,-2.0871235464952827e-05
1789477507,274672793,body,-0.5177668788988881,-5.230015505391477e-05,-0.00042070320463958666,-2.2355693852889632e-06,-0.0005623903864453451,-2.116240860303218e-05
1789477507,280640475,body,-0.5173386920388209,-5.2810572020206935e-05,-0.0004047894786093054,-2.1453186465761075e-06,-0.0006833160093018844,-2.1427789196225535e-05
1789477507,286585466,body,-0.5169259580937308,-5.3272746657454066e-05,-0.00038611924900702125,-2.0388826910406174e-06,-0.0007843663802653615,-2.166752131828551e-05
1789477507,292671772,body,-0.5165313731493829,-5.368856378083944e-05,-0.00036520966634595765,-1.9190012013683744e-06,-0.0008661668738450076,-2.1881701139217465e-05
1789477507,298663604,body,-0.5161571540980834,-5.4060259632720184e-05,-0.0003425541100075384,-1.7883297266437456e-06,-0.0009295247884481534,-2.20703872440699e-05
1789477507,304949744,body,-0.5158050564838671,-5.439035575659035e-05,-0.00031861834557772855,-1.649413827731519e-06,-0.0009754018610601805,-2.2233612644034803e-05
1789477507,310911851,body,-0.5154763964316692,-5.4681595599810845e-05,-0.00029383744275751823,-1.5046673607667365e-06,-0.0010048874651543453,-2.2371393874798228e-05
1789477507,316883978,body,-0.5151720759943482,-5.493688368954677e-05,-0.00026861340925827415,-1.3563538568891931e-06,-0.0010191727639784487,-2.2483741712218582e-05
1789477507,323352181,body,-0.5148926112755838,-5.5159229564085045e-05,-0.00024331349124992086,-1.2065720655351582e-06,-0.001019526053370488,-2.2570670059248334e-05
1789477507,329843332,body,-0.5146381627098346,-5.535169514142549e-05,-0.00021826908781003053,-1.0572446547293805e-06,-0.0010072694897910184,-2.263220392530481e-05
1789477507,335998696,body,-0.5144085669151784,-5.551734651741262e-05,-0.00019377522513060685,-9.101101306857896e-07,-0.0009837573645228137,-2.2668387173717546e-05
1789477507,343266316,body,-0.514203369570048,-5.565921059157541e-05,-0.00017009053545652633,-7.667182126275391e-07,-0.0009503560485013368,-2.2679290019824295e-05
1789477507,352900957,body,-0.514021858803215,-5.578023643968992e-05,-0.00014743768607443044,-6.284276325249414e-07,-0.0009084256999252063,-2.2665013820901005e-05
1789477507,360187331,body,-0.5138630986317168,-5.588326103653324e-05,-0.00012600420477703673,-4.964067954912038e-07,-0.0008593037963281375,-2.262569705943008e-05
1789477507,367218520,body,-0.5137259620205309,-5.597098029807837e-05,-0.00010594364965519274,-3.7163679365678275e-07,-0.0008042905227062862,-2.256151925943784e-05
1789477507,374192237,body,-0.513609163188323,-5.604592429050824e-05,-8.737707324149623e-05,-2.5491654230347116e-07,-0.0007446360218792103,-2.247270451629665e-05
1789477507,380758904,body,-0.5135112888246052,-5.6110437543600265e-05,-7.039473334045193e-05,-1.4686956729621378e-07,-0.000681529489400324,-2.2359523959940933e-05
1789477507,387064220,body,-0.5134308279319446,-5.616666311302274e-05,-5.5058005327967126e-05,-4.79527864224862e-08,-0.0006160900726004492,-2.2222298012717255e-05
1789477507,393275054,body,-0.5133662000491901,-5.621653157232177e-05,-4.1401453521759215e-05,4.1533893210817675e-08,-0.0005493595166309926,-2.2061397106578595e-05
1789477507,399519114,body,-0.5133157816574908,-5.62617532907907e-05,-2.943502197439374e-05,1.2143636831250236e-07,-0.0004822964820172959,-2.1877242071842898e-05
1789477507,405830379,body,-0.5132779306102456,-5.6303814694076435e-05,-1.9146307694696788e-05,1.9173489113796964e-07,-0.0004157724457852243,-2.1670304190186753e-05
1789477507,411911407,body,-0.5132510084699092,-5.634397802739541e-05,-1.0502882384604537e-05,2.5253136872511763e-07,-0.0003505690862227503,-2.1441104171249765e-05
1789477507,417835858,body,-0.5132334006702376,-5.6383283781244826e-05,-3.45463138038127e-06,3.040368410059675e-07,-0.0002873770424088402,-2.1190211008270968e-05
1789477507,423993556,body,-0.5132235344591386,-5.6422556366025986e-05,2.0639186580998774e-06,3.4655827475387117e-07,-0.00022679593312601026,-2.0918239617975725e-05
1789477507,429864651,body,-0.5132198946081808,-5.646241172714511e-05,6.131308895038023e-06,3.8048585822001014e-07,-0.00016933551428835372,-2.062584892756243e-05
1789477507,435899462,body,-0.5132210369049625,-5.6503267446430424e-05,8.836917414846539e-06,4.06279973088579e-07,-0.00011541785265886484,-2.0313739319566224e-05
1789477507,442284147,body,-0.5132255994693444,-5.654535437831169e-05,1.0278808347172582e-05,4.244588282630619e-07,-6.538039081647356e-05,-1.9982649234616212e-05
1789477507,448386864,body,-0.5132323119607027,-5.658872985875049e-05,1.0561678772824319e-05,4.3558638905594645e-07,-1.9479780725553886e-05,-1.9633352445246107e-05
1789477507,454513262,body,-0.5132400027597656,-5.663329192296306e-05,9.794918429763107e-06,4.4026083523698607e-07,2.2103635567038663e-05,-1.9266653968973312e-05
1789477507,460682574,body,-0.5132476042294222,-5.667879469842825e-05,8.090794628814664e-06,4.3910367289058176e-07,5.926081623292357e-05,-1.888338742612186e-05
1789477507,470439946,body,-0.5132541561699943,-5.672486399539146e-05,5.562772567815628e-06,4.327498165791455e-07,9.194859338572967e-05,-1.8484410377336833e-05
1789477507,477381129,body,-0.5132588075995539,-5.677101346834842e-05,2.323978618467723e-06,4.218379917482762e-07,0.00012018393833530263,-1.807060108019196e-05
1789477507,483453165,body,-0.5132608169943453,-5.6816660819451045e-05,-1.5141879710922359e-06,4.070022958583094e-07,0.00014403801972054465,-1.7642854988421426e-05
1789477507,489633538,body,-0.5132595511346906,-5.6861143841828886e-05,-5.8432916993867e-06,3.8886490156239795e-07,0.00016363014839148807,-1.720208015771214e-05
1789477507,495805309,body,-0.5132544827026347,-5.6903736237736e-05,-1.0558944634800455e-05,3.6802867616926864e-07,0.0001791216953328158,-1.674919473101526e-05
1789477507,501956813,body,-0.5132451867807319,-5.694366273864557e-05,-1.5561738052646707e-05,3.4507191343371656e-07,0.0001907100623074099,-1.6285122640851932e-05
1789477507,510856400,body,-0.5132313364008556,-5.698011379843471e-05,-2.0758024401554172e-05,3.2054297084056734e-07,0.00019862277478545964,-1.5810790133138272e-05
1789477507,517972611,body,-0.5132126972883744,-5.7012259401886373e-05,-2.6060553689948553e-05,2.949562342480215e-07,0.00020311176011214989,-1.532712300809666e-05
1789477507,524404558,body,-0.5131891219453666,-5.703926206642118e-05,-3.1388969637373234e-05,2.6878899368917625e-07,0.00020444786480750248,-1.483504287953844e-05
1789477507,531196631,body,-0.5131605432095987,-5.706028874799519e-05,-3.66701724787955e-05,2.424785375366116e-07,0.00020291565672955867,-1.4335464695157519e-05
1789477507,538220765,body,-0.5131269674192668,-5.7074521850532984e-05,-4.1838556089621076e-05,2.164207379921224e-07,0.0001988085505601284,-1.3829293721351987e-05
1789477507,544951004,body,-0.5130884673082848,-5.708116915008157e-05,-4.683612809356353e-05,1.9096881307845445e-07,0.00019242428646476382,-1.3317423422574395e-05
1789477507,551677965,body,-0.5130451747452411,-5.707947252269021e-05,-5.1612522418921416e-05,1.6643295285283812e-07,0.00018406078503731195,-1.2800732374379401e-05
1789477507,558006385,body,-0.5129972734233189,-5.706871556663578e-05,-5.6124914034226874e-05,1.4308050455507272e-07,0.0001740123950347458,-1.2280082834719215e-05
1789477507,564062286,body,-0.5129449915968477,-5.704823035704802e-05,-6.0337846260532504e-05,1.2113661755285416e-07,0.00016256654324251678,-1.1756318726376111e-05
1789477507,570258601,body,-0.5128885949510207,-5.7017402594126066e-05,-6.422298088903065e-05,1.0078542496674772e-07,0.00015000079009089748,-1.1230263703293698e-05
1789477507,576491675,body,-0.5128283796817107,-5.697567642365671e-05,-6.775878175840088e-05,8.21716460960586e-08,0.00013658028939356515,-1.0702720029106637e-05
1789477507,582686285,body,-0.5127646658526501,-5.692255738917415e-05,-7.093014191341403e-05,6.540260927531317e-08,0.00012255564591461945,-1.0174467068820194e-05
1789477507,590912963,body,-0.5126977910859012,-5.685761527124588e-05,-7.372796461997071e-05,5.055027698787321e-08,0.00010816115907112023,-9.646260122021879e-06
1789477507,599807005,body,-0.5126281046338267,-5.678048510549675e-05,-7.614870788423272e-05,3.7653902462928655e-08,9.361343852148143e-05,-9.118830292514136e-06
1789477507,606328110,body,-0.5125559618692243,-5.6690868339715386e-05,-7.819390180617527e-05,2.6722502282431196e-08,7.911037351198436e-05,-8.592882652287641e-06
1789477507,612972097,body,-0.5124817192254487,-5.6588532200604774e-05,-7.986964755824972e-05,1.773782690031631e-08,6.483043520139355e-05,-8.069096883035887e-06
1789477507,619711091,body,-0.5124057296040639,-5.647330928293265e-05,-8.118610613564387e-05,1.0657118415987691e-08,5.093228849576691e-05,-7.548125856794075e-06
1789477507,626033494,body,-0.5123283382649026,-5.634509571817408e-05,-8.215698437284275e-05,5.4158820734184004e-09,3.755468990783195e-05,-7.030596470014267e-06
1789477507,632204249,body,-0.5122498792039539,-5.620384922747103e-05,-8.279902518435524e-05,1.9309575067550015e-09,2.4816644294866846e-05,-6.517108552158707e-06
1789477507,638437330,body,-0.5121706720172606,-5.6049586725306304e-05,-8.313150797603606e-05,1.0333863375406271e-10,1.2817794401497593e-05,-6.008235865759813e-06
1789477507,644591398,body,-0.5120910192447353,-5.5882381026043024e-05,-8.317576477221198e-05,-1.790799012387639e-10,1.6390165032083114e-06,-5.504525452049849e-06
1789477507,651028492,body,-0.5120112041804958,-5.570235784297425e-05,-8.29547166034606e-05,9.610924873189504e-10,-8.656806152334801e-06,-5.006498244322534e-06
1789477507,657432385,body,-0.5119314891340037,-5.5509692011607475e-05,-8.249243426241496e-05,3.3935106635210736e-09,-1.8023857152778656e-05,-4.5146495056919466e-06
1789477507,663524368,body,-0.5118521141192286,-5.530460376468907e-05,-8.181372649717183e-05,6.9822610191687474e-09,-2.6432335550931005e-05,-4.02944892049727e-06
1789477507,669467407,body,-0.5117732959492719,-5.508735469107474e-05,-8.094375835174159e-05,1.1588291347970374e-08,-3.386730340765078e-05,-3.551341191828653e-06
1789477507,675828327,body,-0.5116952277075598,-5.485824392630213e-05,-7.990770161256743e-05,1.7071381527888022e-08,-4.032745694251894e-05,-3.080746854499714e-06
1789477507,682064973,body,-0.5116180785673243,-5.461760373909467e-05,-7.873041853086623e-05,2.329200327964138e-08,-4.582384405517136e-05,-2.6180620044523196e-06
1789477507,688385634,body,-0.511541993928533,-5.43657957812996e-05,-7.74361798657007e-05,3.0113253933253884e-08,-5.037854856435402e-05,-2.1636596690609362e-06
1789477507,694353906,body,-0.5114670958389067,-5.410320689839984e-05,-7.60484172852506e-05,3.740199755539303e-08,-5.4023362113539804e-05,-1.7178897499085147e-06
1789477507,700612663,body,-0.5113934836693593,-5.38302452871986e-05,-7.458951004267265e-05,4.503045535238853e-08,-5.679846038862829e-05,-1.281080577551425e-06
1789477507,706789448,body,-0.5113212350079802,-5.354733671077345e-05,-7.308060531413227e-05,5.287723644847195e-08,-5.8751100448779835e-05,-8.535385480186875e-07
1789477507,718231657,body,-0.5112504067426462,-5.3254920912330574e-05,-7.15414712070414e-05,6.082827482388221e-08,-5.9934353465608005e-05,-4.35548825225707e-07
1789477507,725360355,body,-0.5111810363005747,-5.295344820711029e-05,-6.999038111443336e-05,6.877752004039054e-08,-6.040588545176031e-05,-2.73766674841854e-08
1789477507,731578990,body,-0.5111131430130964,-5.2643376076365854e-05,-6.844402791529006e-05,7.6627623055106e-08,-6.022679610303129e-05,3.7073286459213093e-07
1789477507,737823311,body,-0.5110467295779381,-5.2325166583553244e-05,-6.691746614162687e-05,8.429041432100664e-08,-5.946052571714126e-05,7.585536390535133e-07
1789477507,744160337,body,-0.5109817835907381,-5.199928307658503e-05,-6.542408024199251e-05,9.168689556410923e-08,-5.8171836700648655e-05,1.1358785023152641e-06
1789477507,750314037,body,-0.5109182791195083,-5.1666188159401705e-05,-6.397557677020336e-05,9.87476189634292e-08,-5.642587536163643e-05,1.5025181297859481e-06
1789477507,756612734,body,-0.5108561783000867,-5.1326341091590495e-05,-6.258199830511729e-05,1.0541262775147097e-07,-5.428731862670102e-05,1.8583009754154748e-06
1789477507,762524620,body,-0.5107954329279305,-5.098019589281655e-05,-6.125175690083465e-05,1.1163133197349081e-07,-5.181960778056817e-05,2.2030725616514484e-06
1789477507,768343386,body,-0.5107359860288754,-5.062819956856984e-05,-5.999168466458177e-05,1.1736215963613453e-07,-4.908427065384719e-05,2.536694966869368e-06
1789477507,774319822,body,-0.5106777733897853,-5.0270790507597185e-05,-5.8807099335481235e-05,1.2257247854906844e-07,-4.6140332436560114e-05,2.8590467324201916e-06
1789477507,780245446,body,-0.5106207250344208,-4.990839724416446e-05,-5.770188246183791e-05,1.2723804307252914e-07,-4.304381418043098e-05,3.170022125568106e-06
1789477507,786134064,body,-0.510564766631491,-4.9541437310852636e-05,-5.667856811722497e-05,1.3134251854927473e-07,-3.9847316387553926e-05,3.469530329086923e-06
1789477507,792130228,body,-0.5105098208224146,-4.917031635810083e-05,-5.5738439939249785e-05,1.348770731392646e-07,-3.659968553271701e-05,3.757496049654814e-06
1789477507,798182966,body,-0.5104558084610143,-4.879542754268216e-05,-5.488163458540006e-05,1.3783972877739124e-07,-3.334575914290773e-05,4.033858627340873e-06
1789477507,804437008,body,-0.5104026497580365,-4.841715094136453e-05,-5.41072495881036e-05,1.4023487598293156e-07,-3.0126185731365555e-05,4.2985716291156565e-06
1789477507,810551472,body,-0.510350265324103,-4.8035853302426666e-05,-5.341345397382511e-05,1.4207254610120477e-07,-2.697731403287836e-05,4.551602009284379e-06
1789477507,816596882,body,-0.5102985771086066,-4.765188788282223e-05,-5.279759983801355e-05,1.4336793775899038e-07,-2.3931146952862807e-05,4.792931139534361e-06
1789477507,822534332,body,-0.5102475092328802,-4.726559435003991e-05,-5.225633359289712e-05,1.4414057842205386e-07,-2.101535452591887e-05,5.022553522964363e-06
1789477507,831048709,body,-0.5101969887161133,-4.68772989452041e-05,-5.178570531819023e-05,1.444139717640432e-07,-1.8253339616618014e-05,5.2404765051429765e-06
1789477507,838726288,body,-0.5101469460965348,-4.648731470580109e-05,-5.138127521536486e-05,1.442147581308051e-07,-1.5664350953559174e-05,5.446720231540489e-06
1789477507,844623260,body,-0.5100973159489306,-4.609594168670525e-05,-5.103821598048463e-05,1.4357222051690338e-07,-1.3263637761250748e-05,5.641317576135391e-06
1789477507,850681185,body,-0.5100480373025444,-4.570346739655532e-05,-5.075141026785156e-05,1.4251783938969898e-07,-1.1062639529433718e-05,5.824313577079851e-06
1789477507,856821855,body,-0.509999053963482,-4.531016719535584e-05,-5.05155424962273e-05,1.410845362673561e-07,-9.069205586348986e-06,5.995765094360272e-06
1789477507,862907474,body,-0.5099503147462022,-4.491630497444802e-05,-5.032518435453613e-05,1.3930627195244744e-07,-7.287838489620735e-06,6.155740423106325e-06
1789477507,868905945,body,-0.5099017736209527,-4.4522133410756514e-05,-5.017487357747615e-05,1.372175682761967e-07,-5.719956756096927e-06,6.304319868344729e-06
1789477507,875022764,body,-0.5098533897816585,-4.4127894641461675e-05,-5.005918561078827e-05,1.348531167216639e-07,-4.364170605735704e-06,6.4415944967911235e-06
1789477507,881102852,body,-0.5098051276431145,-4.373382103419404e-05,-4.997279797484598e-05,1.3224735671761224e-07,-3.2165672234292577e-06,6.567666149862228e-06
1789477507,887054931,body,-0.5097569567716679,-4.3340135395581054e-05,-4.991054720711619e-05,1.2943406800118365e-07,-2.2709998100136502e-06,6.682647465586321e-06
1789477507,893093390,body,-0.5097088517594172,-4.2947051907965055e-05,-4.986747835959253e-05,1.2644611359711458e-07,-1.5193778167791833e-06,6.786661141159678e-06
1789477507,899105545,body,-0.5096607920463941,-4.2554776439333014e-05,-4.9838887199644655e-05,1.2331512430439737e-07,-9.519534895926642e-07,6.8798400970128815e-06
1789477507,904987098,body,-0.5096127616996564,-4.216350731529044e-05,-4.982035517064328e-05,1.2007130250107955e-07,-5.576018138602542e-07,6.962326750514039e-06
1789477507,910806230,body,-0.5095647491550386,-4.1773435612209825e-05,-4.980777752181963e-05,1.1674329722962709e-07,-3.240912301899995e-07,7.034272973597752e-06
1789477507,916770244,body,-0.5095167469292734,-4.138474579143548e-05,-4.979738472740347e-05,1.1335782538591187e-07,-2.383426305649435e-07,7.095839604067239e-06
1789477507,922527092,body,-0.5094687513079927,-4.099761611040191e-05,-4.978575772413879e-05,1.0993974382340598e-07,-2.8667381833388254e-07,7.147196494327293e-06
1789477507,928467820,body,-0.5094207620167087,-4.061221915941087e-05,-4.976983726189525e-05,1.0651186208270785e-07,-4.550286149530341e-07,7.188521429891495e-06
1789477507,934414998,body,-0.5093727818798601,-4.022872205802201e-05,-4.974692785613703e-05,1.0309502715255896e-07,-7.291887404876526e-07,7.220000613359938e-06
1789477507,940900416,body,-0.509324816473463,-3.984728690915778e-05,-4.9714696809613453e-05,9.970790009377214e-08,-1.0949673898846578e-06,7.241827640686463e-06
1789477507,949722605,body,-0.5092768737768026,-3.946807107102453e-05,-4.96711687414927e-05,9.636710917905027e-08,-1.5383843373311158e-06,7.254203712082624e-06
1789477507,956134239,body,-0.5092289638270752,-3.9091227505053786e-05,-4.961471621861035e-05,9.308715820122604e-08,-2.0458212098340883e-06,7.257336774867808e-06
1789477507,962207195,body,-0.5091810983809928,-3.871690479803585e-05,-4.95440468165458e-05,8.988049609443496e-08,-2.604157989127873e-06,7.251441450171304e-06
1789477507,968260789,body,-0.509133290587473,-3.834524757863388e-05,-4.9458187331658296e-05,8.67577047940056e-08,-3.20088984599217e-06,7.236738582189163e-06
1789477507,974184046,body,-0.5090855546743266,-3.79763963612379e-05,-4.935646537062092e-05,8.372744565332206e-08,-3.824225490464974e-06,7.21345474522716e-06
1789477507,980077166,body,-0.5090379056505074,-3.7610488012105865e-05,-4.923848903430712e-05,8.079655303140214e-08,-4.463166862534607e-06,7.181821910647066e-06
1789477507,985811752,body,-0.5089903590279717,-3.7247655527400236e-05,-4.910412492710077e-05,7.797023293832556e-08,-5.107571448954099e-06,7.1420773003537515e-06
1789477507,991430308,body,-0.5089429305632925,-3.6888028119271366e-05,-4.8953475097029606e-05,7.525205164223522e-08,-5.748197932276736e-06,7.094462485307185e-06
1789477507,997304978,body,-0.5088956360211928,-3.653173132845062e-05,-4.87868531570544e-05,7.264421255290285e-08,-6.376736292328554e-06,7.039223423330661e-06
1789477508,2967718,body,-0.5088484909600715,-3.617888691904391e-05,-4.860476010053243e-05,7.014765980547806e-08,-6.985823097305288e-06,6.976609972873608e-06
1789477508,8793616,body,-0.5088015105414029,-3.582961275435108e-05,-4.8407859988703174e-05,6.776191751583843e-08,-7.56904371866681e-06,6.90687526907253e-06
1789477508,14682959,body,-0.5087547093616603,-3.548402302525224e-05,-4.819695601832642e-05,6.54857249462323e-08,-8.120922252525217e-06,6.830275504050524e-06
1789477508,20239612,body,-0.5087081013077595,-3.5142227792065596e-05,-4.797296701104911e-05,6.331669915937527e-08,-8.636900900582569e-06,6.7470693518077675e-06
1789477508,25718303,body,-0.5086616994353796,-3.4804333062112985e-05,-4.77369048219766e-05,6.125178362632123e-08,-9.113309376821422e-06,6.6575182236729845e-06
1789477508,31149329,body,-0.5086155158688875,-3.447044075310623e-05,-4.748985260904321e-05,5.928726083441862e-08,-9.547326628124538e-06,6.561884833933483e-06
1789477508,36410679,body,-0.5085695617231782,-3.41406484776277e-05,-4.723294440397692e-05,5.741873809315824e-08,-9.936934969847376e-06,6.460433608432086e-06
1789477508,41714414,body,-0.5085238470450234,-3.381504940575641e-05,-4.696734590046136e-05,5.564148001219213e-08,-1.0280869109930506e-05,6.353430062925568e-06
1789477508,47064765,body,-0.5084783807742409,-3.3493732175730085e-05,-4.669423674578877e-05,5.395046910702496e-08,-1.0578560071525842e-05,6.241140314630256e-06
1789477508,55907355,body,-0.5084331707218129,-3.3176780880869985e-05,-4.6414794296867184e-05,5.234037105624246e-08,-1.0830076317881632e-05,6.123830877970544e-06
1789477508,61860056,body,-0.5083882235647704,-3.286427460851592e-05,-4.613017900576567e-05,5.080577990958296e-08,-1.1036061648671827e-05,6.001768467026018e-06
1789477508,67178666,body,-0.5083435448556454,-3.2556287795248114e-05,-4.58415213714209e-05,4.934122267393663e-08,-1.119767273552881e-05,5.875218976378256e-06
1789477508,72457704,body,-0.5082991390453151,-3.225288968898065e-05,-4.554991053634104e-05,4.794126161272783e-08,-1.131651542299218e-05,5.744447669891841e-06
1789477508,77635175,body,-0.5082550095174653,-3.195414460298369e-05,-4.5256384491529085e-05,4.660060675179151e-08,-1.139458198314524e-05,5.6097191163635204e-06
1789477508,82814626,body,-0.5082111586336023,-3.1660111463557194e-05,-4.496192183873462e-05,4.531405879961512e-08,-1.1434189359461819e-05,5.471296316903899e-06
1789477508,88080457,body,-0.508167587785635,-3.1370843975884174e-05,-4.4667435107939876e-05,4.407665753012065e-08,-1.1437918921660794e-05,5.329440485155811e-06
1789477508,93284864,body,-0.5081242974570866,-3.108639060738659e-05,-4.4373765541424886e-05,4.288375370181939e-08,-1.1408558970590429e-05,5.184410878570078e-06
1789477508,98509701,body,-0.5080812872888936,-3.0806794211331835e-05,-4.408167922566313e-05,4.173098452386317e-08,-1.1349050201851832e-05,5.036464614122981e-06
1789477508,103546214,body,-0.5080385561501017,-3.0532092397131184e-05,-4.379186462957945e-05,4.0614238211140543e-08,-1.126243407376781e-05,4.885855933359843e-06
1789477508,108810578,body,-0.5079961022111963,-3.0262317098475945e-05,-4.35049312422149e-05,3.9529853854815135e-08,-1.1151805263193909e-05,4.732836650964819e-06
1789477508,114360551,body,-0.507953923019702,-2.9997494917406016e-05,-4.3221409394554754e-05,3.847448070988781e-08,-1.1020267659607729e-05,4.577655317645854e-06
1789477508,119655624,body,-0.5079120155759987,-2.9737646911478972e-05,-4.294175109678331e-05,3.744512619744601e-08,-1.0870894609135152e-05,4.4205571046873375e-06
1789477508,124963785,body,-0.5078703764093483,-2.948278860646343e-05,-4.266633175696584e-05,3.6439136288676435e-08,-1.0706693100973073e-05,4.2617833065756044e-06
1789477508,130378062,body,-0.5078290016524301,-2.9232930213284507e-05,-4.23954526829897e-05,3.5454317886513166e-08,-1.0530572756646714e-05,4.101572031579092e-06
1789477508,135553883,body,-0.5077878871133189,-2.8988076438902748e-05,-4.21293443070219e-05,3.448877281371266e-08,-1.0345318154365061e-05,3.940157044879481e-06
1789477508,140818960,body,-0.5077470283459348,-2.874822664233754e-05,-4.1868169984264376e-05,3.3541080270816935e-08,-1.015356610720081e-05,3.7777678085656585e-06
1789477508,145987421,body,-0.5077064207157315,-2.8513375044960816e-05,-4.161203024814882e-05,3.2609950844357186e-08,-9.957786513960227e-06,3.6146294349628947e-06
1789477508,152627456,body,-0.5076660594625084,-2.828351062782218e-05,-4.136096748497046e-05,3.16945555075781e-08,-9.760267553253762e-06,3.4509627621696034e-06
1789477508,160582959,body,-0.5076259397584255,-2.8058617201609223e-05,-4.111497085283593e-05,3.079430072257315e-08,-9.56310382964279e-06,3.2869834947164845e-06
1789477508,166116299,body,-0.5075860567615073,-2.7838673761884883e-05,-4.087398141766803e-05,2.9908946430926804e-08,-9.368189003979225e-06,3.1229025055604083e-06
1789477508,171368248,body,-0.5075464056641357,-2.7623654398861085e-05,-4.0637897425433896e-05,2.9038384323697272e-08,-9.177210819607596e-06,2.9589258849049446e-06
1789477508,176531626,body,-0.5075069817373528,-2.7413528437512844e-05,-4.0406579558947334e-05,2.818273146703328e-08,-8.99164974567279e-06,2.7952542585323255e-06
1789477508,181710791,body,-0.5074677803685543,-2.7208260678761984e-05,-4.017985620106882e-05,2.7342493727958104e-08,-8.812780168388798e-06,2.6320830009826e-06
1789477508,186886582,body,-0.5074287970956665,-2.7007811490980872e-05,-3.995752859679089e-05,2.6518106360700315e-08,-8.641673908225907e-06,2.469602179983479e-06
1789477508,192198521,body,-0.5073900276355313,-2.6812136952757864e-05,-3.9739375848168194e-05,2.571032389911083e-08,-8.47920616293362e-06,2.30799628337824e-06
1789477508,197499832,body,-0.5073514679072475,-2.662118899525417e-05,-3.9525159731486154e-05,2.491985946678032e-08,-8.32606310257823e-06,2.147444232401202e-06
1789477508,202640367,body,-0.5073131140514264,-2.643491563000943e-05,-3.931462925133548e-05,2.4147616933216017e-08,-8.182751525149568e-06,1.988119161876654e-06
1789477508,208067734,body,-0.5072749624445086,-2.6253261101302567e-05,-3.9107524934320414e-05,2.339456772037369e-08,-8.049609284890148e-06,1.830188591174012e-06
1789477508,213344976,body,-0.5072370097085693,-2.6076165949383642e-05,-3.890358282440874e-05,2.26616975753829e-08,-7.926817402602705e-06,1.673814084468846e-06
1789477508,218657214,body,-0.5071992527179612,-2.5903567386812175e-05,-3.87025381274639e-05,2.1950023190028988e-08,-7.814412505702882e-06,1.5191515105324581e-06
1789477508,223954681,body,-0.507161688601517,-2.5735399279880135e-05,-3.850412855024571e-05,2.1260574465074657e-08,-7.712300288561896e-06,1.3663505031569913e-06
1789477508,229254961,body,-0.5071243147416624,-2.5571592466020745e-05,-3.830809728104625e-05,2.0594286715659633e-08,-7.620268967298208e-06,1.2155548697007893e-06
1789477508,234557836,body,-0.5070871287703987,-2.5412074776730828e-05,-3.811419559977339e-05,1.9952162678918524e-08,-7.538003310778048e-06,1.0669026443935025e-06
1789477508,239789742,body,-0.5070501285631949,-2.5256771490957704e-05,-3.792218516207659e-05,1.9335130370043323e-08,-7.465098325222781e-06,9.205255731722475e-07
1789477508,245053291,body,-0.507013312229286,-2.510560510577816e-05,-3.773183991142355e-05,1.874397743691965e-08,-7.401072833346287e-06,7.765494156512992e-07
1789477508,250500820,body,-0.5069766781013724,-2.4958495919988672e-05,-3.754294769313374e-05,1.817948647042771e-08,-7.3453828658677395e-06,6.35094109446668e-07
1789477508,259122384,body,-0.5069402247223305,-2.4815362008148913e-05,-3.7355311483036145e-05,1.7642354997907515e-08,-7.297434469040454e-06,4.962732883271493e-07
1789477508,264928501,body,-0.5069039508318564,-2.4676119245824382e-05,-3.716875037195531e-05,1.713314645991858e-08,-7.256595599584638e-06,3.6019471297233214e-07
1789477508,270302000,body,-0.5068678553507616,-2.4540681824918386e-05,-3.698310020628927e-05,1.6652354479051182e-08,-7.222208099549903e-06,2.269602065842206e-07
1789477508,276683567,body,-0.5068319373654835,-2.4408962205803472e-05,-3.679821398995749e-05,1.620038055452446e-08,-7.193598159061956e-06,9.66654461600028e-08
1789477508,282255655,body,-0.5067961961116013,-2.4280871222294226e-05,-3.661396201084306e-05,1.577747950930539e-08,-7.170086220614303e-06,-3.059976218031378e-08
1789477508,287665880,body,-0.506760630957102,-2.415631840045813e-05,-3.643023173785004e-05,1.538374383330685e-08,-7.150996209470796e-06,-1.5475151206363762e-07
1789477508,292958552,body,-0.5067252413859674,-2.403521202327463e-05,-3.62469275550578e-05,1.501929340165446e-08,-7.135663548360616e-06,-2.757115836818139e-07
1789477508,298333487,body,-0.5066900269816895,-2.3917459264727355e-05,-3.606397024443491e-05,1.4684073384733895e-08,-7.123442287331906e-06,-3.934080833033716e-07
1789477508,303562332,body,-0.5066549874109635,-2.380296640644699e-05,-3.588129635109637e-05,1.437792843998654e-08,-7.113711681824835e-06,-5.077744973568369e-07
1789477508,309062682,body,-0.5066201224085888,-2.3691638972164924e-05,-3.56988574322004e-05,1.4100547152753648e-08,-7.105881330779791e-06,-6.187499566703947e-07
1789477508,314318440,body,-0.5065854317622995,-2.3583381744002628e-05,-3.551661912143686e-05,1.3851678487269663e-08,-7.099395756313591e-06,-7.262794829191227e-07
1789477508,319556548,body,-0.5065509152988724,-2.347809903625607e-05,-3.5334560185099714e-05,1.363069315421961e-08,-7.093738001943743e-06,-8.303136378414076e-07
1789477508,324914601,body,-0.506516572871232,-2.337569482008715e-05,-3.515267145283771e-05,1.3437194157880596e-08,-7.088432499196303e-06,-9.308082500600418e-07
1789477508,330258980,body,-0.5064824043458374,-2.3276072719089534e-05,-3.497095469350308e-05,1.3270498340330905e-08,-7.083046993829681e-06,-1.027724930280067e-06
1789477508,335637219,body,-0.5064484095920955,-2.3179136285899032e-05,-3.4789421531882976e-05,1.3129869415551593e-08,-7.0771938514676e-06,-1.1210302474790559e-06
1789477508,340823354,body,-0.5064145884720234,-2.308478900897742e-05,-3.460809224494831e-05,1.301460571856043e-08,-7.070530715956764e-06,-1.210696299552233e-06
1789477508,346127656,body,-0.506380940831721,-2.2992934479701495e-05,-3.442699464538137e-05,1.2923836991928772e-08,-7.0627603328411444e-06,-1.2967003824868704e-06
1789477508,351481680,body,-0.5063474664931655,-2.2903476470235964e-05,-3.4246162938179974e-05,1.285668865842366e-08,-7.053630143022514e-06,-1.3790246261916408e-06
1789477508,358786341,body,-0.5063141652475662,-2.2816319077507684e-05,-3.4065636613226964e-05,1.281226519019291e-08,-7.0429309738073956e-06,-1.4576561521495208e-06
1789477508,365868457,body,-0.5062810368502509,-2.2731366747944337e-05,-3.388545939079922e-05,1.278955018220125e-08,-7.03049575992712e-06,-1.5325869268778272e-06
1789477508,371118838,body,-0.5062480810155122,-2.2648524549781108e-05,-3.370567819559871e-05,1.2787606239148063e-08,-7.016197469647433e-06,-1.6038140705495721e-06
1789477508,376989079,body,-0.5062152974134115,-2.2567697914257147e-05,-3.352634219226052e-05,1.2805367284155757e-08,-6.999946785504996e-06,-1.6713388777964406e-06
1789477508,382571683,body,-0.5061826856670085,-2.2488793241893617e-05,-3.3347501918147884e-05,1.2841814043915365e-08,-6.981689768406022e-06,-1.7351673106299807e-06
1789477508,387995645,body,-0.5061502453506898,-2.2411717417668027e-05,-3.3169208413463625e-05,1.2895865240310265e-08,-6.961405173101788e-06,-1.7953097031320473e-06
1789477508,393373517,body,-0.5061179759894592,-2.2336378429337194e-05,-3.299151250515296e-05,1.2966509739759376e-08,-6.939101369542158e-06,-1.8517808347156663e-06
1789477508,398851631,body,-0.5060858770584057,-2.2262684935591793e-05,-3.2814464115498333e-05,1.305269551081839e-08,-6.914813711647001e-06,-1.904599497148358e-06
1789477508,404156041,body,-0.5060539479837678,-2.2190546860292346e-05,-3.263811164590547e-05,1.3153351873171965e-08,-6.888601228841691e-06,-1.953788681066572e-06
1789477508,409406014,body,-0.5060221881437873,-2.211987499006079e-05,-3.246250147476635e-05,1.3267416124015852e-08,-6.860543792768008e-06,-1.9993751518671043e-06
1789477508,414716036,body,-0.5059905968706275,-2.205058136450591e-05,-3.228767749363849e-05,1.3393927937843843e-08,-6.830739120792178e-06,-2.0413895362946194e-06
1789477508,419959266,body,-0.5059591734524335,-2.1982579246276945e-05,-3.2113680727426693e-05,1.3531815104714576e-08,-6.799299637404028e-06,-2.07986621588026e-06
1789477508,425252194,body,-0.5059279171359969,-2.1915783108070455e-05,-3.194054905248259e-05,1.3680165515303912e-08,-6.766349926257298e-06,-2.114842944998237e-06
1789477508,430457961,body,-0.5058968271297406,-2.1850108828161654e-05,-3.1768316936958284e-05,1.3837972953379453e-08,-6.732023835815211e-06,-2.1463610196433436e-06
1789477508,435841582,body,-0.505865902606773,-2.1785473619409383e-05,-3.159701528979865e-05,1.4004334696159397e-08,-6.696461854784085e-06,-2.1744649243605984e-06
1789477508,441074573,body,-0.5058351427084776,-2.172179622295173e-05,-3.1426671348114715e-05,1.4178377133593088e-08,-6.6598088950011206e-06,-2.199202263418262e-06
1789477508,446197966,body,-0.5058045465476738,-2.165899680641755e-05,-3.125730861943203e-05,1.4359154771636132e-08,-6.6222119455288276e-06,-2.2206240183883337e-06
1789477508,451625716,body,-0.5057741132125254,-2.1596997153952153e-05,-3.108894689373619e-05,1.4545897716132641e-08,-6.583817928816586e-06,-2.238783444561373e-06
1789477508,457207383,body,-0.5057438417700582,-2.1535720648610085e-05,-3.092160227753531e-05,1.4737835237101118e-08,-6.544771949880339e-06,-2.253736992447906e-06
1789477508,465715482,body,-0.5057137312696046,-2.147509228679842e-05,-3.0755287302227527e-05,1.4934161275632967e-08,-6.505215760859467e-06,-2.2655434684525594e-06
1789477508,471134007,body,-0.5056837807466068,-2.1415038778541007e-05,-3.059001103192572e-05,1.5134106631649557e-08,-6.4652859369260505e-06,-2.274264268013946e-06
1789477508,476750517,body,-0.5056539892256712,-2.1355488545150286e-05,-3.042577923339267e-05,1.5337071059299152e-08,-6.425112995874474e-06,-2.2799631824137547e-06
1789477508,482133445,body,-0.50562435572405,-2.1296371856539895e-05,-3.0262594555973705e-05,1.5542358990426235e-08,-6.384820210184297e-06,-2.2827059502705867e-06
1789477508,487307722,body,-0.5055948792546967,-2.123762067176075e-05,-3.010045673934923e-05,1.5749382751133283e-08,-6.344522677763137e-06,-2.282560814853363e-06
1789477508,492623952,body,-0.5055655588293214,-2.1179168859183324e-05,-2.9939362835953522e-05,1.5957463722926468e-08,-6.304326650259121e-06,-2.2795973805693743e-06
1789477508,497769893,body,-0.5055363934607713,-2.1120952154073797e-05,-2.9779307446681182e-05,1.61661776911841e-08,-6.264329265504731e-06,-2.27388746780533e-06
1789477508,503058806,body,-0.5055073821659075,-2.1062908161778627e-05,-2.9620282969340154e-05,1.637491957276464e-08,-6.224617777013143e-06,-2.26550445793442e-06
1789477508,508405128,body,-0.5054785239674187,-2.1004976371756436e-05,-2.946227984841073e-05,1.6583246472475043e-08,-6.185269759373941e-06,-2.2545233710015606e-06
1789477508,513630677,body,-0.5054498178962702,-2.0947098332632335e-05,-2.9305286820770054e-05,1.6790686659318836e-08,-6.146352826257648e-06,-2.2410202084884596e-06
1789477508,518890683,body,-0.5054212629931624,-2.0889217395553744e-05,-2.914929116629897e-05,1.6996778489294596e-08,-6.1079247825122795e-06,-2.2250727948591848e-06
1789477508,524125267,body,-0.5053928583101998,-2.0831279088927866e-05,-2.8994278946700747e-05,1.720118688066162e-08,-6.070033911715935e-06,-2.2067597539246794e-06
1789477508,529420854,body,-0.5053646029122406,-2.0773230705193755e-05,-2.8840235262801894e-05,1.7403492402817594e-08,-6.032719207099046e-06,-2.1861609596117258e-06
1789477508,534577926,body,-0.5053364958774661,-2.0715021711600244e-05,-2.8687144431795952e-05,1.760332889922122e-08,-5.996010546961268e-06,-2.1633571051845855e-06
1789477508,539847473,body,-0.5053085362991209,-2.0656603544403057e-05,-2.8534990268485378e-05,1.780041896392643e-08,-5.959929587291579e-06,-2.1384292036419437e-06
1789477508,545005434,body,-0.5052807232854061,-2.0597929642863445e-05,-2.8383756221693947e-05,1.799449300869708e-08,-5.924490038213378e-06,-2.1114599932663784e-06
1789477508,550376264,body,-0.5052530559599062,-2.053895545671033e-05,-2.8233425599932076e-05,1.8185170284237587e-08,-5.889698084756935e-06,-2.082531832651645e-06
1789477508,555555708,body,-0.5052255334621573,-2.04796385879071e-05,-2.8083981735532053e-05,1.837226983014722e-08,-5.855553326111998e-06,-2.051727797577018e-06
1789477508,564135775,body,-0.5051981549480021,-2.041993850376155e-05,-2.7935408114280346e-05,1.8555516224066815e-08,-5.822049171974067e-06,-2.0191312369430684e-06
1789477508,571049967,body,-0.5051709195881692,-2.0359816783793364e-05,-2.7787688551408713e-05,1.8734698342374954e-08,-5.789173638575724e-06,-1.9848258060652133e-06
1789477508,576575290,body,-0.5051438265700137,-2.029923710309059e-05,-2.7640807286243438e-05,1.89096116060791e-08,-5.756909937104679e-06,-1.94889523131145e-06
1789477508,581882334,body,-0.505116875095101,-2.0238165023832698e-05,-2.7494749093206486e-05,1.9079993568434405e-08,-5.72523704657924e-06,-1.9114230991654464e-06
1789477508,587186255,body,-0.5050900643804871,-2.0176568198637132e-05,-2.7349499369717705e-05,1.924577039350836e-08,-5.694130635333157e-06,-1.872492984992339e-06
1789477508,592594348,body,-0.5050633936568693,-2.0114416269636688e-05,-2.7205044209896206e-05,1.9406730442521977e-08,-5.663563351892765e-06,-1.8321883620273957e-06
1789477508,597848663,body,-0.505036862168872,-2.005168084702044e-05,-2.706137045826281e-05,1.9562710761033555e-08,-5.633505708717281e-06,-1.790592230546396e-06
1789477508,603074329,body,-0.5050104691735179,-1.9988335577302656e-05,-2.691846576088248e-05,1.9713562665829663e-08,-5.603926443018939e-06,-1.7477871533956935e-06
1789477508,608506639,body,-0.5049842139404425,-1.9924355960559166e-05,-2.6776318569190334e-05,1.985915840002253e-08,-5.5747931629127965e-06,-1.7038551627331037e-06
1789477508,613820643,body,-0.504958095749867,-1.9859719502861734e-05,-2.663491819778995e-05,1.9999383383951038e-08,-5.5460730191047405e-06,-1.6588780198208796e-06
1789477508,619104159,body,-0.5049321138931336,-1.9794405606379437e-05,-2.6494254785054353e-05,2.0134166122313285e-08,-5.517732690454501e-06,-1.612936322404048e-06
1789477508,624301194,body,-0.5049062676713892,-1.9728395598055482e-05,-2.6354319301224924e-05,2.0263319517678972e-08,-5.489739313234277e-06,-1.566110419546944e-06
1789477508,629539575,body,-0.5048805563937744,-1.9661672630748578e-05,-2.6215103563413662e-05,2.0386891638142857e-08,-5.462060558844998e-06,-1.51847958115869e-06
1789477508,634781839,body,-0.5048549793782757,-1.9594221697108085e-05,-2.607660015194459e-05,2.0504647238517937e-08,-5.434665205579827e-06,-1.4701218892322831e-06
1789477508,640212244,body,-0.5048295359499496,-1.952602968210503e-05,-2.5938802436864e-05,2.0616542976391364e-08,-5.40752316749138e-06,-1.4211147129826963e-06
1789477508,645499002,body,-0.5048042254402828,-1.9457085105274445e-05,-2.5801704483974038e-05,2.0722560883717453e-08,-5.380605871865316e-06,-1.3715347310645873e-06
1789477508,650815313,body,-0.504779047186908,-1.938737843543672e-05,-2.5665301067103033e-05,2.0822626118085535e-08,-5.353886450182095e-06,-1.321456683687971e-06
1789477508,656204745,body,-0.5047540005321475,-1.9316901675566347e-05,-2.552958757882933e-05,2.0916677014573547e-08,-5.327339976811235e-06,-1.270954718203149e-06
1789477508,662236370,body,-0.5047290848230481,-1.9245648651155744e-05,-2.539456000762621e-05,2.1004732737719937e-08,-5.300943392408324e-06,-1.2201014054379333e-06
1789477508,670433124,body,-0.5047042994109563,-1.917361477140596e-05,-2.5260214847378768e-05,2.1086665707783352e-08,-5.274675895823414e-06,-1.168967966200553e-06
1789477508,675992659,body,-0.5046796436498819,-1.9100797109420225e-05,-2.512654910380986e-05,2.1162471412846577e-08,-5.248518709843442e-06,-1.1176245932237413e-06
1789477508,681280506,body,-0.5046551168972105,-1.9027194210667116e-05,-2.499356016735349e-05,2.123214735632328e-08,-5.2224552754809504e-06,-1.0661398894011728e-06
1789477508,686498675,body,-0.5046307185129918,-1.8952806383908145e-05,-2.4861245820910968e-05,2.129565862642666e-08,-5.19647118425191e-06,-1.0145806279818123e-06
1789477508,691784221,body,-0.5046064478586607,-1.8877635155765604e-05,-2.4729604140104595e-05,2.1353044555412854e-08,-5.170554038285661e-06,-9.630127495422323e-07
1789477508,697045635,body,-0.5045823042983882,-1.8801683727332945e-05,-2.459863348622359e-05,2.140421877457373e-08,-5.14469365460813e-06,-9.114998898457043e-07
1789477508,702147050,body,-0.5045582871967003,-1.872495664726527e-05,-2.4468332409154466e-05,2.1449290144837458e-08,-5.1188818419848045e-06,-8.601043590352056e-07
1789477508,707409569,body,-0.5045343959207514,-1.86474597693314e-05,-2.433869962597079e-05,2.1488175292485638e-08,-5.09311214001952e-06,-8.088871505436481e-07
1789477508,712998232,body,-0.5045106298374837,-1.856920045385598e-05,-2.4209733979570855e-05,2.1520997118103386e-08,-5.06737998457873e-06,-7.579070462249299e-07
1789477508,718326881,body,-0.5044869883157214,-1.8490187204330333e-05,-2.4081434375881132e-05,2.1547699614111614e-08,-5.0416825112784055e-06,-7.072214623720427e-07
1789477508,723622064,body,-0.5044634707247863,-1.841042979127689e-05,-2.395379977040098e-05,2.1568362031681634e-08,-5.0160182657211024e-06,-6.568860477933126e-07
1789477508,728945196,body,-0.5044400764348883,-1.83299392896446e-05,-2.3826829112383396e-05,2.1582989033863195e-08,-4.990387302301233e-06,-6.06954424035507e-07
1789477508,734223819,body,-0.5044168048170191,-1.82487277936451e-05,-2.370052132946881e-05,2.1591713886465286e-08,-4.9647908122816575e-06,-5.574784251774074e-07
1789477508,739410195,body,-0.5043936552431294,-1.8166808593816966e-05,-2.3574875280898956e-05,2.15944743023089e-08,-4.939231225936156e-06,-5.085084642264101e-07
1789477508,744743059,body,-0.5043706270858094,-1.8084196088369227e-05,-2.3449889737438235e-05,2.159140983111461e-08,-4.913711857274806e-06,-4.600925050238746e-07
1789477508,749991406,body,-0.5043477197189279,-1.8000905574185525e-05,-2.3325563399121797e-05,2.158262547073704e-08,-4.888236902936494e-06,-4.1227727684579146e-07
1789477508,755363765,body,-0.5043249325171357,-1.791695340032671e-05,-2.3201894805947657e-05,2.15681005770859e-08,-4.862811106900517e-06,-3.651075039142926e-07
1789477508,760655143,body,-0.5043022648563273,-1.7832356904862338e-05,-2.307888239076203e-05,2.1547935327551692e-08,-4.837439847082898e-06,-3.1862576549237097e-07
1789477508,769099676,body,-0.5042797161135686,-1.774713417516753e-05,-2.2956524433622337e-05,2.1522259712992834e-08,-4.812128991010112e-06,-2.728728911295878e-07
1789477508,775764042,body,-0.5042572856675961,-1.766130427609544e-05,-2.283481905945097e-05,2.1491128037127064e-08,-4.786884677101352e-06,-2.2788749437575004e-07
1789477508,781528827,body,-0.5042349728982474,-1.7574886931751938e-05,-2.2713764244645047e-05,2.1454657780589535e-08,-4.7617131337061804e-06,-1.8370719845741714e-07
1789477508,786899265,body,-0.5042127771878823,-1.7487902714177914e-05,-2.259335778566467e-05,2.1412975084587853e-08,-4.736620693534098e-06,-1.4036689989300744e-07
1789477508,792225374,body,-0.5041906979197134,-1.740037289728204e-05,-2.2473597355879886e-05,2.136612046433432e-08,-4.711613810309991e-06,-9.789993423322018e-08
1789477508,797550586,body,-0.50416873447976,-1.731231935283201e-05,-2.2354480438020476e-05,2.1314278596825295e-08,-4.686698626896596e-06,-5.6337629735872594e-08
1789477508,803481942,body,-0.504146886256031,-1.7223764603883823e-05,-2.2236004389026328e-05,2.1257488573304704e-08,-4.661881267283395e-06,-1.5709562736701293e-08
1789477508,809172018,body,-0.5041251526385243,-1.7134731755039086e-05,-2.2118166406328157e-05,2.1195973617145434e-08,-4.6371675201714955e-06,2.395674879419786e-08
1789477508,814521264,body,-0.5041035330202585,-1.7045244356511686e-05,-2.2000963559814734e-05,2.1129743686294548e-08,-4.612562965542574e-06,6.263494816584153e-08
1789477508,819835023,body,-0.5040820267963827,-1.695532660997466e-05,-2.1884392770728694e-05,2.105903388535522e-08,-4.588072698208876e-06,1.003017851060239e-07
1789477508,825117520,body,-0.5040606333651023,-1.686500293856527e-05,-2.1768450874877702e-05,2.0983872740728254e-08,-4.5637015976022224e-06,1.3693485753932468e-07
1789477508,830293797,body,-0.5040393521273933,-1.6774298342569988e-05,-2.1653134570846644e-05,2.0904437391695425e-08,-4.539453954733752e-06,1.7251385950099203e-07
1789477508,835567383,body,-0.5040181824872162,-1.6683238038849136e-05,-2.1538440476630074e-05,2.0820912626280465e-08,-4.515333664266981e-06,2.0702010373188593e-07
1789477508,840829425,body,-0.5039971238514801,-1.6591847659458905e-05,-2.142436511865849e-05,2.0733378705113817e-08,-4.491344263374052e-06,2.4043724109568253e-07
1789477508,846086148,body,-0.5039761756307181,-1.6500153087874217e-05,-2.1310904948193906e-05,2.0642034612999433e-08,-4.467488639745146e-06,2.7274978177622386e-07
1789477508,851439796,body,-0.5039553372379498,-1.6408180382897932e-05,-2.1198056364085094e-05,2.054689374529673e-08,-4.443769304707103e-06,3.039449027011603e-07
1789477508,856731189,body,-0.5039346080903521,-1.6315955850574603e-05,-2.1085815707752282e-05,2.0448275843807274e-08,-4.420188354362659e-06,3.340108044431443e-07
1789477508,862071008,body,-0.5039139876078724,-1.6223505915812234e-05,-2.097417928422743e-05,2.0346197429313027e-08,-4.396747399646664e-06,3.6293761046174424e-07
1789477508,868639221,body,-0.5038934752140113,-1.6130857174353825e-05,-2.0863143368365716e-05,2.0240821473354253e-08,-4.3734476296106966e-06,3.907169074997192e-07
1789477508,876304016,body,-0.5038730703359995,-1.603803618755104e-05,-2.075270422774643e-05,2.0132350775933124e-08,-4.350289764791152e-06,4.1734243613479073e-07
1789477508,881634689,body,-0.5038527724041229,-1.5945069717864153e-05,-2.064285810293893e-05,2.0020917003336646e-08,-4.3272741615727855e-06,4.4280916706728303e-07
1789477508,886726797,body,-0.5038325808524338,-1.5851984391306345e-05,-2.0533601265287614e-05,1.9906581810415895e-08,-4.304400822178535e-06,4.671131323662738e-07
1789477508,892292106,body,-0.5038124951183592,-1.5758806879967206e-05,-2.0424929966966e-05,1.9789601000913183e-08,-4.2816693502612055e-06,4.902526400699326e-07
1789477508,897562647,body,-0.5037925146429499,-1.5665563793096166e-05,-2.031684049749089e-05,1.9670073747142693e-08,-4.259079132980602e-06,5.12227503669029e-07
1789477508,902804750,body,-0.5037726388704897,-1.5572281579771096e-05,-2.020932917551446e-05,1.9548149120873357e-08,-4.236629176690423e-06,5.330385824874352e-07
1789477508,908175583,body,-0.5037528672489577,-1.5478986666694497e-05,-2.0102392337069217e-05,1.942397725519204e-08,-4.214318249046337e-06,5.526876151455456e-07
1789477508,913416363,body,-0.5037331992295653,-1.5385705240445916e-05,-1.9996026365163653e-05,1.9297715901214856e-08,-4.192144998909973e-06,5.711789936971109e-07
1789477508,918786418,body,-0.503713634266828,-1.529246334440925e-05,-1.9890227673305885e-05,1.9169441726986296e-08,-4.170107758729449e-06,5.885178495994277e-07
1789477508,924159289,body,-0.5036941718192768,-1.5199286745271509e-05,-1.9784992749608206e-05,1.9039339037268965e-08,-4.1482048731665594e-06,6.047103867915785e-07
1789477508,929456014,body,-0.5036748113478217,-1.5106201069211161e-05,-1.9680318095245553e-05,1.8907552101429366e-08,-4.126434393782879e-06,6.197641059505521e-07
1789477508,934726399,body,-0.5036555523172817,-1.501323153393418e-05,-1.9576200284961833e-05,1.8774229533257738e-08,-4.104794263338388e-06,6.336883351805942e-07
1789477508,939917177,body,-0.5036363941953177,-1.4920403173154375e-05,-1.947263594756132e-05,1.8639511041502483e-08,-4.083282491207555e-06,6.464930154283713e-07
1789477508,945143883,body,-0.5036173364531076,-1.482774066245167e-05,-1.936962175599786e-05,1.8503511869084813e-08,-4.06189695131703e-06,6.581890113445566e-07
1789477508,950579477,body,-0.5035983785648493,-1.4735268245380397e-05,-1.926715444591636e-05,1.836627611000703e-08,-4.040635573104433e-06,6.687890682933706e-07
1789477508,955799818,body,-0.5035795200075122,-1.4643009942101874e-05,-1.9165230804352312e-05,1.8228075438142394e-08,-4.019496116143554e-06,6.783064690000489e-07
1789477508,961043140,body,-0.5035607602613335,-1.4550989298003882e-05,-1.906384767839232e-05,1.808897055446027e-08,-3.998476613122723e-06,6.867553133015871e-07
1789477508,966284496,body,-0.5035420988096773,-1.4459229417699578e-05,-1.8963001961338238e-05,1.7949080933901543e-08,-3.977574851372158e-06,6.941511776349477e-07
1789477508,974884277,body,-0.5035235351385009,-1.4367753034349573e-05,-1.8862690603941296e-05,1.780849049815755e-08,-3.956788875792103e-06,7.00510417811456e-07
1789477508,980508442,body,-0.5035050687368888,-1.4276582318509161e-05,-1.8762910610154024e-05,1.7667390828358224e-08,-3.936116723512446e-06,7.058502844881946e-07
1789477508,985636758,body,-0.5034866990963045,-1.4185739167606038e-05,-1.8663659025430802e-05,1.7525885788840332e-08,-3.915556541574972e-06,7.101885301379528e-07
1789477508,990892922,body,-0.503468425711588,-1.4095244697054668e-05,-1.856493294281744e-05,1.7384055883434075e-08,-3.895106500336062e-06,7.135440751867269e-07
1789477508,996216192,body,-0.5034502480798875,-1.400511985830347e-05,-1.8466729507467796e-05,1.7242001572730542e-08,-3.874764941126257e-06,7.159366971536938e-07
1789477509,1481444,body,-0.5034321657010163,-1.3915384769205155e-05,-1.836904590350952e-05,1.70998288809416e-08,-3.854530197504467e-06,7.173863178872472e-07
1789477509,6707901,body,-0.5034141780776654,-1.3826059185762237e-05,-1.8271879346529374e-05,1.695768041507285e-08,-3.834400812862132e-06,7.179142359142092e-07
1789477509,11985112,body,-0.5033962847149417,-1.3737162304799387e-05,-1.8175227094428757e-05,1.681566882316733e-08,-3.814375427179653e-06,7.175418319161424e-07
1789477509,17093110,body,-0.503378485120652,-1.3648712698116696e-05,-1.8079086438993916e-05,1.6673759049570023e-08,-3.794452750381894e-06,7.162916967095787e-07
1789477509,22315552,body,-0.5033607788049478,-1.3560728439938068e-05,-1.798345469985934e-05,1.653219584339335e-08,-3.7746315545651596e-06,7.141863034425179e-07
1789477509,27408457,body,-0.5033431652807521,-1.347322691991132e-05,-1.7888329234028467e-05,1.639096414451949e-08,-3.7549107628177846e-06,7.112488557755645e-07
1789477509,32533938,body,-0.5033256440630484,-1.3386224999481722e-05,-1.77937074106507e-05,1.62502287262003e-08,-3.7352895047276255e-06,7.075034078097281e-07
1789477509,37734357,body,-0.5033082146698046,-1.3299738994664986e-05,-1.7699586626359852e-05,1.6110055594058075e-08,-3.7157667422400592e-06,7.029736450466138e-07
1789477509,43015739,body,-0.5032908766210485,-1.321378451206127e-05,-1.7605964319160038e-05,1.5970444116880527e-08,-3.696341765925673e-06,6.976841278399521e-07
1789477509,48238510,body,-0.5032736294392605,-1.3128376604560924e-05,-1.7512837912913846e-05,1.5831602362320912e-08,-3.677013866355948e-06,6.916602936306495e-07
1789477509,53590473,body,-0.5032564726493003,-1.3043529643068509e-05,-1.7420204870210785e-05,1.569346979429158e-08,-3.6577824384622792e-06,6.849266827851617e-07
1789477509,58846072,body,-0.5032394057786215,-1.2959257468570805e-05,-1.732806266207017e-05,1.555624893253749e-08,-3.6386469337972834e-06,6.775095631907039e-07
1789477509,64070192,body,-0.5032224283567029,-1.2875573180796655e-05,-1.7236408774639154e-05,1.5419894817074852e-08,-3.6196068894015296e-06,6.694337239044485e-07
1789477509,71423081,body,-0.5032055399155456,-1.2792489337934182e-05,-1.7145240701153144e-05,1.528450453675974e-08,-3.600661809008942e-06,6.607255527120743e-07
1789477509,78312539,body,-0.5031887399897086,-1.2710017839295869e-05,-1.705455595674044e-05,1.5150211873267613e-08,-3.5818114017432074e-06,6.51410811235244e-07
1789477509,83524581,body,-0.5031720281154919,-1.2628169949414435e-05,-1.6964352043386164e-05,1.5016971843819674e-08,-3.563055355634763e-06,6.415160737696745e-07
1789477509,88827099,body,-0.5031554038321797,-1.2546956216677989e-05,-1.6874626501451864e-05,1.4884847212950758e-08,-3.5443933420607806e-06,6.310672706872251e-07
1789477509,94052023,body,-0.503138866680797,-1.2466386748515863e-05,-1.678537685370522e-05,1.4754009551269115e-08,-3.525825136758217e-06,6.200906965183232e-07
1789477509,99249801,body,-0.5031224162050691,-1.2386470756546358e-05,-1.669660064039367e-05,1.4624385088678046e-08,-3.5073505343391613e-06,6.08612725717028e-07
1789477509,104417980,body,-0.5031060519508886,-1.2307217051124116e-05,-1.660829540999824e-05,1.449600221219897e-08,-3.4889693427373006e-06,5.966598504261843e-07
1789477509,109603880,body,-0.503089773466279,-1.222863367708916e-05,-1.652045870561945e-05,1.4369018134092774e-08,-3.4706813809885657e-06,5.842582186258686e-07
1789477509,114877575,body,-0.5030735803018934,-1.2150728095156085e-05,-1.6433088084603935e-05,1.4243395806591883e-08,-3.4524864825622616e-06,5.714338339574556e-07
1789477509,120096354,body,-0.503057472010268,-1.2073507130754741e-05,-1.634618111198734e-05,1.4119221442201279e-08,-3.4343844753755213e-06,5.5821262013234e-07
1789477509,125404991,body,-0.5030414481466032,-1.199697703191104e-05,-1.625973535266079e-05,1.3996426928082301e-08,-3.4163751462679816e-06,5.446210293204786e-07
1789477509,130594276,body,-0.5030255082681245,-1.1921143352779503e-05,-1.6173748373700188e-05,1.3875201793850263e-08,-3.398458453053352e-06,5.306844989605414e-07
1789477509,136089070,body,-0.5030096519343671,-1.1846011126700921e-05,-1.6088217752840847e-05,1.375544914324737e-08,-3.3806341048547637e-06,5.164286529946944e-07
1789477509,141559007,body,-0.5029938787072813,-1.1771584730178502e-05,-1.6003141074588717e-05,1.3637210906793845e-08,-3.362901965117185e-06,5.018785247331937e-07
1789477509,146767414,body,-0.5029781881508075,-1.1697867953317249e-05,-1.5918515934287727e-05,1.3520554551948568e-08,-3.3452618228996326e-06,4.870595294042104e-07
1789477509,152128777,body,-0.502962579831515,-1.162486401529099e-05,-1.5834339912643898e-05,1.3405485406001683e-08,-3.3277135094499038e-06,4.7199682466116635e-07
1789477509,157324438,body,-0.5029470533177496,-1.155257553035842e-05,-1.575061061625561e-05,1.3292047743125737e-08,-3.3102567438834086e-06,4.5671409822403985e-07
1789477509,162588002,body,-0.5029316081806989,-1.1481004595840727e-05,-1.5667325664189322e-05,1.3180216970711163e-08,-3.2928913385737e-06,4.412361347098859e-07
1789477509,168231424,body,-0.502916243993114,-1.1410152687192324e-05,-1.5584482655389477e-05,1.3069985220990293e-08,-3.2756169871010264e-06,4.255865974113048e-07
1789477509,176553821,body,-0.5029009603306592,-1.1340020730597015e-05,-1.5502079224934252e-05,1.2961426819917804e-08,-3.258433442996387e-06,4.0978873884221565e-07
1789477509,182057682,body,-0.5028857567706686,-1.127060920551437e-05,-1.5420113005427462e-05,1.2854489521912656e-08,-3.241340315463324e-06,3.9386632887455266e-07
1789477509,187316811,body,-0.5028706328931053,-1.1201917982307368e-05,-1.533858164275856e-05,1.2749265504640413e-08,-3.2243373824579133e-06,3.778414742728447e-07
1789477509,192434511,body,-0.5028555882798861,-1.1133946309319056e-05,-1.5257482777552281e-05,1.2645715932462007e-08,-3.2074242753877696e-06,3.617367991594847e-07
1789477509,197616721,body,-0.5028406225152375,-1.1066693162574411e-05,-1.517681408245494e-05,1.2543789812073117e-08,-3.190600555714733e-06,3.4557409276863667e-07
1789477509,202795834,body,-0.5028257351855887,-1.100015684985402e-05,-1.5096573225464444e-05,1.2443613840414302e-08,-3.1738659181293504e-06,3.2937429169125755e-07
1789477509,208107558,body,-0.5028109258795357,-1.0934335249244551e-05,-1.5016757890195099e-05,1.2345037155778796e-08,-3.157219957400497e-06,3.1315873884733376e-07
1789477509,213323776,body,-0.5027961941879131,-1.0869225728088606e-05,-1.4937365775841535e-05,1.2248180961872975e-08,-3.140662269407851e-06,2.96947764645771e-07
1789477509,218454656,body,-0.5027815397034379,-1.0804825308119751e-05,-1.4858394586096257e-05,1.2152987740372145e-08,-3.1241923601028657e-06,2.8076149298592485e-07
1789477509,223807857,body,-0.5027669620216343,-1.0741130382746105e-05,-1.4779842037617565e-05,1.2059449996726603e-08,-3.107809840908051e-06,2.646189308850539e-07
1789477509,228885695,body,-0.5027524607393054,-1.0678137094120266e-05,-1.4701705870307573e-05,1.1967573563954476e-08,-3.091514265514005e-06,2.485392807602646e-07
1789477509,234009881,body,-0.5027380354561318,-1.0615841019193268e-05,-1.4623983817491214e-05,1.1877326581934335e-08,-3.0753051387621554e-06,2.3254081021921185e-07
1789477509,239330935,body,-0.5027236857735704,-1.0554237429794911e-05,-1.4546673644095739e-05,1.178873384428049e-08,-3.059181946619229e-06,2.1664133612151086e-07
1789477509,244525878,body,-0.5027094112952811,-1.0493321131025017e-05,-1.4469773118417345e-05,1.170179241350438e-08,-3.043144238335332e-06,2.0085839332889615e-07
1789477509,250424842,body,-0.5026952116268422,-1.0433086618191193e-05,-1.4393280023484609e-05,1.1616410602064662e-08,-3.0271915520574643e-06,1.8520822217923165e-07
1789477509,255547846,body,-0.502681086376283,-1.0373527972788426e-05,-1.4317192155652976e-05,1.1532628854264907e-08,-3.0113233937367996e-06,1.697069630960471e-07
1789477509,260794130,body,-0.5026670351533741,-1.031463893455094e-05,-1.4241507322689156e-05,1.145041879303313e-08,-2.995539256001746e-06,1.5437071875231636e-07
1789477509,266049419,body,-0.5026530575700172,-1.0256412923358195e-05,-1.4166223353854398e-05,1.1369815401634748e-08,-2.979838583740545e-06,1.3921401530704817e-07
1789477509,274449449,body,-0.5026391532406017,-1.0198843002065831e-05,-1.4091338077983864e-05,1.1290741552339394e-08,-2.964220987265226e-06,1.2425109247692408e-07
1789477509,280480437,body,-0.5026253217806532,-1.0141921989219065e-05,-1.4016849354281874e-05,1.121315786979263e-08,-2.948685821535695e-06,1.0949630100258841e-07
1789477509,285776964,body,-0.5026115628086107,-1.0085642286663222e-05,-1.394275504035978e-05,1.1137116093730313e-08,-2.933232654675629e-06,9.496237070289506e-08
1789477509,290993108,body,-0.5025978759446186,-1.002999621826665e-05,-1.3869053020958874e-05,1.1062550275687344e-08,-2.9178609704308265e-06,8.066233781332938e-08
1789477509,296154362,body,-0.5025842608104552,-9.974975596279621e-06,-1.379574117804143e-05,1.0989448922663881e-08,-2.902570293625799e-06,6.660811724641195e-08
1789477509,301395791,body,-0.5025707170306706,-9.920572223576945e-06,-1.372281742653556e-05,1.091779281449173e-08,-2.887360141313512e-06,5.281072463370796e-08
1789477509,306755606,body,-0.5025572442309512,-9.866777466364827e-06,-1.365027967304145e-05,1.0847542737715428e-08,-2.8722299927987743e-06,3.9281568624933744e-08
1789477509,312384461,body,-0.5025438420396124,-9.813582625971703e-06,-1.3578125853666828e-05,1.0778648439059735e-08,-2.8571793251663613e-06,2.603069451548903e-08
1789477509,317730102,body,-0.5025305100865332,-9.760978676590316e-06,-1.3506353911427258e-05,1.0711184037121464e-08,-2.8422078064594042e-06,1.3067628021494591e-08
1789477509,323056096,body,-0.5025172480037235,-9.708956483536462e-06,-1.3434961799835471e-05,1.0644977194913772e-08,-2.827314873793962e-06,4.0169278847954697e-10
1789477509,328419420,body,-0.5025040554249707,-9.657506662631405e-06,-1.3363947478458787e-05,1.0580116528036945e-08,-2.8125000519952223e-06,-1.1958906632258277e-08
1789477509,333646162,body,-0.5024909319861928,-9.60661976108727e-06,-1.3293308945501729e-05,1.0516515246637417e-08,-2.797762894751856e-06,-2.4006094482327967e-08
1789477509,338834486,body,-0.5024778773251556,-9.556286063325305e-06,-1.3223044179204911e-05,1.045422315279016e-08,-2.7831029013539818e-06,-3.573254994954354e-08
1789477509,343979380,body,-0.502464891081188,-9.506495791059952e-06,-1.3153151191432887e-05,1.0393112438054965e-08,-2.7685197354026083e-06,-4.713149179713327e-08
1789477509,349338747,body,-0.502451972896106,-9.457239025410743e-06,-1.3083627989741782e-05,1.0333195216769047e-08,-2.7540128917462154e-06,-5.819692704110815e-08
1789477509,354500374,body,-0.5024391224131464,-9.408505734992135e-06,-1.3014472611001537e-05,1.0274469189456889e-08,-2.739581939618125e-06,-6.892327348057007e-08
1789477509,359830354,body,-0.5024263392776068,-9.36028577820479e-06,-1.2945683090503103e-05,1.0216888764254347e-08,-2.7252265292970224e-06,-7.930503995457555e-08
1789477509,364980071,body,-0.5024136231364188,-9.312568933695328e-06,-1.287725747522823e-05,1.0160363990031363e-08,-2.710946135647111e-06,-8.933794766742708e-08
1789477509,371396968,body,-0.502400973638788,-9.26534492788095e-06,-1.2809193829867066e-05,1.010499256015817e-08,-2.6967403478850824e-06,-9.901810639419458e-08
1789477509,379116760,body,-0.502388390435412,-9.218603421856921e-06,-1.2741490224896923e-05,1.0050639043404158e-08,-2.6826088751323502e-06,-1.0834216548734519e-07
1789477509,384494370,body,-0.5023758731786938,-9.17233404010268e-06,-1.267414474748093e-05,9.997294578577589e-09,-2.6685512577559048e-06,-1.1730685645092432e-07
1789477509,389670651,body,-0.5023634215233809,-9.12652631428808e-06,-1.2607155477320068e-05,9.944972559266823e-09,-2.65456711383808e-06,-1.259102097490712e-07
1789477509,394847038,body,-0.502351035125358,-9.081169852090444e-06,-1.2540520529574305e-05,9.893601989398175e-09,-2.6406561191936967e-06,-1.341499050186506e-07
1789477509,400120761,body,-0.5023387136429964,-9.036254120636116e-06,-1.2474238015555772e-05,9.843138553708262e-09,-2.6268177475763217e-06,-1.420245478214742e-07
1789477509,405424749,body,-0.5023264567358046,-8.991768787038454e-06,-1.240830606055938e-05,9.793576825505306e-09,-2.613051733641821e-06,-1.4953357194425475e-07
1789477509,410630451,body,-0.5023142640657067,-8.947703273404413e-06,-1.2342722791087795e-05,9.744909156123164e-09,-2.599357614427039e-06,-1.5667637564665688e-07
1789477509,415818063,body,-0.5023021352956216,-8.904047276692823e-06,-1.2277486364100557e-05,9.697092389256665e-09,-2.585735086840031e-06,-1.6345289897846996e-07
1789477509,421031775,body,-0.5022900700910973,-8.860790339779997e-06,-1.2212594915374167e-05,9.650052303854503e-09,-2.5721837833965832e-06,-1.698636859519382e-07
1789477509,426315803,body,-0.5022780681187472,-8.817922159281994e-06,-1.2148046626924465e-05,9.603855684643857e-09,-2.5587033910137675e-06,-1.7590951372094876e-07
1789477509,431463856,body,-0.502266129047317,-8.775432436525348e-06,-1.2083839659234074e-05,9.558361732062046e-09,-2.5452934667112894e-06,-1.8159194548485658e-07
1789477509,436743781,body,-0.502254252546973,-8.733310960310255e-06,-1.2019972197568714e-05,9.513629489128858e-09,-2.5319536674296674e-06,-1.8691265767846958e-07
1789477509,442018021,body,-0.5022424382900843,-8.691547560460837e-06,-1.1956442437478004e-05,9.469539261132572e-09,-2.518683609031882e-06,-1.9187359985792663e-07
1789477509,447204631,body,-0.5022306859500147,-8.650132182788752e-06,-1.1893248578580526e-05,9.426202308667289e-09,-2.5054830650313697e-06,-1.9647758532454096e-07
1789477509,452598339,body,-0.5022189952026861,-8.609054895333657e-06,-1.1830388831666509e-05,9.38348119652013e-09,-2.4923516157635087e-06,-2.0072732302757534e-07
1789477509,458514580,body,-0.5022073657250148,-8.568305761050346e-06,-1.1767861415485717e-05,9.341402833560312e-09,-2.4792888793109603e-06,-2.0462646559997153e-07
1789477509,465004338,body,-0.5021957971959784,-8.527875033982884e-06,-1.170566455909831e-05,9.299887533248389e-09,-2.4662944693155115e-06,-2.0817834371376092e-07
1789477509,470485217,body,-0.5021842892960457,-8.487753111885048e-06,-1.1643796509863018e-05,9.258885615433475e-09,-2.4533681226540135e-06,-2.1138723172945025e-07
1789477509,480070219,body,-0.5021728417076047,-8.44793038410877e-06,-1.158225550562488e-05,9.218516137034647e-09,-2.440509622832501e-06,-2.1425700654179807e-07
1789477509,486436385,body,-0.5021614541143931,-8.408397543340581e-06,-1.1521039804315822e-05,9.178625075363035e-09,-2.4277184580375726e-06,-2.1679264195544003e-07
1789477509,491921978,body,-0.5021501262022088,-8.369145306171777e-06,-1.14601476754259e-05,9.139248246862074e-09,-2.414994279658849e-06,-2.1899894967582367e-07
1789477509,497197225,body,-0.5021388576578453,-8.330164506056097e-06,-1.1399577394333465e-05,9.10028492503628e-09,-2.4023367868254278e-06,-2.2088126099746885e-07
1789477509,502547287,body,-0.5021276481704403,-8.291446268337743e-06,-1.1339327243807442e-05,9.061782048108676e-09,-2.3897456198245355e-06,-2.22445158120215e-07
1789477509,508059680,body,-0.5021164974304818,-8.252981716737228e-06,-1.1279395518159296e-05,9.023714385629135e-09,-2.377220517753499e-06,-2.2369620770324752e-07
1789477509,513438524,body,-0.5021054051298786,-8.214762271814192e-06,-1.1219780520006197e-05,8.986046730742593e-09,-2.364761083152163e-06,-2.2464054484026642e-07
1789477509,518537056,body,-0.5020943709626002,-8.176779408345697e-06,-1.1160480559889201e-05,8.948752750802879e-09,-2.352366934103307e-06,-2.252841936023522e-07
1789477509,523918786,body,-0.5020833946236819,-8.139024869039517e-06,-1.110149396386351e-05,8.911778378086572e-09,-2.3400378274675386e-06,-2.2563390858824578e-07
1789477509,529048196,body,-0.5020724758100777,-8.101490491070632e-06,-1.1042819050880153e-05,8.875176116043037e-09,-2.327773360234145e-06,-2.256962578756591e-07
1789477509,534275927,body,-0.5020616142205175,-8.064168351842376e-06,-1.0984454167542443e-05,8.838848588805942e-09,-2.315573248185428e-06,-2.2547795609671417e-07
1789477509,539602682,body,-0.5020508095549394,-8.027050706303293e-06,-1.0926397663087023e-05,8.802819453353292e-09,-2.3034371416005343e-06,-2.249864062177835e-07
1789477509,544749332,body,-0.5020400615149156,-7.990129942493617e-06,-1.0868647882503512e-05,8.767090134751173e-09,-2.2913646996412706e-06,-2.2422830288369277e-07
1789477509,550205925,body,-0.5020293698038663,-7.953398722175814e-06,-1.0811203203286968e-05,8.731584371036545e-09,-2.2793555326187586e-06,-2.2321134438340605e-07
1789477509,555375607,body,-0.50219273997806,-8.074579564461824e-06,-0.0033106173741773016,-0.0005577961989879463,0.1315062041177316,-4.446600110015231e-05
1789477509,560648260,body,-0.500561271699459,-4.35511184498698e-06,-0.011567178562852809,0.0002680933403503144,0.33014096384678576,-0.0001030297775886723
1789477509,565906965,body,-0.4926524221921441,1.484589827509291e-06,-0.022097681895388695,0.0005039008327365587,0.4318163202728914,-0.00013739141758478004
1789477509,571348572,body,-0.4749231939430172,-2.1124469235192472e-06,-0.032046531675833115,0.00017674279421508768,0.4381702243567798,-0.00015489000319469015
1789477509,579032897,body,-0.4463577756915253,-1.2229706945574242e-05,-0.039685209280524145,-0.00014941883333806973,0.3918154143799055,-0.00015700375137332607
1789477509,585715422,body,-0.40769534529650187,-2.077643027770235e-05,-0.044369332263047116,-0.00023357963419023508,0.32724580699626615,-0.00013842966053095705
1789477509,591012203,body,-0.3604290735040609,-2.3530418760665958e-05,-0.046093825261078754,-0.00014662009254183772,0.2621246727909817,-0.00010448350991831398
1789477509,596170578,body,-0.3061947146623048,-2.1137560763311607e-05,-0.04513351019569006,-3.1145158506310874e-05,0.20241237459920083,-6.817965031605906e-05
1789477509,601388085,body,-0.24651939736713982,-1.626821487150525e-05,-0.04186567117786694,3.5085205103197976e-05,0.14870690770244535,-3.87109471805947e-05
1789477509,606591901,body,-0.18276544967660638,-1.1161704537807255e-05,-0.03670825300547005,4.7676546951178476e-05,0.10013064781257008,-1.746784403715179e-05
1789477509,611716554,body,-0.11614577331660889,-6.835843005272385e-06,-0.030100348436328535,3.3613157962457417e-05,0.05591055238908709,-1.4088179488009123e-06
1789477509,617011798,body,-0.04775059732395728,-3.411977373991571e-06,-0.022488402977378825,1.6950141909477613e-05,0.015689289516838265,1.2604937930252264e-05
1789477509,622184039,body,0.021433637205733814,-6.955022345138007e-07,-0.014309397414616775,7.658653840171065e-06,-0.020617386960684745,2.5951817397015473e-05
1789477509,627362695,body,0.09051439312986112,1.4581565089441096e-06,-0.005973287568418237,5.332238416465868e-06,-0.05300961444045214,3.8568657680435354e-05
1789477509,632557427,body,0.15868841048609697,3.05185256604184e-06,0.0021518423118106755,6.177554928629112e-06,-0.08151290951295385,4.991555809793319e-05
1789477509,637781404,body,0.22523906784359074,4.003468145969805e-06,0.009750303613385736,7.290118084545102e-06,-0.10621100286578403,5.960264419127596e-05
1789477509,643089442,body,0.28953406980467566,4.225134661379581e-06,0.01656501092807876,7.6176639853617644e-06,-0.12723805343227843,6.752602408329789e-05
1789477509,648403066,body,0.3510229771394451,3.6673846403694804e-06,0.022400063715807217,7.255884735361156e-06,-0.14475945745784483,7.375590862015271e-05
1789477509,653871084,body,0.4092346166512332,2.326787042229324e-06,0.027120457087505143,6.577604274543016e-06,-0.1589555990260828,7.840878254166287e-05
1789477509,659188627,body,0.4637744961207279,2.3631682083557221e-07,0.030649529200823835,5.799072418781231e-06,-0.17001221723087057,8.158955785068206e-05
1789477509,664751240,body,0.5143222641504702,-2.5457697692710207e-06,0.03296461330644406,4.937753704625469e-06,-0.1781162246708704,8.338882991997898e-05
1789477509,669893889,body,0.5606291536338768,-5.942806120724843e-06,0.03409128613063138,3.922562717862097e-06,-0.183454748024196,8.389715322110372e-05
1789477509,675385602,body,0.6025152906793084,-9.86316501293903e-06,0.034096573530020303,2.690111412648702e-06,-0.18621565123634976,8.321443136542948e-05
1789477509,683785196,body,0.6398667414845599,-1.4202733280705283e-05,0.03308146137210204,1.2205818289772053e-06,-0.18658853867628025,8.145094611522856e-05
1789477509,689226424,body,0.6726321915187203,-1.8847878466561942e-05,0.031173047483575602,-4.670971816649882e-07,-0.1847657462208664,7.872415599438634e-05
1789477509,694686009,body,0.7008191880365005,-2.3679114783727402e-05,0.028516652760749408,-2.3312473893150497e-06,-0.18094308301019008,7.515503501607746e-05
1789477509,700109833,body,0.724489917794942,-2.8575070185208065e-05,0.025268184455816137,-4.319158633250162e-06,-0.17532019127567208,7.086529888906132e-05
1789477509,705464396,body,0.7437565312599608,-3.3416326654220166e-05,0.021587011860214184,-6.372463613589936e-06,-0.16810043993990537,6.597540678333353e-05
1789477509,710731789,body,0.758776059671204,-3.8088880918358426e-05,0.017629574136642397,-8.429364140240075e-06,-0.15949030664766303,6.060294095116649e-05
1789477509,716063149,body,0.7697450003267284,-4.248712159332046e-05,0.013543892615047029,-1.0426522522834229e-05,-0.14969824517067717,5.486117105512802e-05
1789477509,721220464,body,0.7768936670803397,-4.65162849190824e-05,0.009465107133353995,-1.2301555058553663e-05,-0.13893307832336785,4.885779476378413e-05
1789477509,726810656,body,0.7804804166050762,-5.009436938704513e-05,0.005512100545305768,-1.3995862094749424e-05,-0.1274019951773504,4.269389315165661e-05
1789477509,732184485,body,0.7807858663252478,-5.315349817666353e-05,0.0017852204794077675,-1.5457268046869268e-05,-0.11530826144157233,3.646312225627139e-05
1789477509,737451580,body,0.7781072176353231,-5.5640733989844147e-05,-0.0016349439028904948,-1.6642137157675992e-05,-0.10284877129391244,3.025112750937458e-05
1789477509,742870665,body,0.7727527892302899,-5.7518372921177554e-05,-0.004687817038359491,-1.751686286951837e-05,-0.09021157701997708,2.4135155488986367e-05
1789477509,748220581,body,0.7650368516406366,-5.876376247846421e-05,-0.007332246436408193,-1.8058753848326724e-05,-0.07757352978436037,1.818384181710391e-05
1789477509,753645661,body,0.7552748371258498,-5.936870664641202e-05,-0.009545213919882752,-1.8256368141783188e-05,-0.06509815178321474,1.2457147694350596e-05
1789477509,758952147,body,0.7437789806803295,-5.9338527177934803e-05,-0.011320009861608674,-1.810934978812716e-05,-0.05293383872055897,7.006429517636372e-06
1789477509,764082526,body,0.7308544295424191,-5.869085638732662e-05,-0.012664034653771906,-1.7627820385001817e-05,-0.04121246446600313,1.8746186435285367e-06
1789477509,769213420,body,0.7167958415045289,-5.7454232920356765e-05,-0.013596385032264926,-1.683138936868866e-05,-0.030048429773337777,-2.903500728500542e-06
1789477509,774371336,body,0.7018844773078711,-5.566657037748951e-05,-0.01414536841772674,-1.5747860649003067e-05,-0.01953816701176893,-7.300933855649181e-06
1789477509,782496797,body,0.6863857799365046,-5.337356041594091e-05,-0.01434606826130006,-1.4411719258773927e-05,-0.009760085645314727,-1.1298051750592546e-05
1789477509,788518817,body,0.6705474238320321,-5.062706437248687e-05,-0.014238059732349565,-1.2862489897794687e-05,-0.0007749207762281811,-1.4882111541269398e-05
1789477509,793635394,body,0.654597809804982,-4.748353976477187e-05,-0.013863350073223629,-1.1143053793356198e-05,0.007373569282568336,-1.804673524196529e-05
1789477509,798869216,body,0.638744976431182,-4.400253778038584e-05,-0.013264593400923652,-9.298003941640157e-06,0.014657620277700536,-2.079135846209696e-05
1789477509,804096230,body,0.6231758956204263,-4.02453007950663e-05,-0.012483607095033657,-7.372107041522931e-06,0.021064261653815513,-2.3120656698894962e-05
1789477509,809501076,body,0.608056118401922,-3.627348087463086e-05,-0.011560197178012425,-5.408926752127136e-06,0.026593964483286516,-2.5043962580768962e-05
1789477509,814652303,body,0.5935297364406806,-3.2147993001596595e-05,-0.010531283856073935,-3.4496471476581984e-06,0.03125919803068474,-2.6574681352318275e-05
1789477509,819937367,body,0.5797196250222243,-2.792801092663975e-05,-0.009430305863028197,-1.5321186950235652e-06,0.03508294714937786,-2.7729713702789286e-05
1789477509,825194848,body,0.5667279339776458,-2.3670109517800043e-05,-0.008286873363163971,3.0986317383081716e-07,0.03809723332636348,-2.8528893779529474e-05
1789477509,830375333,body,0.5546367940755064,-1.942755097436994e-05,-0.007126633634119558,2.0470535478678886e-06,0.040341672684307335,-2.899444998869158e-05
1789477509,835630433,body,0.5435092076446132,-1.5249711481155503e-05,-0.005971311144430978,3.6550405659989507e-06,0.041862095431813226,-2.9150490692522012e-05
1789477509,840824167,body,0.5333900935467694,-1.1181640243407227e-05,-0.004838883467259139,5.114338194736951e-06,0.04270924363599688,-2.9022522167916342e-05
1789477509,846092139,body,0.5243074580394798,-7.2637420533880965e-06,-0.0037438562168200613,6.410316203446105e-06,0.042937558003625954,-2.8637000555208356e-05
1789477509,851466524,body,0.5162736645588726,-3.5315724328811956e-06,-0.0026976033580096937,7.532996216380471e-06,0.04260405961044726,-2.8020920433829435e-05
1789477509,856783017,body,0.5092867769945395,-1.573403024379608e-08,-0.0017087433634657267,8.476744034790494e-06,0.04176732907577565,-2.7201438449085516e-05
1789477509,862029026,body,0.5033319526508209,3.2581372196148e-06,-0.0007835263723210066,9.239885029008734e-06,0.0404865833185586,-2.6205536563059006e-05
1789477509,867124629,body,0.49838286277718374,6.2693086090034115e-06,7.37876019343991e-05,9.824269683110077e-06,0.038820848499063795,-2.50597192936224e-05
1789477509,872274974,body,0.4944031203222098,9.001820636147919e-06,0.0008605745393969384,1.0234811249673072e-05,0.036828226803247516,-2.3789749971310432e-05
1789477509,878402633,body,0.4913476964030938,1.1444301399270107e-05,0.0015755269372832719,1.0479014254985991e-05,0.034565254156077835,-2.2420417544072033e-05
1789477509,887190690,body,0.48916430888080764,1.3589735754012269e-05,0.002218375465459419,1.0566509971780647e-05,0.032086345589911205,-2.0975341374672127e-05
1789477509,893318674,body,0.4877947683643367,1.5435197965639467e-05,0.002789654674470084,1.0508611887806248e-05,0.02944332473704791,-1.9476803707322775e-05
1789477509,899155460,body,0.4871762689085254,1.6981556365522347e-05,0.003290512727999454,1.031789847386976e-05,0.02668503367695041,-1.79456153718267e-05
1789477509,904646985,body,0.48724261260737173,1.823315741821301e-05,0.003722562808829772,1.0007831550238336e-05,0.023857019131448817,-1.640100952385052e-05
1789477509,910729589,body,0.4879253591682827,1.919749513128851e-05,0.004087772137556994,9.592413331298823e-06,0.021001290741274957,-1.4860561072164828e-05
1789477509,916126018,body,0.4891548933745709,1.988487224755357e-05,0.00438838340564883,9.085883914950728e-06,0.018156146894131947,-1.3340134641357616e-05
1789477509,921472476,body,0.4908614050839722,2.0308056919804407e-05,0.004626862800670433,8.502459727775558e-06,0.015356063321848948,-1.1853854619360817e-05
1789477509,926871362,body,0.4929757780242325,2.04819404798673e-05,0.004805868619059094,7.856111582171805e-06,0.012631639463262146,-1.041409765464102e-05
1789477509,932160985,body,0.4954303851680866,2.042319820508285e-05,0.0049282346425355405,7.160380008165109e-06,0.010009597420202385,-9.031506805994898e-06
1789477509,937554273,body,0.49815978983127984,2.0149957851967945e-05,0.0049969629158937625,6.428225361911569e-06,0.007512828228002722,-7.715024725967465e-06
1789477509,942887222,body,0.5011013528936575,1.9681477498863143e-05,0.005015221228978064,5.671908990516617e-06,0.0051604801263596045,-6.471942640846726e-06
1789477509,948247050,body,0.5041957476409566,1.9037835529317026e-05,0.004986341399512219,4.902902061243825e-06,0.002968083557369813,-5.307965853066173e-06
1789477509,953962171,body,0.5073873847064,1.823963492957438e-05,0.004913815310832741,4.131818406427941e-06,0.0009477077210723504,-4.227292265599863e-06
1789477509,959305252,body,0.5106247504332866,1.7307723223185707e-05,0.004801286523506521,3.36836843805795e-06,-0.0008918563120092516,-3.232702483077605e-06
1789477509,964488252,body,0.5138606627033798,1.6262930655811484e-05,0.004652536105433743,2.6213301268870138e-06,-0.0025448907167541827,-2.3256580491148405e-06
1789477509,969622746,body,0.5170524488779146,1.512582672310062e-05,0.004471462076755834,1.8985350900877244e-06,-0.004008528789780203,-1.5064094316893073e-06
1789477509,974890188,body,0.5201620509961864,1.3916497301725445e-05,0.004262052517395354,1.2068668512121262e-06,-0.005282519837906122,-7.741073166406332e-07
1789477509,980063481,body,0.5231560637570494,1.265434312619257e-05,0.004028352920860517,5.522689564967369e-07,-0.006368985036610713,-1.269186361561423e-07
1789477509,988494638,body,0.5260057111092856,1.1357899882685207e-05,0.0037744287907630148,-6.023817888749884e-08,-0.007272167912189989,4.378559218883286e-07
1789477509,994337328,body,0.5286867674685554,1.0044681575023204e-05,0.0035043247653774832,-6.265332265034983e-07,-0.00799818280061702,9.236633742390586e-07
1789477509,999631328,body,0.5311794296969617,8.731046191859004e-06,0.0032220217272832343,-1.1433643910911954e-06,-0.008554764335158303,1.3345828254943858e-06
1789477510,4978975,body,0.5334681460134714,7.43208503433121e-06,0.002931393419403526,-1.608314585891611e-06,-0.008951020722929741,1.6752106672070397e-06
1789477510,10130333,body,0.5355414079649403,6.161534561269526e-06,0.002636164059932975,-2.0197620202099714e-06,-0.009197193284544554,1.950551742786094e-06
1789477510,15238108,body,0.5373915114821237,4.931711139813107e-06,0.002339868342595111,-2.3768370543039554e-06,-0.009304424452524152,2.1659141087407848e-06
1789477510,20339315,body,0.5390142928731942,3.753467419454486e-06,0.0020458150425701465,-2.6793753283843852e-06,-0.009284536152456736,2.32681123300606e-06
1789477510,25442498,body,0.5404088453857816,2.6361700315866157e-06,0.0017570552394039524,-2.927867962295857e-06,-0.009149820225245556,2.438869298657458e-06
1789477510,30498456,body,0.5415772216980762,1.5876972744653672e-06,0.0014763559330406315,-3.123408632190361e-06,-0.008912842287078473,2.5077424682353566e-06
1789477510,35500252,body,0.5425241273801181,6.144551695877676e-07,0.0012061795822905863,-3.267638629176359e-06,-0.008586260169676193,2.5390378530834426e-06
1789477510,40659571,body,0.5432566100219036,-2.7858883646772844e-07,0.0009486698508685356,-3.362689655804272e-06,-0.008182657831177666,2.538245476818383e-06
1789477510,45739694,body,0.543783748343538,-1.0878566041747106e-06,0.0007056436143214678,-3.411125023047097e-06,-0.0077143953850859655,2.5106780508363834e-06
1789477510,51047475,body,0.5441163452069292,-1.811096371735283e-06,0.0004785890721164833,-3.415879967938515e-06,-0.0071934756572464755,2.4614197334748206e-06
1789477510,56181605,body,0.5442666280334225,-2.4473072807639458e-06,0.0002686696275826471,-3.3802011247052618e-06,-0.006631427453611502,2.395280827380949e-06
1789477510,61294642,body,0.5442479597115204,-2.9966540564734324e-06,7.673304991933261e-05,-3.3075866150719933e-06,-0.006039205505975163,2.316762945200313e-06
1789477510,66346928,body,0.5440745626564041,-3.460373015074505e-06,-9.667468206667217e-05,-3.201726268618797e-06,-0.005427106860264305,2.2300290534968637e-06
1789477510,71453048,body,0.5437612582669777,-3.840671511089321e-06,-0.00025129153447494586,-3.0664434715487022e-06,-0.004804703286388587,2.138883817295575e-06
1789477510,76567132,body,0.5433232236130423,-4.140623093093146e-06,-0.00038711829787106965,-2.9056389603795072e-06,-0.004180789121051131,2.0467570847495863e-06
1789477510,83283114,body,0.542775766798523,-4.364059149509823e-06,-0.0005043949348712761,-2.7232369184517006e-06,-0.003563343805162601,1.9566975594215793e-06
1789477510,90708438,body,0.5421341220626943,-4.515459695169983e-06,-0.0006035751280771072,-2.523134645624221e-06,-0.002959508252408462,1.871368689697269e-06
1789477510,95842601,body,0.5414132653352539,-4.599844239878542e-06,-0.0006852997275446559,-2.3091552827776576e-06,-0.002375574078147582,1.7930525058246721e-06
1789477510,101036184,body,0.5406277506253333,-4.62266458584344e-06,-0.0007503697455227854,-2.085004724976479e-06,-0.0018169846353029901,1.7236570087064894e-06
1789477510,106173932,body,0.5397915673277498,-4.58970042864438e-06,-0.0007997194813090777,-1.8542334083605023e-06,-0.0012883467437897708,1.6647269178864285e-06
1789477510,111230502,body,0.5389180182471534,-4.506959121655446e-06,-0.0008343902849756062,-1.6202022077362199e-06,-0.0007934519569044759,1.6174596105277905e-06
1789477510,116293980,body,0.5380196179081033,-4.380580881383368e-06,-0.0008555053895932428,-1.3860531938070516e-06,-0.00033530619100207495,1.5827231666175176e-06
1789477510,121411119,body,0.5371080104862727,-4.2167497669729055e-06,-0.0008642461609039021,-1.1546861405289738e-06,8.383345819646076e-05,1.5610766092749477e-06
1789477510,126540620,body,0.5361939065260257,-4.021611286437254e-06,-0.0008618300345165913,-9.287389194968151e-07,0.0004624158738116746,1.5527929085405568e-06
1789477510,131571204,body,0.5352870374399293,-3.801197519936135e-06,-0.0008494903356194728,-7.105737344870833e-07,0.0007995481795343998,1.5578828073273362e-06
1789477510,136693221,body,0.5343961266645781,-3.561359642980565e-06,-0.0008284581076138221,-5.022676145449379e-07,0.0010949441920980387,1.5761201194390873e-06
1789477510,141785388,body,0.5335288762379906,-3.3077083493143037e-06,-0.0007999460141801295,-3.0560775929061665e-07,0.001348870095325875,1.6070679868452499e-06
1789477510,146956188,body,0.5326919674934736,-3.045562382351634e-06,-0.0007651343262538733,-1.2209103685517283e-07,0.0015620883036767176,1.6501033762465906e-06
1789477510,152221219,body,0.5318910745087829,-2.779905016351828e-06,-0.0007251589602539787,4.7072620340378514e-08,0.0017358004114948068,1.7044454065088151e-06
1789477510,157428628,body,0.531130888920327,-2.5153482333561873e-06,-0.0006811014976757878,2.0095274820304348e-07,0.0018715900492674304,1.769178259439002e-06
1789477510,162490691,body,0.5304151547017159,-2.2561051408964174e-06,-0.0006339810876469884,3.3888845065168314e-07,0.0019713663870755704,1.8432781986132393e-06
1789477510,167518029,body,0.5297467115179757,-2.005968919552568e-06,-0.0005847481133521535,4.604748044008407e-07,0.002037308945360793,1.9256355347994472e-06
1789477510,172652760,body,0.5291275452883045,-1.7682996926189353e-06,-0.0005342794888390113,5.655475003414141e-07,0.0020718142895277424,2.015078795757271e-06
1789477510,177789809,body,0.5285588446350177,-1.5460176424609021e-06,-0.0004833754446624066,6.541653011940444e-07,0.002077445105363973,2.110395065748042e-06
1789477510,185939024,body,0.5280410619451583,-1.341601911096841e-06,-0.0004327576569435943,7.26590978304066e-07,0.002056882071003708,2.2103511395487375e-06
1789477510,191508169,body,0.5275739778408568,-1.1570960210963438e-06,-0.000383068575311454,7.832708454558197e-07,0.0020128788641832315,2.3137098880032317e-06
1789477510,196652230,body,0.527156767921488,-9.941172889238306e-07,-0.0003348718083821436,8.248141531004942e-07,0.001948220572428142,2.4192485249494328e-06
1789477510,201857799,body,0.5267880707245903,-8.538717738743712e-07,-0.000288653431567049,8.519712816750918e-07,0.0018656857004980083,2.5257733653195083e-06
1789477510,206947819,body,0.526466055938127,-7.371725921511962e-07,-0.00024482408908925625,8.656124591415196e-07,0.0017680119074578407,2.6321325803169925e-06
1789477510,212026950,body,0.5261884919852001,-6.444617349378384e-07,-0.0002037217707177585,8.66706662146628e-07,0.001657865544854661,2.7372278762038107e-06
1789477510,217174865,body,0.5259528121929704,-5.758348843491533e-07,-0.00016561515234818298,8.563005567419988e-07,0.0015378150113663869,2.840023829052102e-06
1789477510,222292842,body,0.5257561788531179,-5.310682987955192e-07,-0.00013070739841162052,8.354989041796873e-07,0.0014103078914563594,2.9395577137196727e-06
1789477510,227389377,body,0.5255955445739386,-5.096476049012393e-07,-9.91403329155328e-05,8.054450832413849e-07,0.001277651799430592,3.034943500973167e-06
1789477510,232532222,body,0.5254677104101863,-5.107977108298158e-07,-7.099889396791184e-05,7.673036123063822e-07,0.0011419988134322885,3.1253784872806302e-06
1789477510,237580066,body,0.525369380354482,-5.33513526680556e-07,-4.631579450512569e-05,7.222433880421078e-07,0.0010053333480418846,3.2101462206339766e-06
1789477510,242702008,body,0.5252972118505929,-5.765910583976469e-07,-2.507631895195686e-05,6.714221909630084e-07,0.0008694632877409271,3.288619041468298e-06
1789477510,247836972,body,0.5252478620789262,-6.386582277454089e-07,-7.223192243576911e-06,6.159732077565376e-07,0.0007360141786974006,3.360257607533083e-06
1789477510,253030926,body,0.5252180298346175,-7.182053224957883e-07,7.338536457736985e-06,5.569925276844291e-07,0.0006064262586673375,3.4246122751411355e-06
1789477510,258195005,body,0.5252044928944067,-8.136147343213834e-07,1.873664740250039e-05,4.955283946224947e-07,0.00048195408972173063,3.4813207716165046e-06
1789477510,263318756,body,0.5252041408359935,-9.231892362671063e-07,2.7126988121647504e-05,4.3257201516881167e-07,0.0003636685497630085,3.5301057524238845e-06
1789477510,268472987,body,0.5252140033285069,-1.0451792966389822e-06,3.2688837677352664e-05,3.6905008055404754e-07,0.0002524609325736335,3.5707720550220886e-06
1789477510,273584342,body,0.5252312739743235,-1.1778084422380532e-06,3.562043462981745e-05,3.0581799194460324e-07,0.00014904890308838656,3.603202354569493e-06
1789477510,280688624,body,0.5252533298246689,-1.3192969448323892e-06,3.613470194309538e-05,2.436556947481803e-07,5.398405738176606e-05,3.627352633379933e-06
1789477510,287414409,body,0.5252777467394522,-1.467883854522311e-06,3.445519737571422e-05,1.8326374138505605e-07,-3.233916097760937e-05,3.643248813703263e-06
1789477510,292797995,body,0.525302310790284,-1.6218463698556467e-06,3.081231402980629e-05,1.2526166397442826e-07,-0.00010967342772716984,3.650979048966078e-06
1789477510,298049146,body,0.5253250259448919,-1.779517725004043e-06,2.5439751282858185e-05,7.018671782586983e-08,-0.00017790762058286736,3.6506893522143302e-06
1789477510,303178611,body,0.5253441182875112,-1.939302567312847e-06,1.8571272345401445e-05,1.8494206634587353e-08,-0.0002370552371138507,3.6425780126020942e-06
1789477510,308319417,body,0.5253580370546227,-2.099690308919928e-06,1.043776064332929e-05,-2.944125805714077e-08,-0.0002872423565679442,3.6268891577329257e-06
1789477510,313436351,body,0.5253654527735262,-2.2592662248720543e-06,1.2645830439340014e-06,-7.332354504891302e-08,-0.0003286953387934304,3.6039071141244953e-06
1789477510,318542007,body,0.5253652528052101,-2.416720613157611e-06,-8.730735590995189e-06,-1.1293247660582278e-07,-0.00036172843922942753,3.573950577858606e-06
1789477510,323712438,body,0.525356534593099,-2.5708556088745464e-06,-1.934052624804465e-05,-1.4811935617501315e-07,-0.0003867315018761318,3.537367100676131e-06
1789477510,328836323,body,0.5253385969217772,-2.720590461083509e-06,-3.0368680810913685e-05,-1.788036992228997e-07,-0.00040415787805837274,3.4945268268101305e-06
1789477510,333976043,body,0.5253109294836144,-2.8649646721764106e-06,-4.1632054841605565e-05,-2.049675980413144e-07,-0.0004145126989259932,3.4458176054585522e-06
1789477510,339089659,body,0.5252732010455328,-3.0031393186366022e-06,-5.296157748991092e-05,-2.2665140143845147e-07,-0.00041834161567554166,3.3916405874032853e-06
1789477510,344244533,body,0.5252252464987267,-3.134397193490754e-06,-6.420308076205122e-05,-2.4394771395574743e-07,-0.0004162201036563099,3.332404640169055e-06
1789477510,349421020,body,0.5251670530583001,-3.2581409055805346e-06,-7.5217862921706e-05,-2.56995968147583e-07,-0.000408743410465322,3.26852209082816e-06
1789477510,354757037,body,0.5250987458678158,-3.373890226169164e-06,-8.588300275567079e-05,-2.6597681184088855e-07,-0.0003965172128192278,3.200404974705256e-06
1789477510,359826545,body,0.5250205732461843,-3.4812778480720483e-06,-9.609144339313257e-05,-2.7110631181826756e-07,-0.0003801490316410678,3.128461658798674e-06
1789477510,364826676,body,0.5249328917950444,-3.5800442726457573e-06,-0.00010575186549514316,-2.7263006451773724e-07,-0.0003602404409409594,3.0530929748928144e-06
1789477510,369914806,body,0.5248361515675688,-3.6700318122062023e-06,-0.00011478837090225445,-2.708178766183582e-07,-0.0003373800929026337,2.9746895488204474e-06
1789477510,375359742,body,0.5247308814784987,-3.7511780299911865e-06,-0.00012313999821753202,-2.659580602122211e-07,-0.00031213756809954005,2.893629515047936e-06
1789477510,383514456,body,0.5246176751153608,-3.823508266170559e-06,-0.00013076009234312347,-2.583526565010029e-07,-0.0002850580508372495,2.810276314863745e-06
1789477510,388931518,body,0.5244971770907573,-3.887127968740698e-06,-0.0001376155497134841,-2.483119906306427e-07,-0.00025665781638144837,2.724977074969368e-06
1789477510,394018676,body,0.5243700700551617,-3.9422148209996294e-06,-0.0001436859607889468,-2.3615048899980818e-07,-0.00022742051113465152,2.6380605867068013e-06
1789477510,399158818,body,0.5242370624704219,-3.989010317667114e-06,-0.00014896267071846125,-2.221822184698981e-07,-0.0001977941952259137,2.549837169091687e-06
1789477510,404184434,body,0.5240988772248487,-4.027811591421464e-06,-0.00015344777817226843,-2.0671720017633185e-07,-0.00016818911354768426,2.4605971785868523e-06
1789477510,409176774,body,0.5239562411519737,-4.058963392810665e-06,-0.0001571530913619753,-1.9005756981598296e-07,-0.0001389761531433653,2.370610807565936e-06
1789477510,414165413,body,0.523809875499298,-4.082849677692607e-06,-0.00016009905895993226,-1.7249474898720205e-07,-0.0001104859409792738,2.280128657913513e-06
1789477510,419253933,body,0.5236604873750247,-4.099886063503849e-06,-0.00016231369229208198,-1.543066437971871e-07,-8.300853287477783e-05,2.1893802005654385e-06
1789477510,424328696,body,0.5235087621875381,-4.110512229169821e-06,-0.00016383149377521006,-1.3575536633767698e-07,-5.679364085410183e-05,2.0985754913636196e-06
1789477510,429475181,body,0.5233553570775146,-4.115184692872712e-06,-0.00016469240483696628,-1.1708542406539966e-07,-3.20513449229347e-05,2.0079050850536316e-06
1789477510,434562400,body,0.5232008953309599,-4.114370265798412e-06,-0.00016494078526859177,-9.852194567344733e-08,-8.953234084050785e-06,1.9175404176559426e-06
1789477510,439655737,body,0.5230459617487988,-4.108539630520193e-06,-0.00016462443408940007,-8.026979594999166e-08,1.2366078156407893e-05,1.8276354681015832e-06
1789477510,444732462,body,0.5228910989411754,-4.098161789388015e-06,-0.00016379366066328623,-6.25127620120231e-08,3.180711930878914e-05,1.738326311488199e-06
1789477510,449900390,body,0.5227368045028058,-4.083698822747846e-06,-0.00016250041314713138,-4.5412957141382796e-08,4.930345696165239e-05,1.6497340074732403e-06
1789477510,455199822,body,0.5225835290243086,-4.065601231897684e-06,-0.00016079746993220894,-2.911072530094226e-08,6.481938370469282e-05,1.5619637085434052e-06
1789477510,460397529,body,0.5224316748807979,-4.04430388974157e-06,-0.00015873769835131075,-1.3724925351376229e-08,7.834743747757823e-05,1.4751066627846658e-06
1789477510,465499980,body,0.52228159574163,-4.020222642542421e-06,-0.00015637338358621042,6.467923988448993e-10,8.990580333144064e-05,1.3892421655652034e-06
1789477510,470617507,body,0.5221335967370615,-3.993751196159909e-06,-0.00015375562950986738,1.3927396880526627e-08,9.95356418522829e-05,1.3044373697476322e-06
1789477510,478693412,body,0.521987935219107,-3.965258846093368e-06,-0.00015093383217027712,2.6059472189760186e-08,0.00010729838318855523,1.220749464209487e-06
1789477510,484571242,body,0.5218448220480353,-3.935088626072033e-06,-0.00014795522536896537,3.700439454148471e-08,0.00011327302537976292,1.1382261958486552e-06
1789477510,489746434,body,0.5217044233396663,-3.903555790686754e-06,-0.00014486449729144972,4.674102337162376e-08,0.0001175534693679577,1.056907243373265e-06
1789477510,494817643,body,0.521566862608251,-3.870947088957751e-06,-0.0001417034759417717,5.526448378543377e-08,0.00012024592132653901,9.768254112192681e-07
1789477510,500035754,body,0.5214322232379774,-3.837520173738362e-06,-0.00013851088078047525,6.258480101018988e-08,0.00012146638826116965,8.980079190384726e-07
1789477510,505340681,body,0.5213005512240616,-3.8035036421776533e-06,-0.0001353221372007449,6.872547761730399e-08,0.00012133828886960805,8.204762601573382e-07
1789477510,510820045,body,0.521171858120593,-3.7690972285561052e-06,-0.0001321692501111177,7.372210214439731e-08,0.0001199902002396411,7.442488367129165e-07
1789477510,516118402,body,0.5210461241395778,-3.734472706266137e-06,-0.00012908073243271648,7.762054724311582e-08,0.00011755375321142675,6.693400988742063e-07
1789477510,521336494,body,0.5209233013483996,-3.6997744888457018e-06,-0.00012608158419405929,8.047576811916722e-08,0.00011416169122468718,5.957621785068203e-07
1789477510,526466280,body,0.5208033169150783,-3.6651211371163508e-06,-0.00012319331742016655,8.235031451275413e-08,0.00010994609955184097,5.235265085286611e-07
1789477510,531656753,body,0.5206860763573938,-3.6306066769602437e-06,-0.00012043402228724976,8.331283733141431e-08,0.00010503681177158798,4.5264227480084186e-07
1789477510,536780850,body,0.5205714667533142,-3.5963020647302394e-06,-0.00011781846954317099,8.34365682326887e-08,9.955999619414809e-05,3.831186150241371e-07
1789477510,541996355,body,0.5204593598777467,-3.562257117422829e-06,-0.0001153582445747237,8.27981561668345e-08,9.363692323063579e-05,3.1496366335604745e-07
1789477510,547271816,body,0.5203496152315396,-3.528502288337247e-06,-0.00011306190832118417,8.147647255013777e-08,8.738291139844086e-05,2.4818711554996893e-07
1789477510,552778516,body,0.5202420829368447,-3.4950505809366004e-06,-0.00011093518046954173,7.955122712006332e-08,8.090644849204935e-05,1.8279869853039418e-07
1789477510,557940117,body,0.520136606473863,-3.4618995148881043e-06,-0.00010898114054239553,7.71020983512807e-08,7.430848216168317e-05,1.1880880582342839e-07
1789477510,562983503,body,0.5200330252405381,-3.4290331280543456e-06,-0.00010720044262227973,7.420777799805552e-08,6.768187267110028e-05,5.6228520159635084e-08
1789477510,568009156,body,0.5199311769196714,-3.396423944089243e-06,-0.00010559153978869805,7.094481262829334e-08,6.111099896718449e-05,-4.9293025053446045e-09
1789477510,574353436,body,0.5198308996421976,-3.3640348673562128e-06,-0.00010415091446052661,6.738724922258362e-08,5.467150901191864e-05,-6.465109641405573e-08
1789477510,582126297,body,0.5197320339385905,-3.331821031612856e-06,-0.00010287331136946037,6.360561598180627e-08,4.8430203015821766e-05,-1.2292228477435182e-07
1789477510,587305281,body,0.5196344244754104,-3.299731750342361e-06,-0.0001017519698074973,5.966659007916351e-08,4.24450390990061e-05,-1.797270931097184e-07
1789477510,592404712,body,0.5195379215733027,-3.2677120779564765e-06,-0.00010077885255619708,5.563243304383192e-08,3.6765248859843714e-05,-2.3504844581980132e-07
1789477510,597500430,body,0.5194423825108087,-3.2357043780261612e-06,-9.994486878489649e-05,5.156059308010783e-08,3.143155152259239e-05,-2.8886902188001177e-07
1789477510,602574358,body,0.5193476726169781,-3.2036499680731185e-06,-9.924008881060776e-05,4.7503588412628653e-08,2.647645463574945e-05,-3.4117031667575744e-07
1789477510,607659235,body,0.5192536661573591,-3.171490274213839e-06,-9.86539488405748e-05,4.350848216523088e-08,2.192462861355888e-05,-3.919333457494529e-07
1789477510,612869377,body,0.5191602470264786,-3.139168283518821e-06,-9.817544400408182e-05,3.9617306037434987e-08,1.7793344360422407e-05,-4.41138767076296e-07
1789477510,618143363,body,0.5190673092511054,-3.106629421102915e-06,-9.779330850104668e-05,3.586647173619775e-08,1.4092961388187094e-05,-4.887674449246109e-07
1789477510,623279710,body,0.5189747573206802,-3.073822621346519e-06,-9.749618176064392e-05,3.228731319250643e-08,1.0827456744204703e-05,-5.34800118099056e-07
1789477510,628472094,body,0.5188825063541036,-3.040701124735688e-06,-9.727275993797301e-05,2.890573399998009e-08,7.994982789550423e-06,-5.792176685639358e-07
1789477510,633519502,body,0.5187904821179907,-3.007223102414087e-06,-9.711193216733678e-05,2.5742725380044668e-08,5.588445836190273e-06,-6.220015668449228e-07
1789477510,638689507,body,0.518698620909708,-2.9733523857500584e-06,-9.7002901441307e-05,2.28143513399161e-08,3.596094352006248e-06,-6.631342451178958e-07
1789477510,643856312,body,0.5186068693197948,-2.9390586016514937e-06,-9.693528993109666e-05,2.0132209145405492e-08,2.0021104565343305e-06,-7.025990396681508e-07
1789477510,649161847,body,0.5185151838881262,-2.9043177223300472e-06,-9.68992290630097e-05,1.770345005408056e-08,7.871953548791591e-07,-7.40380284217178e-07
1789477510,654577695,body,0.5184235306681646,-2.8691121945349917e-06,-9.68854345226815e-05,1.5531388174848498e-08,-7.085683795229097e-08,-7.764640961947974e-07
1789477510,659714026,body,0.5183318847136577,-2.833430887100376e-06,-9.688526681706855e-05,1.361534349918493e-08,-5.9660411546181e-07,-8.108378338583664e-07
1789477510,664952153,body,0.518240229501459,-2.7972693209313906e-06,-9.689077793562373e-05,1.1951798992296664e-08,-8.164239690163087e-07,-8.434904974699035e-07
1789477510,670106063,body,0.5181485563043629,-2.7606293085794687e-06,-9.689474486954346e-05,1.0534027456138085e-08,-7.580099905496539e-07,-8.744135708002315e-07
1789477510,678419058,body,0.5180568635252143,-2.723518931214622e-06,-9.689069082959394e-05,9.35272232670663e-09,-4.4989879763111266e-07,-9.035999944075995e-07
1789477510,684165041,body,0.5179651560062954,-2.685952298248056e-06,-9.687289506736306e-05,8.396256877558314e-09,7.89676008877609e-08,-9.310450128657352e-07
1789477510,689425496,body,0.5178734443230807,-2.6479490689498723e-06,-9.683639226148701e-05,7.651371873241337e-09,7.996437422632073e-07,-9.567464514545333e-07
1789477510,694581323,body,0.5177817440739063,-2.609534301205525e-06,-9.6776962475961e-05,7.1031970775400396e-09,1.6835437427756608e-06,-9.807040933796327e-07
1789477510,699893142,body,0.5176900751746887,-2.570737816306525e-06,-9.669111270168994e-05,6.735494227323851e-09,2.7027651498009576e-06,-1.002920198359962e-06
1789477510,705236501,body,0.5175984611665032,-2.5315940051778365e-06,-9.657605107866376e-05,6.531397252038639e-09,3.830374194734734e-06,-1.023399615009203e-06
1789477510,710450883,body,0.517506928544056,-2.4921411435182106e-06,-9.642965467718068e-05,6.473424041624478e-09,5.040650754829351e-06,-1.0421495488396207e-06
1789477510,715866538,body,0.517415506111298,-2.452420931858787e-06,-9.625043208880317e-05,6.543712124028443e-09,6.309295233256139e-06,-1.059179806610298e-06
1789477510,721354078,body,0.5173242243692661,-2.4124781466752063e-06,-9.603748153996365e-05,6.724329745840905e-09,7.613598009113437e-06,-1.07450263657109e-06
1789477510,726619706,body,0.5172331149419712,-2.3723600956623663e-06,-9.579044566712965e-05,6.9977422408042494e-09,8.932572715270482e-06,-1.088132415534738e-06
1789477510,731893412,body,0.5171422100417977,-2.3321158915428137e-06,-9.550946377763303e-05,7.346707255510643e-09,1.0247054787309484e-05,-1.1000864970783811e-06
1789477510,737113085,body,0.517051541980161,-2.2917962811776205e-06,-9.519512239506255e-05,7.754618934577946e-09,1.1539768554298e-05,-1.1103840159456068e-06
1789477510,742486634,body,0.5169611427222582,-2.251453016974598e-06,-9.484840496709185e-05,8.2054961360563e-09,1.2795363665220539e-05,-1.1190467706830474e-06
1789477510,747880300,body,0.516871043489565,-2.211138413166008e-06,-9.447064138651488e-05,8.684379527148717e-09,1.4000423948539748e-05,-1.126098613136082e-06
1789477510,753330509,body,0.516781274409656,-2.1709049247850457e-06,-9.406345793030031e-05,9.177408647162478e-09,1.5143451692571513e-05,-1.1315656127877066e-06
1789477510,758528859,body,0.5166918642129206,-2.1308047443821515e-06,-9.36287283727059e-05,9.671572645724835e-09,1.6214828665529334e-05,-1.135475724734383e-06
1789477510,763754551,body,0.5166028399760669,-2.090889463231413e-06,-9.316852657201485e-05,1.0155229191640388e-08,1.720675775112258e-05,-1.137858709890675e-06
1789477510,769033662,body,0.5165142269109239,-2.0512095980650464e-06,-9.26850811238385e-05,1.0617854959819187e-08,1.8113186946005576e-05,-1.138746535706083e-06
1789477510,776480975,body,0.5164260481970462,-2.011814464909892e-06,-9.218073240113818e-05,1.1050238380840131e-08,1.8929719456142033e-05,-1.1381723248285724e-06
1789477510,783290711,body,0.5163383248553529,-1.9727518041475286e-06,-9.165789232458967e-05,1.1444194439825124e-08,1.9653510494905083e-05,-1.13617139640662e-06
1789477510,788729141,body,0.5162510756618047,-1.9340674427298786e-06,-9.111900701788518e-05,1.1793110615127511e-08,2.0283155341524e-05,-1.1327798329258475e-06
1789477510,794018775,body,0.5161643170972461,-1.8958052573187974e-06,-9.056652269796943e-05,1.2091346428819242e-08,2.081856974229272e-05,-1.1280355569498723e-06
1789477510,799321295,body,0.5160780633306075,-1.8580068484617461e-06,-9.000285475312085e-05,1.2334510631005276e-08,2.1260865044911702e-05,-1.1219774862994483e-06
1789477510,804601088,body,0.5159923262333346,-1.8207115424145796e-06,-8.943036019681999e-05,1.2519314092794182e-08,2.1612220314102556e-05,-1.1146455739645263e-06
1789477510,810042453,body,0.5159071154212788,-1.7839560438860696e-06,-8.885131349264618e-05,1.2643542642618993e-08,2.187575329039006e-05,-1.1060809135507948e-06
1789477510,815333469,body,0.5158224383209944,-1.7477746436442184e-06,-8.826788573231971e-05,1.2706074528790253e-08,2.2055391740800536e-05,-1.096325233004159e-06
1789477510,820520971,body,0.5157383002571028,-1.7121989539422088e-06,-8.768212706910584e-05,1.270668463190637e-08,2.215574726978411e-05,-1.0854209500523293e-06
1789477510,825768982,body,0.5156547045584137,-1.6772579089684193e-06,-8.709595240903938e-05,1.2645815430777296e-08,2.2181991765827306e-05,-1.0734112265287972e-06
1789477510,831162078,body,0.5155716526781857,-1.6429777907501947e-06,-8.65111301022649e-05,1.2524987607131176e-08,2.2139739765571797e-05,-1.0603396686999628e-06
1789477510,836358806,body,0.5154891443276733,-1.6093822933335366e-06,-8.5929273614984e-05,1.2346189250543789e-08,2.2034935458616164e-05,-1.0462502182892057e-06
1789477510,841708687,body,0.5154071776179519,-1.5764924525265028e-06,-8.535183590101441e-05,1.2112124391021222e-08,2.187374679668267e-05,-1.0311871969325762e-06
1789477510,847073145,body,0.5153257492092364,-1.5443267789821533e-06,-8.478010634505142e-05,1.1825977612559286e-08,2.1662466841416304e-05,-1.0151949952407723e-06
1789477510,852580856,body,0.5152448544637551,-1.5129013141534731e-06,-8.421521004272306e-05,1.149137405990561e-08,2.1407423051394467e-05,-9.98317960641912e-07
1789477510,857836029,body,0.5151644876005043,-1.4822296916015645e-06,-8.365810924097513e-05,1.11122349792547e-08,2.1114894166374273e-05,-9.806008758380937e-07
1789477510,863339634,body,0.5150846418503219,-1.4523232663724276e-06,-8.310960661670317e-05,1.0692942281143487e-08,2.0791036737196643e-05,-9.620880373482781e-07
1789477510,868674401,body,0.515005309607836,-1.423191193942831e-06,-8.257035031357156e-05,1.02378144261483e-08,2.044181906417495e-05,-9.428238304641547e-07
1789477510,874490083,body,0.5149264825804284,-1.3948405901489965e-06,-8.204084042106337e-05,9.751486293392129e-09,2.007296441139905e-05,-9.228523407553915e-07
1789477510,883338885,body,0.5148481519310154,-1.3672765467010234e-06,-8.152143666003407e-05,9.23863400359044e-09,1.9689902616572014e-05,-9.022170953121576e-07
1789477510,889026712,body,0.5147703084147545,-1.340502397464902e-06,-8.101236711992192e-05,8.703857202155696e-09,1.929772983431068e-05,-8.809616688919553e-07
1789477510,894239450,body,0.5146929425073657,-1.31451975204787e-06,-8.051373782735856e-05,8.15181699865189e-09,1.890117662167628e-05,-8.591290600017479e-07
1789477510,899674260,body,0.5146160445257453,-1.2893286095607184e-06,-8.002554289295529e-05,7.586918573561236e-09,1.85045830880611e-05,-8.367616786058655e-07
1789477510,904934267,body,0.5145396047387,-1.2649275833212425e-06,-7.954767512859574e-05,7.013573281025503e-09,1.8111881916533586e-05,-8.139015193799801e-07
1789477510,910190029,body,0.5144636134671327,-1.2413139121095325e-06,-7.9079936904401e-05,6.435910119547232e-09,1.7726587762333822e-05,-7.90590170523199e-07
1789477510,915609028,body,0.5143880611757708,-1.2184835904329796e-06,-7.86220510992686e-05,5.857915858930875e-09,1.7351793038452778e-05,-7.668683286228789e-07
1789477510,920984201,body,0.5143129385533137,-1.1964316717492027e-06,-7.817367201852087e-05,5.2831219558344755e-09,1.6990169041410733e-05,-7.427763237181708e-07
1789477510,926402246,body,0.5142382365824554,-1.1751520526193491e-06,-7.773439612632374e-05,4.715159901058884e-09,1.6643973197677162e-05,-7.183535798610229e-07
1789477510,931675842,body,0.5141639466000288,-1.154637836226169e-06,-7.730377245073355e-05,4.156930735738532e-09,1.6315059355432274e-05,-6.936392244401966e-07
1789477510,937146867,body,0.5140900603467082,-1.1348813493743876e-06,-7.688131263324756e-05,3.611524640985363e-09,1.600489368075857e-05,-6.68671055886854e-07
1789477510,942480744,body,0.5140165700072592,-1.1158742398908614e-06,-7.64665004675858e-05,3.081294860478058e-09,1.5714572653221994e-05,-6.434865604319022e-07
1789477510,947968672,body,0.5139434682417654,-1.0976075656609206e-06,-7.605880086041186e-05,2.5685040005068694e-09,1.544484491952219e-05,-6.181225458830768e-07
1789477510,953454859,body,0.5138707482072286,-1.0800718143765458e-06,-7.565766820867132e-05,2.0750976915338868e-09,1.5196134676998377e-05,-5.926147263546237e-07
1789477510,958859347,body,0.513798403572062,-1.063257115103306e-06,-7.526255407333833e-05,1.602680097248838e-09,1.4968567534058474e-05,-5.669982063240697e-07
1789477510,964011657,body,0.5137264285221288,-1.0471531301630421e-06,-7.487291418937945e-05,1.152529565793264e-09,1.4761997092249432e-05,-5.413071320307805e-07
1789477510,969324564,body,0.5136548177602448,-1.0317492770354336e-06,-7.448821473058224e-05,7.257606775593222e-10,1.457603292276354e-05,-5.155749823952994e-07
1789477510,974577359,body,0.5135835664991425,-1.017034601791147e-06,-7.410793785603044e-05,3.230756230061648e-10,1.4410068483003711e-05,-4.898343036264493e-07
1789477510,982734155,body,0.513512670448859,-1.0029980105633815e-06,-7.373158652181084e-05,-5.502490676021309e-11,1.4263309362863706e-05,-4.6411694686072427e-07
1789477510,989052187,body,0.513442125799788,-9.896282274526782e-07,-7.335868856791936e-05,-4.082061112253171e-10,1.4134801180215712e-05,-4.384536529512929e-07
1789477510,994321956,body,0.5133719292002987,-9.769136882947916e-07,-7.298880015209508e-05,-7.365101294399828e-10,1.4023456608151232e-05,-4.128744743121905e-07
1789477510,999533996,body,0.513302077732044,-9.648428630538304e-07,-7.262150839122028e-05,-1.040027415720769e-09,1.3928081821627845e-05,-3.8740868506579185e-07
1789477511,4832756,body,0.5132325688815014,-9.534039848992023e-07,-7.225643350895521e-05,-1.3190876359167754e-09,1.3847401534094965e-05,-3.6208436578267377e-07
1789477511,10115477,body,0.513163400509813,-9.425852843161368e-07,-7.189323022214659e-05,-1.5743064839692784e-09,1.3780082551985396e-05,-3.3692914288471426e-07
1789477511,15366220,body,0.5130945708203472,-9.323748011120257e-07,-7.153158865965946e-05,-1.8061858532200934e-09,1.3724756288939314e-05,-3.119693316414338e-07
1789477511,20561370,body,0.5130260783259434,-9.227606202393444e-07,-7.117123472936374e-05,-2.0155048358862984e-09,1.3680039057338685e-05,-2.872307254592207e-07
1789477511,25750102,body,0.5129579218147711,-9.137306836825948e-07,-7.081192995702517e-05,-2.2032840664955157e-09,1.3644550754478666e-05,-2.6273780985461694e-07
1789477511,31059847,body,0.5128901003165072,-9.052728915455749e-07,-7.04534709609577e-05,-2.3703240812018803e-09,1.361693220757903e-05,-2.3851460632309364e-07
1789477511,36326667,body,0.5128226130689064,-8.973750882639928e-07,-7.009568847861183e-05,-2.517731519740211e-09,1.3595859568928388e-05,-2.1458430252734574e-07
1789477511,41664508,body,0.512755459484654,-8.900250220692265e-07,-6.973844611413056e-05,-2.646543762864234e-09,1.3580058192580148e-05,-1.9096856292897917e-07
1789477511,46996768,body,0.5126886391197822,-8.832104339251778e-07,-6.938163873576368e-05,-2.757906842753329e-09,1.3568313326896017e-05,-1.6768871336145268e-07
1789477511,52550221,body,0.5126221516431182,-8.769189203327915e-07,-6.90251906788274e-05,-2.852977592428138e-09,1.355948002328456e-05,-1.4476486064488023e-07
1789477511,58061243,body,0.5125559968072934,-8.711380290350418e-07,-6.866905375482034e-05,-2.9327905708225157e-09,1.3552490692392762e-05,-1.2221650767755113e-07
1789477511,63321055,body,0.5124901744220638,-8.65855292123366e-07,-6.831320505261678e-05,-2.9985332845566664e-09,1.3546360879474038e-05,-1.0006187614475998e-07
1789477511,68655785,body,0.5124246843287296,-8.610580917192249e-07,-6.795764470541252e-05,-3.051370992482158e-09,1.354019397840015e-05,-7.831889354340864e-08
1789477511,73926558,body,0.5123595263776487,-8.567337008877598e-07,-6.760239352325312e-05,-3.0922688283048456e-09,1.3533183975024345e-05,-5.7003899807794235e-08
1789477511,80063062,body,0.5122947004072034,-8.528693591026866e-07,-6.724749063105366e-05,-3.122373947494353e-09,1.3524616794981727e-05,-3.6132724149579713e-08
1789477511,88436847,body,0.5122302062252561,-8.494522261275466e-07,-6.68929910893161e-05,-3.142666838107556e-09,1.351387055239654e-05,-1.5720229935711187e-08
1789477511,93976820,body,0.5121660435931273,-8.464692604963193e-07,-6.653896354375857e-05,-3.1540790467399795e-09,1.3500414599516439e-05,4.219516581574206e-09
1789477511,99386582,body,0.5121022122112784,-8.439074438954708e-07,-6.618548792493366e-05,-3.157537529251738e-09,1.3483807312931588e-05,2.367357490004657e-08
1789477511,104733071,body,0.5120387117077294,-8.417535908166684e-07,-6.583265323392156e-05,-3.1538825456861893e-09,1.3463693252519431e-05,4.2629890443854254e-08
1789477511,110492407,body,0.5119755416281843,-8.39994460239493e-07,-6.548055542836742e-05,-3.143781130857501e-09,1.3439799406663434e-05,6.107695037858793e-08
1789477511,116163172,body,0.5119127014285683,-8.38616667120986e-07,-6.512929542043033e-05,-3.1281577617683914e-09,1.3411930463816034e-05,7.900429106740208e-08
1789477511,121956028,body,0.511850190469595,-8.376068045519544e-07,-6.477897720579353e-05,-3.1075282416883417e-09,1.3379964369386322e-05,9.640240135391288e-08
1789477511,127671239,body,0.511788008012537,-8.369512634547776e-07,-6.442970610855276e-05,-3.0825503704051734e-09,1.3343846210634817e-05,1.1326270490589095e-07
1789477511,133643751,body,0.5117261532172016,-8.366365698932515e-07,-6.408158726309156e-05,-3.0536331893986524e-09,1.3303583007497633e-05,1.2957731034132125e-07
1789477511,139450530,body,0.5116646251421092,-8.366489262416832e-07,-6.373472409559995e-05,-3.021416568151147e-09,1.3259237359900135e-05,1.4533913788604095e-07
1789477511,145161973,body,0.5116034227442795,-8.369746510449474e-07,-6.338921714327889e-05,-2.9862471612453906e-09,1.321092157578256e-05,1.6054198366846093e-07
1789477511,151298439,body,0.511542544882465,-8.375999887332281e-07,-6.304516288988121e-05,-2.948442631787968e-09,1.3158791353931211e-05,1.7518053864462651e-07
1789477511,157291686,body,0.5114819903200283,-8.385110475768136e-07,-6.270265281843741e-05,-2.9083449720846696e-09,1.3103039749917365e-05,1.8925019432002283e-07
1789477511,163383226,body,0.5114217577291709,-8.396940216484674e-07,-6.23617726467631e-05,-2.8662005305670538e-09,1.3043891187555481e-05,2.027473824564686e-07
1789477511,169427101,body,0.5113618456967234,-8.411350893271798e-07,-6.202260162777524e-05,-2.8222400324565398e-09,1.2981595477017105e-05,2.156690832591486e-07
1789477511,175388474,body,0.5113022527288705,-8.428203008123383e-07,-6.168521209699715e-05,-2.7766096915301705e-09,1.2916422497976422e-05,2.2801309070816213e-07
1789477511,181380744,body,0.5112429772587548,-8.447358750911561e-07,-6.134966906117488e-05,-2.729464457214422e-09,1.2848656619629479e-05,2.397780481036668e-07
1789477511,187400935,body,0.511184017652657,-8.468679828839015e-07,-6.1016029977538985e-05,-2.6808814678401153e-09,1.2778592021103682e-05,2.5096314495995746e-07
1789477511,196816370,body,0.5111253722171029,-8.49202853493213e-07,-6.068434463001308e-05,-2.63102204694381e-09,1.2706527688787557e-05,2.6156862773807087e-07
1789477511,203696940,body,0.5110670392064652,-8.517268143871567e-07,-6.035465510492656e-05,-2.5798187160268013e-09,1.2632763523901585e-05,2.7159525356045593e-07
1789477511,209795099,body,0.5110090168299273,-8.544262084434455e-07,-6.002699589927074e-05,-2.5273992823570237e-09,1.2557596191356227e-05,2.8104436911339966e-07
1789477511,215822560,body,0.5109513032591564,-8.572874819487767e-07,-5.970139405296541e-05,-2.4736515549722696e-09,1.2481316091083288e-05,2.8991833689558847e-07
1789477511,221810694,body,0.5108938966351966,-8.602973273859889e-07,-5.937786944612752e-05,-2.4186964108107903e-09,1.2404203755346173e-05,2.9821989914463345e-07
1789477511,227763464,body,0.5108367950757161,-8.634423510244866e-07,-5.90564350696441e-05,-2.3624680994160777e-09,1.2326527581671139e-05,3.0595235095804557e-07
1789477511,233775238,body,0.510779996681721,-8.667094828732032e-07,-5.8737097448562054e-05,-2.3050005852756e-09,1.224854157354649e-05,3.131200910145633e-07
1789477511,239965767,body,0.5107234995434184,-8.700856924168765e-07,-5.841985700257183e-05,-2.2461790500347154e-09,1.2170483526309854e-05,3.197275224102286e-07
1789477511,246141819,body,0.510667301747179,-8.735581972190502e-07,-5.8104708569529377e-05,-2.185986153383268e-09,1.2092573502822452e-05,3.25780267285499e-07
1789477511,252391742,body,0.5106114013801909,-8.771143791861965e-07,-5.779164183289674e-05,-2.1245644418372652e-09,1.201501261443154e-05,3.312838057021952e-07
1789477511,258524010,body,0.5105557965362155,-8.80741755710667e-07,-5.7480641855684025e-05,-2.061725443070469e-09,1.1937982579114934e-05,3.3624458134167895e-07
1789477511,264322725,body,0.51050048532017,-8.844282820169598e-07,-5.717168958216859e-05,-1.9974892801131595e-09,1.1861645049786104e-05,3.406697551278401e-07
1789477511,270518009,body,0.51044546585168,-8.881618560633366e-07,-5.686476237133315e-05,-1.931909364204022e-09,1.17861415698886e-05,3.44566584582181e-07
1789477511,276539129,body,0.5103907362700183,-8.919308081900452e-07,-5.65598344828108e-05,-1.8648990932769996e-09,1.1711593685533096e-05,3.4794307549559513e-07
1789477511,282643270,body,0.5103362947359513,-8.95723688674563e-07,-5.6256877602496145e-05,-1.7965206327203593e-09,1.1638103277444306e-05,3.5080726921366056e-07
1789477511,288611772,body,0.5102821394355769,-8.995292186829408e-07,-5.5955861332507646e-05,-1.7268137479967275e-09,1.1565753082775265e-05,3.53168424995258e-07
1789477511,294637807,body,0.5102282685816378,-9.033365837811849e-07,-5.5656753634582505e-05,-1.6557849620751766e-09,1.1494607538870209e-05,3.550354779109068e-07
1789477511,300617354,body,0.5101746804160807,-9.07135077360715e-07,-5.535952131595958e-05,-1.5834584672251493e-09,1.1424713809116058e-05,3.5641801584739056e-07
1789477511,308318411,body,0.5101213732108727,-9.109143830357878e-07,-5.506413040008392e-05,-1.5099183210144209e-09,1.135610262337506e-05,3.5732625953040903e-07
1789477511,317230582,body,0.5100683452690666,-9.146644013834757e-07,-5.477054656622659e-05,-1.435168692049582e-09,1.1288789397099584e-05,3.577702609205585e-07
1789477511,323518762,body,0.5100155949256185,-9.183754090117511e-07,-5.447873545695308e-05,-1.3593757548623486e-09,1.1222775745660031e-05,3.577607448014406e-07
1789477511,329695026,body,0.5099631205470688,-9.220380392136634e-07,-5.418866303876018e-05,-1.2825080422831557e-09,1.1158050607907243e-05,3.5730873013524095e-07
1789477511,335783023,body,0.5099109205320375,-9.256431049548442e-07,-5.3900295865506135e-05,-1.2046917056742229e-09,1.1094591441878148e-05,3.5642561671733405e-07
1789477511,341890900,body,0.5098589933101607,-9.29181863168942e-07,-5.361360135570633e-05,-1.126081804381884e-09,1.1032365758002138e-05,3.551227277431961e-07
1789477511,348158336,body,0.5098073373417338,-9.326458556507064e-07,-5.332854799269377e-05,-1.0467911796529598e-09,1.0971332400314805e-05,3.5341177275995416e-07
1789477511,354497233,body,0.509755951117001,-9.360269563777976e-07,-5.304510552990918e-05,-9.668282714212764e-10,1.0911442994181192e-05,3.513049320335012e-07
1789477511,360628040,body,0.509704833154451,-9.393173444324607e-07,-5.276324511749017e-05,-8.86388073853391e-10,1.0852642935501615e-05,3.488143769778459e-07
1789477511,366712294,body,0.5096539820002833,-9.42509585176939e-07,-5.248293946173723e-05,-8.055434840462591e-10,1.0794872890630164e-05,3.459523356094813e-07
1789477511,372803761,body,0.5096033962261697,-9.455965131471282e-07,-5.220416287702894e-05,-7.244517679139844e-10,1.073806987106429e-05,3.4273132794685985e-07
1789477511,378956252,body,0.5095530744286866,-9.485713724594903e-07,-5.1926891390104156e-05,-6.432835076012035e-10,1.068216840806354e-05,3.3916416377860665e-07
1789477511,385004603,body,0.5095030152267567,-9.514276914996821e-07,-5.1651102719906525e-05,-5.6209386551022e-10,1.0627101506331347e-05,3.3526362289940093e-07
1789477511,391056980,body,0.5094532172609384,-9.541593471571766e-07,-5.1376776363411036e-05,-4.811001219924527e-10,1.0572801720930015e-05,3.310425739463623e-07
1789477511,397002599,body,0.5094036791911525,-9.56760525280128e-07,-5.110389351590828e-05,-4.003064035269128e-10,1.0519201984400163e-05,3.26514084253642e-07
1789477511,403052758,body,0.5093543996950824,-9.592258121258559e-07,-5.083243708271218e-05,-3.19943396936007e-10,1.0466236292873022e-05,3.216909836016491e-07
1789477511,408985907,body,0.5093053774670034,-9.615500003481485e-07,-5.056239161445632e-05,-2.401795934308508e-10,1.0413840529860667e-05,3.1658651254318635e-07
1789477511,414998285,body,0.5092566112155784,-9.637283440281544e-07,-5.029374324322067e-05,-1.6103698725822076e-10,1.0361953129055581e-05,3.1121381945995464e-07
1789477511,421056861,body,0.5092080996628642,-9.657563101324997e-07,-5.002647962016935e-05,-8.265307186815422e-11,1.031051537076558e-05,3.0558606607304976e-07
1789477511,430767889,body,0.5091598415423925,-9.67629779355516e-07,-4.976058980707663e-05,-5.212026295375832e-12,1.0259472058033694e-05,2.997162864340308e-07
1789477511,437343221,body,0.5091118355981044,-9.693448360505422e-07,-4.9496064186704923e-05,7.116634574894025e-11,1.0208771654306935e-05,2.936176433699781e-07
1789477511,443606818,body,0.5090640805827159,-9.7089802578807e-07,-4.923289437535525e-05,1.4637774855782386e-10,1.0158366721980345e-05,2.8730330636624494e-07
1789477511,449710906,body,0.5090165752571497,-9.722860222824604e-07,-4.897107308819005e-05,2.2038221970508543e-10,1.01082140400711e-05,2.807862772543787e-07
1789477511,456053982,body,0.5089693183882974,-9.735059527904137e-07,-4.8710594043310466e-05,2.9305092736047167e-10,1.0058274822940607e-05,2.7407943797403426e-07
1789477511,462281173,body,0.5089223087493024,-9.745551572265763e-07,-4.845145183763049e-05,3.6420393105281137e-10,1.0008514444952435e-05,2.671956349442604e-07
1789477511,468561375,body,0.5088755451179271,-9.754313262213796e-07,-4.819364186461524e-05,4.3390997574944367e-10,9.958902972279163e-06,2.601479110570052e-07
1789477511,474810575,body,0.5088290262757352,-9.761323540258831e-07,-4.7937160160319914e-05,5.02031196287107e-10,9.909414583352631e-06,2.529487707750875e-07
1789477511,480957682,body,0.5087827510076655,-9.766564941283183e-07,-4.768200332781813e-05,5.683364156085459e-10,9.860027720972926e-06,2.456105575913516e-07
1789477511,487007267,body,0.5087367181015338,-9.770022756604257e-07,-4.742816841230236e-05,6.329497772383395e-10,9.810725113404851e-06,2.3814617561017963e-07
1789477511,492966337,body,0.5086909263472171,-9.771684520246676e-07,-4.717565281441669e-05,6.957199243757268e-10,9.761493058275002e-06,2.305675630803431e-07
1789477511,498918727,body,0.5086453745365463,-9.771540624809304e-07,-4.6924454203001714e-05,7.565976593474393e-10,9.712321712349285e-06,2.2288699019224344e-07
1789477511,505131369,body,0.5086000614628442,-9.769583619208637e-07,-4.6674570406149046e-05,8.156447361036256e-10,9.663204722932322e-06,2.1511641625791005e-07
1789477511,511011518,body,0.5085549859211388,-9.765810263224314e-07,-4.642599933744559e-05,8.726652693080699e-10,9.614138721608758e-06,2.0726750308489409e-07
1789477511,517155739,body,0.5085101467072397,-9.76021747777403e-07,-4.617873894221457e-05,9.276587673364382e-10,9.565123408620477e-06,1.9935205900257178e-07
1789477511,522983023,body,0.5084655426188045,-9.752805935316278e-07,-4.593278710030533e-05,9.807001340261375e-10,9.51616099997412e-06,1.913813472102108e-07
1789477511,528903196,body,0.5084211724542003,-9.743578448839338e-07,-4.56881415954603e-05,1.0316843871458187e-09,9.46725604758614e-06,1.8336658763267288e-07
1789477511,534865044,body,0.5083770350134649,-9.732540410952413e-07,-4.544480004288172e-05,1.0805575419549486e-09,9.418414908591781e-06,1.7531863603433537e-07
1789477511,543245039,body,0.5083331290980566,-9.719698634674316e-07,-4.520275985074477e-05,1.1273743911397433e-09,9.36964606621175e-06,1.6724833484189655e-07
1789477511,551100309,body,0.5082894535111393,-9.705063059205871e-07,-4.496201819969968e-05,1.1721230550959436e-09,9.320959162729285e-06,1.5916625337609594e-07
1789477511,557497598,body,0.5082460070577598,-9.688644615148176e-07,-4.4722571991001116e-05,1.2147871442391445e-09,9.272365098319462e-06,1.5108260346625756e-07
1789477511,563423511,body,0.5082027885449901,-9.670457466122263e-07,-4.4484417826444514e-05,1.2554501336797545e-09,9.223875653557933e-06,1.4300733491573941e-07
1789477511,569605549,body,0.5081597967825664,-9.650516844804766e-07,-4.424755201396087e-05,1.2938646157056522e-09,9.175503180787999e-06,1.3495027433677057e-07
1789477511,575694977,body,0.5081170305828184,-9.628839969423099e-07,-4.4011970532762436e-05,1.3303382437896597e-09,9.127260620769609e-06,1.2692101401131342e-07
1789477511,581940729,body,0.5080744887611672,-9.605446997209985e-07,-4.3777669042441814e-05,1.3647633718022467e-09,9.07916091093483e-06,1.189287077379257e-07
1789477511,587922794,body,0.5080321701363729,-9.580357981713431e-07,-4.3544642858378714e-05,1.397205519037876e-09,9.031217261826177e-06,1.1098242269510876e-07
1789477511,593929292,body,0.5079900735308907,-9.553596329895442e-07,-4.331288700648901e-05,1.4275547235187316e-09,8.983442306674834e-06,1.0309085304923447e-07
1789477511,600052396,body,0.5079481977710838,-9.525185790820929e-07,-4.308239617789003e-05,1.4560229309019494e-09,8.935848806383661e-06,9.526237984230738e-08
1789477511,606499443,body,0.5079065416877204,-9.495153292837793e-07,-4.2853164770142935e-05,1.48254668839773e-09,8.888448776898112e-06,8.750501777836232e-08
1789477511,612833185,body,0.5078651041162946,-9.463525240989004e-07,-4.262518690273941e-05,1.5071335959216179e-09,8.841253627982102e-06,7.982689368490582e-08
1789477511,618887320,body,0.5078238838969538,-9.430331349318674e-07,-4.2398456420751816e-05,1.5298089199724895e-09,8.794274015556413e-06,7.223548934776306e-08
1789477511,624867527,body,0.5077828798750681,-9.395601653720407e-07,-4.217296693145349e-05,1.5506711599395786e-09,8.747520031548478e-06,6.473806782976009e-08
1789477511,631149201,body,0.5077420909016568,-9.359367704615711e-07,-4.19487118071628e-05,1.569787690277856e-09,8.70100078423001e-06,5.7341694578235135e-08
1789477511,637037398,body,0.5077015158332095,-9.321662246420027e-07,-4.172568423344066e-05,1.5870770325666975e-09,8.654724445953605e-06,5.0052874396638124e-08
1789477511,643300654,body,0.5076611535319724,-9.28251940228416e-07,-4.1503877201436535e-05,1.6025953672798479e-09,8.608698267586165e-06,4.28781420474097e-08
1789477511,649235017,body,0.50762100286655,-9.241974229845105e-07,-4.128328356651725e-05,1.6164876376590494e-09,8.56292867954105e-06,3.5823683672273777e-08
1789477511,656045001,body,0.5075810627114803,-9.200062781189191e-07,-4.1063896033598586e-05,1.628718862835595e-09,8.517421026430802e-06,2.8895223582598026e-08
1789477511,665640700,body,0.5075413319478383,-9.156822670646489e-07,-4.0845707220027054e-05,1.639320639055851e-09,8.47217975137061e-06,2.2098275139329014e-08
1789477511,672008643,body,0.5075018094632358,-9.112291168111251e-07,-4.0628709654435427e-05,1.6483156509823407e-09,8.427208291611151e-06,1.5438189612129998e-08
1789477511,678041012,body,0.5074624941515731,-9.066507445501315e-07,-4.0412895809280784e-05,1.655833083422122e-09,8.38250932501123e-06,8.919722068240085e-09
1789477511,684074805,body,0.5074233849137489,-9.019511555252813e-07,-4.0198258114405416e-05,1.6618577627338479e-09,8.338084557982661e-06,2.547453287537829e-09
1789477511,690230375,body,0.507384480657235,-8.971343467988214e-07,-3.9984788989817445e-05,1.6664988590657434e-09,8.29393501415465e-06,-3.6739771230238073e-09
1789477511,696316008,body,0.5073457802960752,-8.922044048607645e-07,-3.9772480852401284e-05,1.6696256431590976e-09,8.250060750145381e-06,-9.740632298904027e-09
1789477511,702371826,body,0.5073072827513478,-8.87165558517687e-07,-3.956132613833984e-05,1.6714781506223828e-09,8.206461375159485e-06,-1.5648940682807206e-08
1789477511,708504752,body,0.5072689869507396,-8.82021931820339e-07,-3.9351317325595125e-05,1.671987776428871e-09,8.163135607999039e-06,-2.1395266287755137e-08
1789477511,714718517,body,0.5072308918286335,-8.767778244765468e-07,-3.9142446946082594e-05,1.6712368418118247e-09,8.120081772228237e-06,-2.6976472744797845e-08
1789477511,720991599,body,0.5071929963261451,-8.714375712936993e-07,-3.893470758489205e-05,1.6692521183425403e-09,8.077297518615288e-06,-3.238971233628302e-08
1789477511,727118752,body,0.507155299390998,-8.6600543823622e-07,-3.872809192321546e-05,1.6660559441986965e-09,8.034780027193319e-06,-3.763203298295709e-08
1789477511,733121209,body,0.5071177999776127,-8.6048586649118e-07,-3.852259270437366e-05,1.6617482677197103e-09,7.99252632589745e-06,-4.2701365241725846e-08
1789477511,739033798,body,0.5070804970466627,-8.548831623940828e-07,-3.8318202781777835e-05,1.6563424403624763e-09,7.950532859790899e-06,-4.759560857308377e-08
1789477511,744973740,body,0.5070433895654818,-8.492017844200959e-07,-3.8114915113193774e-05,1.6498362403152645e-09,7.908795947377916e-06,-5.2312903354120294e-08
1789477511,751223091,body,0.5070064765077291,-8.434460788881388e-07,-3.7912722742814285e-05,1.6422829245694334e-09,7.867311558546168e-06,-5.685165531143339e-08
1789477511,757091396,body,0.5069697568529954,-8.376205716181621e-07,-3.771161885349633e-05,1.6338267409356059e-09,7.826075699824392e-06,-6.12106776336086e-08
1789477511,763064202,body,0.5069332295874623,-8.317295793080473e-07,-3.751159671430558e-05,1.6243899009361174e-09,7.785084080202718e-06,-6.538869799693547e-08
1789477511,769169925,body,0.5068968937029785,-8.2577754113018e-07,-3.7312649723663107e-05,1.614069965413869e-09,7.744332451965243e-06,-6.938502807464493e-08
1789477511,778672053,body,0.5068607481975377,-8.197688957689082e-07,-3.7114771398466294e-05,1.6028156924651069e-09,7.703816556296817e-06,-7.319927595287931e-08
1789477511,785522302,body,0.5068247920748721,-8.137079853685027e-07,-3.691795535341898e-05,1.590804553541314e-09,7.663532156589134e-06,-7.683098535010788e-08
1789477511,791497113,body,0.5067890243445047,-8.075992077680184e-07,-3.672219532570422e-05,1.5780008246160116e-09,7.623475090612606e-06,-8.028000194180266e-08
1789477511,797352743,body,0.5067534440214289,-8.014468900003169e-07,-3.65274851554482e-05,1.5644220258164846e-09,7.5836412616469775e-06,-8.354660772696913e-08
1789477511,803327139,body,0.5067180501263767,-7.95255342785484e-07,-3.6333818798830224e-05,1.5501478563849701e-09,7.54402675393291e-06,-8.663103808194912e-08
1789477511,809358409,body,0.5066828416853199,-7.890288218677175e-07,-3.614119030260698e-05,1.5352046753172623e-09,7.504627776061414e-06,-8.953400355268446e-08
1789477511,815407422,body,0.5066478177296304,-7.827715978848398e-07,-3.5949593810671517e-05,1.519687672642719e-09,7.4654407131446016e-06,-9.225626243204725e-08
1789477511,821348656,body,0.5066129772959558,-7.764878798826249e-07,-3.575902357601982e-05,1.5034633119237822e-09,7.426462087963354e-06,-9.479878837164207e-08
1789477511,827311484,body,0.5065783194260242,-7.701817657581646e-07,-3.5569473914700083e-05,1.4867710728210261e-09,7.387688747486533e-06,-9.716275934394754e-08
1789477511,833299200,body,0.5065438431666618,-7.638573934425138e-07,-3.5380939238763957e-05,1.4695239962652964e-09,7.349117637487464e-06,-9.934969745573078e-08
1789477511,839338441,body,0.5065095475696328,-7.57518811640657e-07,-3.519341403729315e-05,1.4517705902484608e-09,7.310745923569047e-06,-1.0136096939693769e-07
1789477511,845136950,body,0.5064754316918001,-7.511699323559651e-07,-3.500689286534878e-05,1.4335704191191526e-09,7.272571030012269e-06,-1.031984148136187e-07
1789477511,851414349,body,0.5064414945945734,-7.448148005506013e-07,-3.482137034290957e-05,1.4149208554768027e-09,7.234590594262292e-06,-1.0486409872056873e-07
1789477511,857430337,body,0.5064077353445677,-7.384571220125698e-07,-3.4636841161822974e-05,1.3959214471199922e-09,7.196802416967352e-06,-1.0635979193406023e-07
1789477511,863404895,body,0.5063741530127317,-7.3210082709651e-07,-3.4453300042144745e-05,1.3765850574031209e-09,7.159204615189128e-06,-1.0768815343975627e-07
1789477511,869311499,body,0.5063407466749529,-7.25749542942189e-07,-3.427074178737986e-05,1.3568713204377076e-09,7.121795315980594e-06,-1.088512904370061e-07
1789477511,875068162,body,0.5063075154117014,-7.194069264904808e-07,-3.408916121477973e-05,1.3369329998733977e-09,7.084573028312148e-06,-1.0985183972130371e-07
1789477511,880959568,body,0.5062744583079948,-7.13076592341381e-07,-3.390855320506304e-05,1.3166652882803255e-09,7.0475363122239355e-06,-1.1069248247075922e-07
1789477511,888298590,body,0.5062415744534696,-7.067619831344968e-07,-3.372891265739718e-05,1.2962209341232084e-09,7.010683925376543e-06,-1.1137610972175213e-07
1789477511,896794199,body,0.5062088629423449,-7.00466478725217e-07,-3.355023451773428e-05,1.2756239155839194e-09,6.9740149074258895e-06,-1.1190551146726282e-07
1789477511,902727031,body,0.5061763228732274,-6.941934663787875e-07,-3.337251375409883e-05,1.254767171394158e-09,6.937528131495769e-06,-1.1228386404477522e-07
1789477511,908760745,body,0.5061439533493424,-6.879461348989694e-07,-3.319574535397228e-05,1.233818975133305e-09,6.901222923680358e-06,-1.1251440821221359e-07
1789477511,914702887,body,0.5061117534782141,-6.817276705437145e-07,-3.3019924335018984e-05,1.2127544292735117e-09,6.86509853457871e-06,-1.1260036583439785e-07
1789477511,920748598,body,0.5060797223719496,-6.755410672310996e-07,-3.2845045732441497e-05,1.1915908177758118e-09,6.829154362448436e-06,-1.1254508978665536e-07
1789477511,926770833,body,0.5060478591470079,-6.693893323810476e-07,-3.267110459630924e-05,1.170378708978483e-09,6.793389908800277e-06,-1.1235222382598181e-07
1789477511,932780292,body,0.5060161629243247,-6.632753371398856e-07,-3.249809599613487e-05,1.1491975817938188e-09,6.757804756190215e-06,-1.1202501425226401e-07
1789477511,938805657,body,0.5059846328290984,-6.57201863365977e-07,-3.232601501564634e-05,1.1279780930571012e-09,6.722398428330458e-06,-1.115673090917744e-07
1789477511,944753778,body,0.5059532679912,-6.511715448687613e-07,-3.2154856745353546e-05,1.1067730434438292e-09,6.687170566620111e-06,-1.1098282315587307e-07
1789477511,950787847,body,0.5059220675445856,-6.451870616117153e-07,-3.1984616298159205e-05,1.0856774237872034e-09,6.652121070027561e-06,-1.1027532010971236e-07
1789477511,956841073,body,0.5058910306276165,-6.39250797469593e-07,-3.181528879030271e-05,1.0645397438031312e-09,6.617249361234715e-06,-1.0944875233273599e-07
1789477511,962797252,body,0.5058601563832198,-6.333652281106395e-07,-3.164686935078439e-05,1.0435549314558497e-09,6.582555366969606e-06,-1.0850683798036408e-07
1789477511,968802248,body,0.5058294439585854,-6.275325937085319e-07,-3.1479353120207535e-05,1.0226869663718114e-09,6.5480387941311975e-06,-1.0745359494619746e-07
1789477511,974652433,body,0.5057988925051132,-6.217551099827738e-07,-3.131273525829408e-05,1.001946456111083e-09,6.513699226384509e-06,-1.062931266154093e-07
1789477511,980572896,body,0.505768501178804,-6.160348710622597e-07,-3.114701092040692e-05,9.813329471186639e-10,6.4795364727717755e-06,-1.0502916444744396e-07
1789477511,986376081,body,0.5057382691397796,-6.10373843074832e-07,-3.098217528817334e-05,9.609502969230742e-10,6.445550270169287e-06,-1.0366604609316164e-07
1789477511,992071126,body,0.5057081955526384,-6.047739672488236e-07,-3.081822354352344e-05,9.407136514382333e-10,6.411740239989645e-06,-1.02207897133285e-07
1789477511,997978943,body,0.5056782795861707,-5.992369812374422e-07,-3.0655150893985936e-05,9.207402518222128e-10,6.378105967010965e-06,-1.0065853452516075e-07
1789477512,7339173,body,0.5056485204136612,-5.937646446186674e-07,-3.0492952549172876e-05,9.009785398450742e-10,6.344647087077746e-06,-9.902234253456183e-08
1789477512,13783838,body,0.5056189172125158,-5.883584951154568e-07,-3.033162374817915e-05,8.81430303863329e-10,6.3113632038402676e-06,-9.730316142288247e-08
1789477512,19932825,body,0.505589469164581,-5.830200533299603e-07,-3.017115973072035e-05,8.621416854511947e-10,6.278253744422444e-06,-9.55055175733197e-08
1789477512,25959620,body,0.5055601754558247,-5.77750708891758e-07,-3.001155576406435e-05,8.431278151572778e-10,6.245318298042069e-06,-9.363317242257994e-08
1789477512,32005884,body,0.5055310352766732,-5.725517969327214e-07,-2.9852807123192166e-05,8.244060061751128e-10,6.212556271839884e-06,-9.169037701587383e-08
1789477512,37821327,body,0.5055020478217098,-5.674244505277193e-07,-2.969490911257828e-05,8.059625037027776e-10,6.17996699967949e-06,-8.968124805863414e-08
1789477512,43781890,body,0.5054732122897982,-5.623698343208684e-07,-2.9537857059081754e-05,7.878368590470504e-10,6.147549919788597e-06,-8.760979678984581e-08
1789477512,49745645,body,0.5054445278839065,-5.573889464375605e-07,-2.9381646283281976e-05,7.700508564541665e-10,6.1153043726951175e-06,-8.548014213849928e-08
1789477512,55809549,body,0.5054159938114603,-5.524826654515814e-07,-2.922627217495336e-05,7.525685633060387e-10,6.0832296112171975e-06,-8.329630310842907e-08
1789477512,61792123,body,0.5053876092839006,-5.476518817642461e-07,-2.9071730093783336e-05,7.354650686903084e-10,6.051324860419162e-06,-8.106237309810601e-08
1789477512,67796625,body,0.5053593735168069,-5.428972532103956e-07,-2.891801546473749e-05,7.186489486779546e-10,6.019589348695479e-06,-7.87822767376055e-08
1789477512,73763521,body,0.5053312857300928,-5.382194448969939e-07,-2.8765123709760995e-05,7.021775548495162e-10,5.988022282235211e-06,-7.645993866991817e-08
1789477512,79793894,body,0.505303345147705,-5.336190324590255e-07,-2.861305029547603e-05,6.861215701560487e-10,5.9566228228208095e-06,-7.409924690173108e-08
1789477512,85772021,body,0.505275550997675,-5.290964259390019e-07,-2.8461790693848687e-05,6.703896031848554e-10,5.925390017879734e-06,-7.170393954572198e-08
1789477512,91758044,body,0.5052479025122445,-5.24652023993344e-07,-2.831134043208397e-05,6.550678844244311e-10,5.894323048066457e-06,-6.927798010501988e-08
1789477512,97649761,body,0.5052203989276169,-5.202861450909935e-07,-2.816169502514442e-05,6.401338848861081e-10,5.863421038526379e-06,-6.682489242515385e-08
1789477512,103597361,body,0.5051930394841339,-5.159989255963326e-07,-2.80128500490731e-05,6.254984237076295e-10,5.832682935654589e-06,-6.434871993045625e-08
1789477512,109680432,body,0.5051658234261163,-5.117905341817215e-07,-2.7864801087218763e-05,6.112944325265193e-10,5.802107879029845e-06,-6.185275444291837e-08
1789477512,118639002,body,0.5051387500019175,-5.076609918800771e-07,-2.7717543759288704e-05,5.974793955458123e-10,5.771694911639246e-06,-5.93407318590146e-08
1789477512,126443765,body,0.5051118184638881,-5.036102784742322e-07,-2.7571073706581387e-05,5.84026373294615e-10,5.741443044272939e-06,-5.681604501764103e-08
1789477512,132705349,body,0.5050850280683208,-4.996382408702313e-07,-2.742538660507473e-05,5.710438688703488e-10,5.7113512954938466e-06,-5.428219890136462e-08
1789477512,138696311,body,0.5050583780754355,-4.957447051128289e-07,-2.7280478154063815e-05,5.583739539000986e-10,5.6814186927457295e-06,-5.1742484197831596e-08
1789477512,144770534,body,0.5050318677494126,-4.919294304002048e-07,-2.713634408678199e-05,5.460985073825743e-10,5.651644281235796e-06,-4.920025489707243e-08
1789477512,151023240,body,0.505005496358252,-4.881920696864782e-07,-2.6992980145794237e-05,5.342128311775811e-10,5.622027111724423e-06,-4.665866736232247e-08
1789477512,157070105,body,0.5049792631738612,-4.845321874651884e-07,-2.685038212456221e-05,5.227366561332471e-10,5.59256617057647e-06,-4.4120877958780104e-08
1789477512,166192411,body,0.5049531674720205,-4.809493636271549e-07,-2.6708545834640516e-05,5.116475480106576e-10,5.563260510771029e-06,-4.158979990941618e-08
1789477512,175232714,body,0.5049272085322936,-4.774430296259233e-07,-2.6567467105779293e-05,5.009275046727773e-10,5.5341091797374096e-06,-3.906850408925058e-08
1789477512,184510795,body,0.5049013856380102,-4.740125703159281e-07,-2.6427141811190625e-05,4.906384767564854e-10,5.505111278193755e-06,-3.655989817687325e-08
1789477512,194419746,body,0.5048756980763193,-4.706573510912408e-07,-2.6287565831334984e-05,4.80673666113544e-10,5.476265756979302e-06,-3.406687096371173e-08
1789477512,203155422,body,0.5048501451381532,-4.6737663093623917e-07,-2.6148735091933922e-05,4.711083878705594e-10,5.4475718189529165e-06,-3.159188604019183e-08
1789477512,210586863,body,0.5048247261180325,-4.641696798064082e-07,-2.6010645534321754e-05,4.6193800268068887e-10,5.419028520425865e-06,-2.913768343593641e-08
1789477512,217664373,body,0.5047994403143506,-4.6103560487482044e-07,-2.587329312340728e-05,4.530601867275402e-10,5.390634865525703e-06,-2.6706849962230947e-08
1789477512,223952802,body,0.5047742870290531,-4.579735796521238e-07,-2.573667385866466e-05,4.4463909426565297e-10,5.362390124838039e-06,-2.43016926748377e-08
1789477512,230060951,body,0.5047492655677985,-4.5498263585068884e-07,-2.5600783756355926e-05,4.365901806738175e-10,5.334293304711558e-06,-2.1924671821014918e-08
1789477512,236208590,body,0.5047243752399578,-4.520617828110736e-07,-2.5465618858508134e-05,4.288200343155099e-10,5.3063435824701366e-06,-1.9578091106021805e-08
1789477512,242177938,body,0.5046996153583483,-4.492100150781924e-07,-2.533117522539681e-05,4.214417703655496e-10,5.278540167635799e-06,-1.7263954490674282e-08
1789477512,248860291,body,0.5046749852394992,-4.4642626996386423e-07,-2.5197448964669223e-05,4.1441083404128626e-10,5.2508821709195766e-06,-1.4984540148839647e-08
1789477512,258600745,body,0.5046504842035112,-4.4370941399492933e-07,-2.5064436171083212e-05,4.076960345966352e-10,5.2233688018418885e-06,-1.274160778130064e-08
1789477512,265033379,body,0.5046261115740548,-4.4105832431554493e-07,-2.4932132998905754e-05,4.0132167253879076e-10,5.1959992155220596e-06,-1.0537211302114798e-08
1789477512,271058484,body,0.5046018666782466,-4.3847178286910714e-07,-2.4800535593648076e-05,3.9528099266540586e-10,5.168772719182579e-06,-8.373022706303633e-09
1789477512,277073033,body,0.5045777488468095,-4.359485884511446e-07,-2.4669640139220545e-05,3.896005383600476e-10,5.141688422422171e-06,-6.2508494385421795e-09
1789477512,282965472,body,0.50455375741393,-4.3348746467487844e-07,-2.453944284499046e-05,3.841980695094427e-10,5.114745682423505e-06,-4.172274670462901e-09
1789477512,288856338,body,0.5045298917172943,-4.3108719768526763e-07,-2.4409939928762202e-05,3.791245874255271e-10,5.087943649864282e-06,-2.1387039478221754e-09
1789477512,294927694,body,0.5045061510980168,-4.287463805284823e-07,-2.4281127639471143e-05,3.7432005262733425e-10,5.0612816308552845e-06,-1.51818143576831e-10
1789477512,300980877,body,0.5044825349006403,-4.2646372171570935e-07,-2.415300225082413e-05,3.698177303238089e-10,5.0347588304770816e-06,1.7873147056243105e-09
1789477512,307241022,body,0.5044590424732247,-4.2423787790490337e-07,-2.402556003267987e-05,3.656264406892155e-10,5.008374619233431e-06,3.6773312455803506e-09
1789477512,313802204,body,0.504435673167063,-4.220674232783218e-07,-2.3898797313594295e-05,3.6166842176477194e-10,4.982128263264174e-06,5.517062417335304e-09
1789477512,319955470,body,0.5044124263370541,-4.1995099638638065e-07,-2.3772710400484788e-05,3.5802801860479557e-10,4.9560190442581355e-06,7.305526778001641e-09
1789477512,325813184,body,0.5043893013413299,-4.1788715633309814e-07,-2.3647295662703443e-05,3.546252594306055e-10,4.930046166183081e-06,9.041675172820802e-09
1789477512,332055878,body,0.5043662975413618,-4.1587445864843385e-07,-2.3522549454411066e-05,3.5153117716185136e-10,4.9042090928028e-06,1.0724649394636338e-08
1789477512,338183534,body,0.5043434143020139,-4.139115203175092e-07,-2.3398468167008425e-05,3.486058710646274e-10,4.878507056951298e-06,1.2353704493927632e-08
1789477512,344323993,body,0.5043206509914725,-4.119967437740876e-07,-2.3275048207705263e-05,3.4599587671421454e-10,4.852939435794723e-06,1.3928068855682728e-08
1789477512,350411631,body,0.5042980069811921,-4.1012880867448037e-07,-2.3152286005157635e-05,3.435457586876146e-10,4.827505469939739e-06,1.5447100782100925e-08
1789477512,357131642,body,0.5042754816459666,-4.083061712904192e-07,-2.3030177995349452e-05,3.4134212610043915e-10,4.802204518787743e-06,1.69103828235491e-08
1789477512,363986186,body,0.50425307436377,-4.065273280780163e-07,-2.2908720657573826e-05,3.3941828980457376e-10,4.777036010573945e-06,1.831738318116422e-08
1789477512,375433017,body,0.5042307845159153,-4.047908429380344e-07,-2.2787910457759173e-05,3.3765657239324054e-10,4.751999154819455e-06,1.9667594491363317e-08
1789477512,383068842,body,0.5042086114868959,-4.030951885372855e-07,-2.2667743914734204e-05,3.3607921194605984e-10,4.72709334978298e-06,2.096090906119556e-08
1789477512,389401295,body,0.504186554664526,-4.014389277571373e-07,-2.2548217536854417e-05,3.347106533878572e-10,4.702317952646017e-06,2.2197018247225914e-08
1789477512,395871359,body,0.5041646134396406,-3.9982049699238877e-07,-2.2429327869966682e-05,3.335331675162761e-10,4.677672266187814e-06,2.3375825461480987e-08
1789477512,402104969,body,0.5041427872064846,-3.9823849644843777e-07,-2.2311071470936263e-05,3.3254900164526404e-10,4.653155674235371e-06,2.4497123092321953e-08
1789477512,408181406,body,0.5041210753623053,-3.966913768029301e-07,-2.2193444914006345e-05,3.316582794586864e-10,4.628767482897667e-06,2.5560957775981765e-08
1789477512,414398820,body,0.5040994773075473,-3.9517770164282807e-07,-2.207644480383726e-05,3.309987248439133e-10,4.60450709709764e-06,2.6567569311670992e-08
1789477512,420394065,body,0.5040779924458347,-3.9369602578424056e-07,-2.1960067738855777e-05,3.304837800473862e-10,4.580373877344377e-06,2.7516951043988408e-08
1789477512,426432213,body,0.5040566201839363,-3.9224483804909154e-07,-2.1844310358019452e-05,3.300957337792452e-10,4.556367089781707e-06,2.8409292822430277e-08
1789477512,432611088,body,0.504035359931658,-3.9082273395968835e-07,-2.1729169317962247e-05,3.2987905699424274e-10,4.53248620150302e-06,2.924494103384238e-08
1789477512,438795281,body,0.5040142111019497,-3.8942828180715016e-07,-2.1614641274205402e-05,3.297449915703806e-10,4.508730455335579e-06,3.002421431819977e-08
1789477512,444935996,body,0.5039931731107992,-3.880600436833734e-07,-2.150072292227718e-05,3.298001864444016e-10,4.485099311711192e-06,3.074756119885968e-08
1789477512,451167545,body,0.5039722453772497,-3.8671666085202347e-07,-2.1387410962369448e-05,3.299447797224653e-10,4.461592046764208e-06,3.141529365511827e-08
1789477512,457066404,body,0.5039514273235061,-3.8539671095000333e-07,-2.127470211637839e-05,3.301588657204945e-10,4.438208140910878e-06,3.202804895639061e-08
1789477512,463158988,body,0.503930718374651,-3.840987943931115e-07,-2.1162593133747197e-05,3.3054243600326355e-10,4.414946841419395e-06,3.2586368885316953e-08
1789477512,468882035,body,0.5039101179588756,-3.8282160617947716e-07,-2.1051080752515456e-05,3.3092680931197936e-10,4.391807531006359e-06,3.309082521759518e-08
1789477512,474874989,body,0.5038896255073555,-3.815638519609168e-07,-2.0940161770628004e-05,3.3150746895013567e-10,4.368789581285121e-06,3.354218399492505e-08
1789477512,480666078,body,0.5038692404542151,-3.803241234391016e-07,-2.082983297157633e-05,3.321290661802647e-10,4.345892406059496e-06,3.394120128909716e-08
1789477512,487691395,body,0.5038489622365271,-3.791012068439404e-07,-2.0720091169001e-05,3.3283386522065687e-10,4.32311532254025e-06,3.428853879052476e-08
1789477512,496787324,body,0.5038287902944556,-3.778937936880217e-07,-2.0610933191873057e-05,3.335642188193814e-10,4.300457706783374e-06,3.45850114066093e-08
1789477512,502877635,body,0.5038087240709357,-3.767006873900344e-07,-2.0502355888315357e-05,3.343535227643112e-10,4.277918958158468e-06,3.483152729783014e-08
1789477512,509060680,body,0.50378876301194,-3.7552064333944207e-07,-2.039435611999606e-05,3.3525959657381735e-10,4.255498433846254e-06,3.502899240276323e-08
1789477512,515070734,body,0.5037689065662473,-3.7435247700872e-07,-2.0286930771205934e-05,3.3618261076272553e-10,4.2331954821454075e-06,3.517837373189861e-08
1789477512,520959511,body,0.5037491541856214,-3.731950112985247e-07,-2.0180076743662318e-05,3.371937106354561e-10,4.211009569039602e-06,3.5280663820398034e-08
1789477512,527043545,body,0.5037295053246146,-3.720471080307409e-07,-2.007379094993896e-05,3.381886155814359e-10,4.188939979544637e-06,3.533669534195902e-08
1789477512,533068504,body,0.5037099594407812,-3.7090769563196507e-07,-1.9968070327360874e-05,3.392429236819572e-10,4.166986151888922e-06,3.534769508856327e-08
1789477512,539090938,body,0.5036905159943578,-3.697756042480843e-07,-1.986291182241911e-05,3.4031009539278733e-10,4.1451474365909e-06,3.531469112962756e-08
1789477512,545212614,body,0.5036711744484768,-3.686498985569565e-07,-1.9758312407714118e-05,3.4138578836247713e-10,4.123423216367281e-06,3.523887806547607e-08
1789477512,551490691,body,0.5036519342691125,-3.6752947187343205e-07,-1.9654269067215345e-05,3.42478967181626e-10,4.101812929444803e-06,3.51212040261231e-08
1789477512,557513640,body,0.5038067069593029,-2.616078249926159e-06,-0.00333398957972386,0.000562220362133592,-0.13150446520583783,5.149741787754975e-05
1789477512,563517292,body,0.5021663119083861,-1.2262604932579163e-05,-0.01161210685336403,-0.0002628837448649431,-0.3301401282510361,0.0001330160485675566
1789477512,569495834,body,0.4942476923259376,-2.564664696099509e-05,-0.022175825572263833,-0.0005189706735196802,-0.4318253402402249,0.00016772069601792523
1789477512,575411825,body,0.4765077356977174,-2.8791523141930182e-05,-0.032160636602112526,-0.00020809216548696644,-0.4382122754448869,0.0001485578312002691
1789477512,581227772,body,0.44793042504702735,-2.2961055451356603e-05,-0.039832482890065496,0.00011818833015927562,-0.39191216017665376,0.00010522666742380749
1789477512,587074585,body,0.4092541774248221,-1.5773617545094522e-05,-0.044544597980711934,0.00021116422495325198,-0.3273961759560723,6.902552509293908e-05
1789477512,592898277,body,0.3619711338676448,-1.1783207538760041e-05,-0.04629091447724688,0.00013199567061309062,-0.262303348230123,4.858195836865842e-05
1789477512,598799887,body,0.30771633009915905,-1.0950354375752379e-05,-0.045345912569761726,2.0128404207182768e-05,-0.20258444919546523,3.575340317053616e-05
1789477512,608028564,body,0.24801685118504319,-1.1190911995426292e-05,-0.042087038772253664,-4.5270347399246914e-05,-0.14884263662822447,2.1711454071866217e-05
1789477512,614799594,body,0.18423566553765894,-1.0764765383039717e-05,-0.03693283637342595,-5.7674277016459654e-05,-0.1002120703783588,4.140919982762015e-06
1789477512,620945362,body,0.11758678651174885,-9.091745590125406e-06,-0.030323303537409904,-4.290028634658217e-05,-0.05593109677386024,-1.4699053596403585e-05
1789477512,627043636,body,0.049161769672939226,-6.453598573997114e-06,-0.02270594398569543,-2.47343563872192e-05,-0.015650494839904595,-3.2030536813095694e-05
1789477512,633202440,body,-0.020051602478498375,-3.418665712756266e-06,-0.014518814205417228,-1.326896556899624e-05,0.020709109661348816,-4.6566769225302366e-05
1789477512,639341945,body,-0.08915956053774195,-4.6771386813214826e-07,-0.006172860878505281,-8.304060364296361e-06,0.053145206980235574,-5.837515753579023e-05
1789477512,645292206,body,-0.1573577886697905,2.107983481246657e-06,0.0019629957859979424,-6.259315725164326e-06,0.0816820122552525,-6.801060809968238e-05
1789477512,651583811,body,-0.22392882046608067,4.157135550189937e-06,0.009572426587091336,-4.448905821565104e-06,0.10640281437330186,-7.591961553198361e-05
1789477512,657887970,body,-0.28823974331985014,5.5930228364438485e-06,0.01639791416635942,-2.0374075628094894e-06,0.12744196585185377,-8.230463913407825e-05
1789477512,663935940,body,-0.34973973399604374,6.350533048013946e-06,0.022243324595520596,6.836276638602075e-07,0.14496555919350188,-8.722758206991859e-05
1789477512,669982690,body,-0.4079574641569305,6.377646661715161e-06,0.02697359062881743,3.181039740084391e-06,0.15915505119925216,-9.072882930118933e-05
1789477512,675937735,body,-0.46249850187908137,5.642391710047381e-06,0.030512120903143133,5.118285884489454e-06,0.17019749906427403,-9.28783393818909e-05
1789477512,681997391,body,-0.5130427501826657,4.139754905789053e-06,0.03283640937158491,6.396944344751751e-06,0.17828125941159673,-9.377393605026728e-05
1789477512,687951550,body,-0.5593418630594873,1.8931211555917496e-06,0.03397224155693718,7.0454905899367754e-06,0.18359493467508567,-9.352419399051292e-05
1789477512,693988202,body,-0.6012165227898241,-1.0486243961933823e-06,0.03398686201712732,7.122657146679753e-06,0.18632782964671926,-9.223687025148284e-05
1789477512,699850370,body,-0.6385534528855046,-4.615636769962535e-06,0.03298145323443489,6.680308921975013e-06,0.18667091002027544,-9.001569797298378e-05
1789477512,705823899,body,-0.6713020626530934,-8.721613555247004e-06,0.031083263113984797,5.765052481059668e-06,0.1848177633836738,-8.69612190643778e-05
1789477512,711863135,body,-0.6994706558406094,-1.3267831825598142e-05,0.028437699798242438,4.429187120895921e-06,0.18096531947936456,-8.317198719933811e-05
1789477512,719327069,body,-0.7231221765129107,-1.814687509731387e-05,0.025200686797409392,2.736342398746132e-06,0.17531419375381843,-7.874495246096747e-05
1789477512,727717109,body,-0.7423695045540945,-2.3246232280196e-05,0.02153153809120701,7.604680300392189e-07,0.16806856858241176,-7.377524200768144e-05
1789477512,733924155,body,-0.757370348084733,-2.845179074682911e-05,0.01758657192314223,-1.4182453031990643e-06,0.15943556674345644,-6.835576442092016e-05
1789477512,739991196,body,-0.7683218088268838,-3.365112999702609e-05,0.01351363422018808,-3.7175505060658534e-06,0.14962411454210164,-6.257682782754784e-05
1789477512,746262102,body,-0.7754547178132083,-3.8736500095289205e-05,0.009447649620816762,-6.056404660806979e-06,0.13884333528279938,-5.652577454118589e-05
1789477512,752670249,body,-0.7790278520991453,-4.360739452751818e-05,0.005507262564894066,-8.35743874282941e-06,0.12730055229054843,-5.028658646718267e-05
1789477512,758833721,body,-0.7793221482118687,-4.81726660322922e-05,0.0017925759322407336,-1.0549001662675453e-05,0.1151990104592603,-4.3939440308478724e-05
1789477512,765031755,body,-0.776635025535981,-5.235216280515968e-05,-0.0016160564247607936,-1.256695787095019e-05,0.10273544434292811,-3.756022308278748e-05
1789477512,771008048,body,-0.7712749238506009,-5.6077884465511896e-05,-0.004658271256934713,-1.4356221040036382e-05,0.090097628468272,-3.122003037244194e-05
1789477512,777004573,body,-0.7635561453652694,-5.9294674659856686e-05,-0.007293094822811846,-1.5871934389806537e-05,0.07746204214407644,-2.498467397909222e-05
1789477512,783128384,body,-0.7537940746001647,-6.196048103631231e-05,-0.009497646946997043,-1.7080222982594024e-05,0.06499176768368865,-1.8914224488509513e-05
1789477512,789062517,body,-0.7423008310422672,-6.404622890092805e-05,-0.01126531151803939,-1.795849154444176e-05,0.052834719491165534,-1.3062609349163864e-05
1789477512,795103260,body,-0.7293813911957348,-6.553535995485369e-05,-0.012603537424532154,-1.849528167399119e-05,0.04112227437234598,-7.477289220110022e-06
1789477512,801051082,body,-0.7153301996294902,-6.64230989191272e-05,-0.013531427090273586,-1.868973011464505e-05,0.029968343591927543,-2.1990260510694713e-06
1789477512,807389554,body,-0.7004282737218843,-6.671550701007927e-05,-0.014077255167878416,-1.855068653915649e-05,0.01946889753061352,2.738243464301035e-06
1789477512,821818167,body,-0.6849407944551185,-6.642838335715857e-05,-0.014276039716961082,-1.8095562222174942e-05,0.00970192692815336,7.307424562443714e-06
1789477512,832683193,body,-0.6691151659419333,-6.558606892759718e-05,-0.014167264553421925,-1.7348986305134052e-05,0.000727802660235977,1.1488170925697606e-05
1789477512,842241690,body,-0.6531795192410539,-6.422020214893026e-05,-0.013792826511193923,-1.6341348530683052e-05,-0.007410019984763595,1.5266683183529293e-05
1789477512,850328635,body,-0.6373416311384128,-6.236846786374437e-05,-0.013195256916366995,-1.5107304614939175e-05,-0.014684016075620558,1.8635410206308903e-05
1789477512,860728985,body,-0.6217882255566565,-6.0073373151973777e-05,-0.012416244054170876,-1.3684311078780898e-05,-0.021081391813710482,2.1592664293502387e-05
1789477512,867789337,body,-0.6066846236956339,-5.738107668829697e-05,-0.011495463800241721,-1.2111247090731136e-05,-0.0266027365155082,2.414216378394072e-05
1789477512,874030974,body,-0.5921747085239408,-5.4340290924096884e-05,-0.010469709461870228,-1.0427165547465124e-05,-0.03126058535825014,2.6292519423944945e-05
1789477512,880289563,body,-0.5783811695097181,-5.1001270875067536e-05,-0.009372299444291628,-8.670204974058766e-06,-0.035077944313294446,2.805667973333747e-05
1789477512,886359908,body,-0.5654059942374118,-4.741489686188041e-05,-0.008232732542306923,-6.87667884512243e-06,-0.03808681937860368,2.945135154162501e-05
1789477512,892645864,body,-0.5533311746215297,-4.363185565359817e-05,-0.007076555172236209,-5.080349589123188e-06,-0.040326782826072737,3.0496410284140813e-05
1789477512,898738374,body,-0.5422195966673896,-3.97019206973657e-05,-0.005925402281333154,-3.311883484502001e-06,-0.0418436004889853,3.1214313372773365e-05
1789477512,904730276,body,-0.5321160840733399,-3.567332876667676e-05,-0.004797173510099376,-1.5984773037875293e-06,-0.042687936630879005,3.162952841432989e-05
1789477512,911159911,body,-0.523048567377346,-3.159225026281012e-05,-0.00370630792649136,3.635938175627402e-08,-0.042914146869483555,3.176798650200625e-05
1789477512,917321585,body,-0.5150293518175332,-2.7502346785914877e-05,-0.002664123804229512,1.5728853534719934e-06,-0.042579164989209224,3.1656567689877986e-05
1789477512,923560931,body,-0.5080564586003875,-2.34444117442156e-05,-0.0016791940256222666,2.9950928241329077e-06,-0.04174148612016602,3.132262615504028e-05
1789477512,929646077,body,-0.5021150158652682,-1.9456086009073563e-05,-0.0007577323510605557,4.290578665165108e-06,-0.04046024646290203,3.0793558425269745e-05
1789477512,935849057,body,-0.497178677303735,-1.5571643833451702e-05,9.60293277549539e-05,5.45034248692615e-06,-0.03879439825454065,3.009641778854772e-05
1789477512,941917956,body,-0.49321104813896965,-1.1821841569429062e-05,0.0008794878228744907,6.468531251823093e-06,-0.03680197775185571,2.9257576099996753e-05
1789477512,948089135,body,-0.49016709999352703,-8.233823966259215e-06,0.0015913501151861714,7.342148828746418e-06,-0.03453946345146949,2.8302433470361325e-05
1789477512,954179313,body,-0.4879945580508997,-4.831081328141e-06,0.002231355899991909,8.070745285743844e-06,-0.03206122141369619,2.7255174582884427e-05
1789477512,960134860,body,-0.486635245838641,-1.6334534991091185e-06,0.0028000441174834095,8.656099963194643e-06,-0.029419034290795745,2.6138569481056858e-05
1789477512,966055594,body,-0.4860263748928127,1.3428257154206402e-06,0.0032985634309362017,9.101907931182866e-06,-0.02666171041779635,2.4973817870089104e-05
1789477512,973906665,body,-0.4861017684886041,4.08504736221463e-06,0.0037285242985995067,9.413478749623107e-06,-0.023834769068098085,2.378043173282258e-05
1789477512,982016301,body,-0.4867930105037146,6.5839137961866414e-06,0.004091888578585176,9.597453176876323e-06,-0.020980197703465667,2.2576155618139467e-05
1789477512,988105048,body,-0.48803051230210387,8.833397379733179e-06,0.004390891471719065,9.661541567953651e-06,-0.01813627676613926,2.1376919589166923e-05
1789477512,994106817,body,-0.48974449225591704,1.0830573713962013e-05,0.004627989984746294,9.614286270813466e-06,-0.0153374672912484,2.0196821695072974e-05
1789477513,314011,body,-0.4918658641515448,1.2575434524978091e-05,0.00480583191543056,9.464848687874995e-06,-0.012614356381906043,1.904813718503556e-05
1789477513,6470804,body,-0.49432703223278734,1.4070682228747032e-05,0.004927239541941466,9.222820764752503e-06,-0.009993655402455833,1.794135088506565e-05
1789477513,12472527,body,-0.4970625920133714,1.5321509553650323e-05,0.004995202661605324,8.898059381839085e-06,-0.007498245628687808,1.6885208975570865e-05
1789477513,18603775,body,-0.5000099372372743,1.633536782322369e-05,0.005012876288539131,8.500542119844257e-06,-0.005147266046348159,1.5886788000332378e-05
1789477513,24640730,body,-0.5031097744768273,1.712172592757434e-05,0.004983579114008628,8.040242451034756e-06,-0.0029562380189553767,1.4951577739236519e-05
1789477513,30687299,body,-0.5063065478358564,1.7691823767196086e-05,0.004910789690197624,7.527021295238584e-06,-0.0009372216468283617,1.4083575409813373e-05
1789477513,36688070,body,-0.5095487770754642,1.8058422196442627e-05,0.004798138162644315,6.970534417076651e-06,0.0009010012021107518,1.3285389160406361e-05
1789477513,42775375,body,-0.5127893132035741,1.82355526456434e-05,0.004649392201696953,6.380151383794339e-06,0.002552721992301772,1.2558347854524835e-05
1789477513,48806044,body,-0.5159855161756968,1.8238269032329286e-05,0.0044684365343264825,5.764886501755056e-06,0.0040150833054747835,1.1902615860149145e-05
1789477513,55020298,body,-0.5190993598521981,1.8082404208095283e-05,0.004259246128321487,5.133338870857183e-06,0.005287843583785532,1.1317310286255747e-05
1789477513,61151161,body,-0.5220974697430113,1.778433377503931e-05,0.004025853616051078,4.493640603944206e-06,0.00637313280763589,1.0800619236038985e-05
1789477513,67182523,body,-0.5249510993677561,1.7360748952718667e-05,0.003772311956625463,3.853412409719563e-06,0.007275202782589906,1.0349920576692221e-05
1789477513,73222788,body,-0.5276360512554289,1.6828441390737588e-05,0.003502653623618858,3.219726344908645e-06,0.008000175403240677,9.961897810222558e-06
1789477513,79233235,body,-0.5301325487230708,1.6204100868465923e-05,0.0032208477761776853,2.599074480158929e-06,0.008555791960103207,9.632653887204349e-06
1789477513,85170983,body,-0.5324250646082547,1.5504128018716768e-05,0.002930756935119399,1.997343783236973e-06,0.008951166260068786,9.35782050519246e-06
1789477513,94448491,body,-0.5345021130870541,1.4744463435273363e-05,0.002636094656023098,1.4197969339072184e-06,0.009196544042577895,9.132662723438784e-06
1789477513,101037850,body,-0.5363560106065604,1.3940434144290347e-05,0.0023403855849818854,8.710596165864211e-07,0.009303070891866182,8.952178446564262e-06
1789477513,107143488,body,-0.5379826117859426,1.310661804577146e-05,0.0020469291160818918,3.551134332314654e-07,0.009282570571339544,8.811191385484291e-06
1789477513,113058414,body,-0.5393810259202222,1.2256727412237321e-05,0.0017587676606867577,-1.2470488532341193e-07,0.009147335438362362,8.70443698439856e-06
1789477513,119009871,body,-0.540553319444783,1.1403510838405155e-05,0.0014786603032061808,-5.656981664408315e-07,0.008909930334673109,8.62664169628668e-06
1789477513,125105565,body,-0.5415042094041586,1.0558674674372911e-05,0.0012090623715134458,-9.657972014864434e-07,0.00858301109082778,8.572595275560319e-06
1789477513,131232379,body,-0.5422407526179069,9.732822565667635e-06,0.0009521112058527458,-1.3235435910293996e-06,0.008179158530760107,8.53721425800088e-06
1789477513,137092317,body,-0.5427720348589234,8.935413348995535e-06,0.0007096181790045178,-1.6380665376037654e-06,0.007710728618511633,8.515599700094882e-06
1789477513,143185532,body,-0.5431088639584811,8.174736158985033e-06,0.00048306681126859775,-1.909054747835869e-06,0.00718971915067191,8.503085509902258e-06
1789477513,149231255,body,-0.543263470340793,7.457901945443547e-06,0.0002736166428684996,-2.1367230434997055e-06,0.006627653172510045,8.495280558836806e-06
1789477513,155397761,body,-0.5432492180668824,6.790850345933218e-06,8.211237825909594e-05,-2.321774943596983e-06,0.00603547907822474,8.488103094506541e-06
1789477513,161400775,body,-0.5430803290460033,6.178370291123158e-06,-9.09022976188378e-05,-2.465361252255975e-06,0.005423487154855577,8.477807643610983e-06
1789477513,167382726,body,-0.5427716226555102,5.624133751270692e-06,-0.000245166910271175,-2.569035930364943e-06,0.004801242144910863,8.461006026740516e-06
1789477513,173311258,body,-0.5423382726001995,5.13074025461606e-06,-0.00038068311949282724,-2.6347094258871088e-06,0.004177531233455764,8.434681641054765e-06
1789477513,179261916,body,-0.5417955824496065,4.699771614036979e-06,-0.000497691117974927,-2.6646004556809966e-06,0.0035603267199714973,8.396196933111261e-06
1789477513,185088417,body,-0.5411587809165506,4.331854571651339e-06,-0.0005966442355926352,-2.6611871284087615e-06,0.002956762507103178,8.34329643865913e-06
1789477513,191176858,body,-0.54044283758521,4.0267307876157065e-06,-0.0006781824472365667,-2.6271577134553957e-06,0.0023731234353649207,8.274104547626304e-06
1789477513,197077884,body,-0.5396622994695728,3.783331613179695e-06,-0.0007431054304562949,-2.5653621523383807e-06,0.0018148464085677555,8.18711774757562e-06
1789477513,205848785,body,-0.5388311484798437,3.5998573247849567e-06,-0.000792345754457298,-2.4787650633736926e-06,0.0012865321960322182,8.081194195919578e-06
1789477513,213112790,body,-0.5379626796013248,3.4738587332167286e-06,-0.0008269427079251217,-2.3704000903655395e-06,0.0007919667561395189,7.955538177713781e-06
1789477513,219187382,body,-0.5370693993429296,3.40232035596883e-06,-0.000848017194086397,-2.2433271502701224e-06,0.00033415090701977246,7.809682668937622e-06
1789477513,225202888,body,-0.5361629438005838,3.381743755606502e-06,-0.000856748041071663,-2.100592268361265e-06,-8.466282996207785e-05,7.643468987795157e-06
1789477513,231290427,body,-0.5352540154905254,3.408229904548587e-06,-0.0008543499966320576,-1.9451904962144025e-06,-0.00046292737468778505,7.457023633851045e-06
1789477513,237387923,body,-0.534352337953452,3.4775599969140092e-06,-0.0008420536016722167,-1.7800326687129424e-06,-0.0007997533478336225,7.250735272454703e-06
1789477513,243636624,body,-0.5334666270003506,3.5852733981949587e-06,-0.000821087068274275,-1.6079155945626343e-06,-0.0010948575314204837,7.02522830514799e-06
1789477513,249828306,body,-0.5326045773684245,3.726742240177031e-06,-0.0007926602265665674,-1.4314961124664569e-06,-0.0013485085588310465,6.781337291380402e-06
1789477513,256165262,body,-0.5317728634797166,3.897242032098955e-06,-0.0007579505514688022,-1.2532692554149306e-06,-0.0015614708013411038,6.52008092104869e-06
1789477513,262154458,body,-0.5309771529430822,4.092017605526766e-06,-0.0007180912357457907,-1.0755499427468931e-06,-0.0017349473460248155,6.2426351306265e-06
1789477513,268112490,body,-0.5302221314091405,4.306344092948739e-06,-0.0006741612392902256,-9.004588327997776e-07,-0.0018705228836758767,5.950307762241674e-06
1789477513,274092553,body,-0.5295115373799815,4.535582651667555e-06,-0.0006271772166023693,-7.299115379132012e-07,-0.001970107247656326,5.644512322541349e-06
1789477513,280037879,body,-0.528848205582965,4.77523030325622e-06,-0.0005780872032634508,-5.656117885019193e-07,-0.002035880260576565,5.32674488408352e-06
1789477513,285942421,body,-0.5282341175451611,5.020964768909879e-06,-0.0005277659285233433,-4.090473552207201e-07,-0.0020702384666190657,4.998559315324131e-06
1789477513,291931134,body,-0.5276704580446427,5.268682535359849e-06,-0.0004770116124073291,-2.614896437018533e-07,-0.0020757442434295175,4.661547108405049e-06
1789477513,297737197,body,-0.5271576761685768,5.5145321836424294e-06,-0.00042654410256063766,-1.2399542769613557e-07,-0.0020550777106512516,4.317315130200119e-06
1789477513,303815129,body,-0.5266955497717797,5.754941110232798e-06,-0.0003770042064853056,2.5881335736161514e-09,-0.00201099177239255,3.967468004836811e-06
1789477513,309834302,body,-0.5262832522023817,5.986637646424932e-06,-0.0003289540782466453,1.1761669867453551e-07,-0.0019462705606345298,3.6135906591574716e-06
1789477513,316631228,body,-0.5259194202421861,6.2066669110152866e-06,-0.00028287852481362146,2.206401218452909e-07,-0.0018636914746232895,3.257232624087366e-06
1789477513,325489246,body,-0.5256022222930836,6.412402407950115e-06,-0.00023918710430478478,3.113915768586663e-07,-0.0017659909478301406,2.899894699295237e-06
1789477513,331755123,body,-0.5253294259329492,6.601552086812517e-06,-0.00019821689691162708,3.897757711219489e-07,-0.0016558340135060339,2.54301689887157e-06
1789477513,337667405,body,-0.5250984640537014,6.7721605162140135e-06,-0.00016023583802267762,4.558559950423364e-07,-0.0015357876852493027,2.187968203466393e-06
1789477513,343855096,body,-0.5249064988889481,6.922606506962972e-06,-0.00012544651184405063,5.0983998905432e-07,-0.0014082981187175862,1.8360387226278136e-06
1789477513,349988401,body,-0.5247504833310149,7.0515972123764155e-06,-9.399031259351891e-05,5.520655206780009e-07,-0.0012756714774046613,1.4884323668930818e-06
1789477513,356172737,body,-0.5246272190262038,7.158158497799393e-06,-6.595188830543505e-05,5.829857379604294e-07,-0.0011400583856998004,1.146261991726377e-06
1789477513,362071235,body,-0.5245334108299136,7.241622763652427e-06,-4.136379030670637e-05,6.031537795697209e-07,-0.0010034418188629424,8.105454912590057e-07
1789477513,368032689,body,-0.5244657172857395,7.301613735098267e-06,-2.021125830014548e-05,6.132079600936618e-07,-0.000867628251777629,4.822040203639292e-07
1789477513,374190947,body,-0.5244207968750317,7.338029125004037e-06,-2.437077520943187e-06,6.138570279475827e-07,-0.0007342418644078393,1.620604692883162e-07
1789477513,380576292,body,-0.5243953498614953,7.351021633344449e-06,1.2053549331161596e-05,6.058656214048328e-07,-0.0006047215832529049,-1.4915992557218202e-07
1789477513,386632691,body,-0.5243861556255922,7.340978211434488e-06,2.3388167413563834e-05,5.900405757334244e-07,-0.00048032072424893,-4.508281000452915e-07
1789477513,392734374,body,-0.5243901054521358,7.308498428431247e-06,3.172231910560964e-05,5.672176050818763e-07,-0.0003621089927845433,-7.424095535879674e-07
1789477513,398787899,body,-0.5244042307917914,7.254371949317008e-06,3.723491926296698e-05,5.38248755453395e-07,-0.000250976590292651,-1.0234605066186596e-06
1789477513,404927492,body,-0.5244257270746269,7.17955556220378e-06,4.0123793908809016e-05,5.039909004921638e-07,-0.00014764017516336682,-1.2936246196783466e-06
1789477513,410918648,body,-0.5244519732009869,7.085150309848369e-06,4.060141517654309e-05,4.6529501287585846e-07,-5.265042635151666e-05,-1.5526280022518236e-06
1789477513,416694955,body,-0.5244805468765796,6.972378379446524e-06,3.889086130217921e-05,4.2299624403874604e-07,3.359903727827195e-05,-1.8002751696567317e-06
1789477513,422629670,body,-0.52450923599541,6.842560858948222e-06,3.5222026006276535e-05,3.7790527631242465e-07,0.00011086162281491697,-2.036442780067988e-06
1789477513,428521967,body,-0.5245360463045896,6.697095727555316e-06,2.9828097733993244e-05,3.30800355200089e-07,0.00017902684529293064,-2.261074636142718e-06
1789477513,437821843,body,-0.5245592056086866,6.537436996047146e-06,2.2942324678500853e-05,2.824209241872182e-07,0.0002381087470415844,-2.474175569403456e-06
1789477513,444627209,body,-0.5245771647901901,6.36507472889543e-06,1.4795078030595552e-05,2.3346161446209677e-07,0.00028823386122464725,-2.675805721094637e-06
1789477513,450773859,body,-0.5245885959365895,6.181516381214778e-06,5.61122132740926e-06,1.8456743334846115e-07,0.00032962891333349715,-2.86607495145811e-06
1789477513,457119803,body,-0.5245923878730304,5.988269228574065e-06,-4.392209693800957e-06,1.3633039297529838e-07,0.0003626084400344341,-3.045136307638722e-06
1789477513,463426726,body,-0.5245876394037816,5.786824456386987e-06,-1.5008016167607776e-05,8.928653989713306e-08,0.0003875624864787995,-3.213180665532794e-06
1789477513,469545924,body,-0.5245736505642274,5.578642575066473e-06,-2.6040537241417055e-05,4.3914031257671286e-08,0.00040494452967616547,-3.3704313247050737e-06
1789477513,475712811,body,-0.5245499121841379,5.365140425985969e-06,-3.730704953401457e-05,6.321850470754398e-10,0.000415259756637963,-3.5171384033760486e-06
1789477513,481725789,body,-0.5245160940526812,5.147679769268872e-06,-4.8638874404394964e-05,-4.019871739869735e-08,0.00041905381018912224,-3.6535736398224387e-06
1789477513,487673752,body,-0.5244720319667958,4.927557452141891e-06,-5.988220520757671e-05,-7.827705464667318e-08,0.00041690209921138084,-3.780026295304669e-06
1789477513,493565458,body,-0.5244177139323754,4.70599703382285e-06,-7.089866923172666e-05,-1.1335856926596918e-07,0.00040939975295881283,-3.896797694927025e-06
1789477513,499419999,body,-0.5243532657711847,4.484142038680828e-06,-8.156564111372151e-05,-1.452545770996751e-07,0.00039715228419132727,-4.004197992456215e-06
1789477513,505276127,body,-0.524278936370858,4.263050692372338e-06,-9.177632623125709e-05,-1.7382975554601591e-07,0.0003807670105785585,-4.102542308001335e-06
1789477513,511948608,body,-0.5241950827973255,4.043692090555442e-06,-0.00010143963399127998,-1.9899936057417802e-07,0.00036084526990875934,-4.192146982275067e-06
1789477513,518044589,body,-0.5241021554686639,3.826943549965751e-06,-0.0001104798619277803,-2.2072602006501574e-07,0.0003379754509994965,-4.273326753341206e-06
1789477513,523963340,body,-0.5240006835718083,3.6135894885018683e-06,-0.0001188362122178055,-2.390163194893861e-07,0.00031272685021091067,-4.346392411671765e-06
1789477513,529951344,body,-0.5238912608797361,3.404321311633856e-06,-0.00012646216230038706,-2.539171676941397e-07,0.00028564435190059215,-4.41164851592478e-06
1789477513,535817140,body,-0.5237745321116741,3.1997382486065182e-06,-0.00013332471165300873,-2.655115921166274e-07,0.0002572439213902932,-4.469391311270689e-06
1789477513,541774782,body,-0.5236511799530669,3.000349597527864e-06,-0.0001394035258958128,-2.739151972063603e-07,0.000228008889578982,-4.519907139193062e-06
1789477513,549081205,body,-0.5235219128367454,2.8065773742810983e-06,-0.00014468999939001406,-2.7927168559569594e-07,0.00019838700043972208,-4.563471600094916e-06
1789477513,557570786,body,-0.52338745356572,2.618759876305327e-06,-0.0001491862560367777,-2.8174886753936116e-07,0.00016878818594886396,-4.6003485298256725e-06
1789477513,563606656,body,-0.523248528839956,2.4371559880610433e-06,-0.00015290410743890587,-2.815348829114086e-07,0.0001395830271694926,-4.630789120801416e-06
1789477513,569325802,body,-0.5231058597322561,2.261950009135497e-06,-0.00015586398599190082,-2.788338824713708e-07,0.00011110185520854232,-4.655031904506941e-06
1789477513,575533424,body,-0.5229601531425856,2.0932567235127478e-06,-0.00015809386931411352,-2.7386243421417353e-07,8.363444315116708e-05,-4.673302574421043e-06
1789477513,581458251,body,-0.5228120942447886,1.931127146779752e-06,-0.00015962821085395093,-2.668458827566321e-07,5.743023539641523e-05,-4.685814022026762e-06
1789477513,587340763,body,-0.5226623399250832,1.77555411831382e-06,-0.00016050689004314233,-2.580148778605632e-07,3.269906153545527e-05,-4.692766563742113e-06
1789477513,593234182,body,-0.5225115132016278,1.6264783841605586e-06,-0.00016077419373705938,-2.4760214812150955e-07,9.612279129102423e-06,-4.6943485297500115e-06
1789477513,599237531,body,-0.5223601985999606,1.4837946404654759e-06,-0.0001604778391599733,-2.3583947249941758e-07,-1.1695710073235264e-05,-4.690737343472272e-06
1789477513,605075414,body,-0.5222089384524076,1.3473574480974207e-06,-0.00015966804697393845,-2.2295516191989425e-07,-3.112562459314591e-05,-4.682098838068774e-06
1789477513,611082029,body,-0.522058230079218,1.2169871298761444e-06,-0.00015839667155062703,-2.091713693914389e-07,-4.861120196415397e-05,-4.668589703510257e-06
1789477513,617135698,body,-0.5219085238031892,1.092475692313993e-06,-0.00015671639416975467,-1.9470217708571444e-07,-6.411688364683537e-05,-4.650357569060195e-06
1789477513,623031847,body,-0.5217602217427656,9.735922514982043e-07,-0.00015467998327446815,-1.7975164605023913e-07,-7.763533518901069e-05,-4.627541887155895e-06
1789477513,628909344,body,-0.5216136773249411,8.600883798758431e-07,-0.0001523396248586648,-1.6451219704213572e-07,-8.918484894754958e-05,-4.60027511038801e-06
1789477513,634713326,body,-0.5214691954549648,7.517032156900748e-07,-0.0001497463246112575,-1.4916325236374836e-07,-9.880667247737788e-05,-4.56868339772694e-06
1789477513,640671815,body,-0.5213270332794709,6.48168014926622e-07,-0.00014694938251169837,-1.3387036498897644e-07,-0.00010656230406341658,-4.532888295619934e-06
1789477513,646658256,body,-0.5211874014746378,5.492105309135945e-07,-0.00014399593949303505,-1.1878435356261953e-07,-0.00011253079149881223,-4.493006536042869e-06
1789477513,652815725,body,-0.5210504659950463,4.5455908520502314e-07,-0.00014093059485871024,-1.0404067136763805e-07,-0.00011680606862965913,-4.449152290378324e-06
1789477513,658819305,body,-0.520916350217589,3.639459134562448e-07,-0.00013779509251827092,-8.975934668156054e-08,-0.0001194943586141476,-4.401436952100124e-06
1789477513,668292032,body,-0.5207851374137891,2.771104510323223e-07,-0.0001346280731532027,-7.604465555710184e-08,-0.00012071167088791022,-4.349970640123874e-06
1789477513,674869561,body,-0.5206568734906085,1.9380211504651084e-07,-0.00013146488918984583,-6.298537622987441e-08,-0.00012058141375359737,-4.29486262098645e-06
1789477513,681108025,body,-0.5205315699383627,1.1378255751823754e-07,-0.00012833747870527352,-5.065505146017459e-08,-0.0001192321417038179,-4.236221997432721e-06
1789477513,687201692,body,-0.5204092069297297,3.68277185813297e-08,-0.00012527429418087246,-3.9112440564157746e-08,-0.00011679545307608523,-4.1741587101213385e-06
1789477513,693073690,body,-0.5202897365157184,-3.727072825147841e-08,-0.00012230028167113427,-2.8402104527223497e-08,-0.00011340404962940177,-4.1087838243654855e-06
1789477513,699081703,body,-0.520173085871143,-1.0870397118004689e-07,-0.00011943690577048196,-1.8555216756825023e-08,-0.00010918996755259482,-4.040209843573802e-06
1789477513,705131925,body,-0.5200591605412952,-1.7764545967988507e-07,-0.00011670221566543498,-9.590175822233988e-09,-0.0001042829851191878,-3.9685517153757776e-06
1789477513,711428352,body,-0.5199478476523757,-2.4425009256949566e-07,-0.00011411094746719575,-1.5136999603153712e-09,-9.880921040600425e-05,-3.893926343538903e-06
1789477513,717522614,body,-0.5198390190455805,-3.08654215801727e-07,-0.00011167465803826303,5.678244250537355e-09,-9.288984989265252e-05,-3.816453465379636e-06
1789477513,723525474,body,-0.5197325343057166,-3.709755872250643e-07,-0.00010940188566812818,1.1999554330057743e-08,-8.664015566592867e-05,-3.7362555543702293e-06
1789477513,729370608,body,-0.5196282436542551,-4.313136562223594e-07,-0.0001072983329727182,1.7472816502719386e-08,-8.016854761313685e-05,-3.653457793880259e-06
1789477513,735331504,body,-0.5195259906846235,-4.897501586465003e-07,-0.00010536706760642928,2.212833600212419e-08,-7.35759050265564e-05,-3.568188765818525e-06
1789477513,741222972,body,-0.5194256149202665,-5.463498656317572e-07,-0.00010360873665599658,2.6002993079240146e-08,-6.695502012505589e-05,-3.4805797293339082e-06
1789477513,747281845,body,-0.5193269541800232,-6.011612865777971e-07,-0.00010202179062276309,2.913926651521385e-08,-6.0390205293853236e-05,-3.390764434577797e-06
1789477513,753426844,body,-0.5192298467395218,-6.54218152119219e-07,-0.00010060271342517382,3.1584266206120987e-08,-5.3957043762873274e-05,-3.2988796314530773e-06
1789477513,759321360,body,-0.5191341332819109,-7.055400159920797e-07,-9.934625486477725e-05,3.338862247048423e-08,-4.772227362398268e-05,-3.2050645636507863e-06
1789477513,765125176,body,-0.5190396586314627,-7.551340684327333e-07,-9.824566253239167e-05,3.460561127147848e-08,-4.174379393502449e-05,-3.1094606890911116e-06
1789477513,771109422,body,-0.5189462732712152,-8.029960262042742e-07,-9.729291024779342e-05,3.52903955345227e-08,-3.607078076255787e-05,-3.0122112915215505e-06
1789477513,779732830,body,-0.5188538346450821,-8.491117942509049e-07,-9.647892059257921e-05,3.54989231943567e-08,-3.074390189456778e-05,-2.913461396406656e-06
1789477513,786893579,body,-0.5187622082484045,-8.934587070870116e-07,-9.579377924777295e-05,3.528736238605766e-08,-2.5795617469995673e-05,-2.8133576355863274e-06
1789477513,792970396,body,-0.51867126851437,-9.360070386114684e-07,-9.522693933943593e-05,3.471146524267101e-08,-2.125055495435204e-05,-2.7120472837243175e-06
1789477513,798967735,body,-0.5185808995035092,-9.7672127044561e-07,-9.476741414040705e-05,3.382563434365535e-08,-1.71259467108157e-05,-2.6096781941151254e-06
1789477513,805344297,body,-0.5184909954074581,-1.0155615500067563e-06,-9.440395684179233e-05,3.26827030424046e-08,-1.3432118339607542e-05,-2.5063989341288447e-06
1789477513,811605419,body,-0.5184014608777182,-1.052484992659073e-06,-9.412522642141279e-05,3.1333220214485654e-08,-1.0173017430591725e-05,-2.4023575885238534e-06
1789477513,817726062,body,-0.5183122111916656,-1.087446823427606e-06,-9.391993881382392e-05,2.982517489964506e-08,-7.3467716668412765e-06,-2.2977017661183643e-06
1789477513,823863440,body,-0.5182231722706984,-1.120401660396527e-06,-9.377700292501587e-05,2.8203645220570935e-08,-4.946266569160105e-06,-2.192578275636124e-06
1789477513,829911426,body,-0.5181342805621383,-1.1513047195438987e-06,-9.368564125828678e-05,2.651034488788677e-08,-2.9597344238813728e-06,-2.087132532905897e-06
1789477513,835860513,body,-0.518045482801688,-1.1801124738111498e-06,-9.363549503235221e-05,2.4783589219253718e-08,-1.3713449881333785e-06,-1.981508449784282e-06
1789477513,842069619,body,-0.5179567356686346,-1.2067839764281946e-06,-9.3616714048279e-05,2.3058086415973703e-08,-1.6179095484501096e-07,-1.8758480633355863e-06
1789477513,848206809,body,-0.5178680053507421,-1.231281534302403e-06,-9.362003157933515e-05,2.1364803785275226e-08,6.91138653688943e-07,-1.7702908341464198e-06
1789477513,854321180,body,-0.5177792670296703,-1.2535712788316436e-06,-9.36368247656e-05,1.9731104451307668e-08,1.2120033476554667e-06,-1.66497350190124e-06
1789477513,860402623,body,-0.5176905043047895,-1.2736241664927101e-06,-9.365916117147657e-05,1.8180507132537417e-08,1.4271796726502422e-06,-1.5600302608067847e-06
1789477513,866544255,body,-0.517601708565306,-1.2914160660718363e-06,-9.3679832251478e-05,1.6732857873566287e-08,1.3643571162429738e-06,-1.4555918269047994e-06
1789477513,872528187,body,-0.5175128783246915,-1.306928612294281e-06,-9.369237447223571e-05,1.5404470135825367e-08,1.05206620101206e-06,-1.3517855734307522e-06
1789477513,878411801,body,-0.5174240185303183,-1.320149209988219e-06,-9.369107911961698e-05,1.4208160529561419e-08,5.192404438402377e-07,-1.2487350000700144e-06
1789477513,884282100,body,-0.5173351398570354,-1.3310715219517637e-06,-9.367099165602099e-05,1.3153585709767243e-08,-2.0518476657075927e-07,-1.1465599193392222e-06
1789477513,890630122,body,-0.5172462579974795,-1.3396955317813795e-06,-9.362790167058309e-05,1.2247166077828531e-08,-1.0926350205484478e-06,-1.0453758437224125e-06
1789477513,899657721,body,-0.5171573929568267,-1.3460276309505037e-06,-9.355832447694183e-05,1.1492500309173387e-08,-2.115220698441253e-06,-9.452939122450548e-07
1789477513,905883592,body,-0.5170685683605861,-1.350080581462285e-06,-9.345947526982104e-05,1.0890513449013105e-08,-3.2460216906393744e-06,-8.464212456698131e-07
1789477513,911891265,body,-0.5169798107837439,-1.3518735290753198e-06,-9.332923707747687e-05,1.0439737778540892e-08,-4.459332160672926e-06,-7.488601647906899e-07
1789477513,917948271,body,-0.5168911491061664,-1.351431848897724e-06,-9.316612328005368e-05,1.0136467253408844e-08,-5.730867294279578e-06,-6.527085833804843e-07
1789477513,924050903,body,-0.51680261390154,-1.3487869568098808e-06,-9.296923586311533e-05,9.975065770482724e-09,-7.03793245742652e-06,-5.580593752533694e-07
1789477513,929958056,body,-0.516714236862906,-1.3439759547867509e-06,-9.273822023025769e-05,9.948372170688154e-09,-8.359556022275848e-06,-4.650011623900348e-07
1789477513,935917082,body,-0.5166260502689806,-1.337041612787266e-06,-9.247321753509059e-05,1.0047617102142626e-08,-9.676588361343014e-06,-3.7361724246358974e-07
1789477513,942270979,body,-0.5165380864946727,-1.328031715989515e-06,-9.217481532691689e-05,1.0262956411639614e-08,-1.0971767962374794e-05,-2.8398679882079586e-07
1789477513,948276896,body,-0.5164503775665072,-1.3169990089999682e-06,-9.18439972960522e-05,1.0583457372822362e-08,-1.2229758442086937e-05,-1.961835881864857e-07
1789477513,954465935,body,-0.5163629547657268,-1.3040005576668865e-06,-9.148209291137871e-05,1.0997781431051341e-08,-1.3437156852836326e-05,-1.1027710620219676e-07
1789477513,960443058,body,-0.5162758482776493,-1.2890975804308382e-06,-9.10907274409178e-05,1.149376485520185e-08,-1.4582477926352089e-05,-2.6331839238056213e-08
1789477513,966406434,body,-0.5161890868895552,-1.2723548919332042e-06,-9.067177312618124e-05,1.2059098597215479e-08,-1.5656115087130995e-05,5.559228948663355e-08
1789477513,972337974,body,-0.5161026977337321,-1.2538405253695782e-06,-9.022730184399828e-05,1.268143162363524e-08,-1.6650281924806127e-05,1.354398932898738e-07
1789477513,978318550,body,-0.5160167060774803,-1.2336252951802023e-06,-8.975953986814377e-05,1.334828524265387e-08,-1.7558936491380893e-05,2.131603862401403e-07
1789477513,984330995,body,-0.5159311351546195,-1.2117824148459133e-06,-8.927082496121325e-05,1.4047533738710013e-08,-1.8377690577117907e-05,2.887072416541132e-07
1789477513,990125438,body,-0.5158460060410088,-1.188387046141145e-06,-8.87635661930561e-05,1.4767370477060837e-08,-1.9103707374634755e-05,3.620386004879329e-07
1789477513,996028417,body,-0.5157613375670155,-1.1635159006145383e-06,-8.824020671660665e-05,1.5496472851018658e-08,-1.9735589125420817e-05,4.3311698493820987e-07
1789477514,2181378,body,-0.5156771462681748,-1.1372468658891586e-06,-8.770318966223531e-05,1.622414722764611e-08,-2.0273257405620104e-05,5.019086967327864e-07
1789477514,11674352,body,-0.5155934463684632,-1.1096585940759165e-06,-8.715492729599658e-05,1.6940343653286927e-08,-2.071782849903802e-05,5.683842678768604e-07
1789477514,18362360,body,-0.5155102497951168,-1.0808302067099135e-06,-8.659777353287908e-05,1.7635702829000417e-08,-2.107148555608036e-05,6.325184340106125e-07
1789477514,24219661,body,-0.5154275662199554,-1.050840890101915e-06,-8.603399978435915e-05,1.8301747518860934e-08,-2.1337349349347278e-05,6.942895748944045e-07
1789477514,30050825,body,-0.5153454031264951,-1.0197696657688596e-06,-8.546577418958742e-05,1.8930830639683052e-08,-2.1519349936299808e-05,7.536798254057215e-07
1789477514,35819904,body,-0.5152637658969578,-9.876949179917093e-07,-8.489514409084533e-05,1.9516144502486954e-08,-2.1622100319208114e-05,8.106748601451105e-07
1789477514,41634256,body,-0.5151826579184277,-9.546944671933443e-07,-8.432402171845577e-05,2.0051795475992518e-08,-2.165077334361723e-05,8.652640910606678e-07
1789477514,47208837,body,-0.5151020807034673,-9.208448669432121e-07,-8.375417295677192e-05,2.0532764517166064e-08,-2.1610983469593244e-05,9.174401278552201e-07
1789477514,53142576,body,-0.5150220340232381,-8.862216501099534e-07,-8.31872089949089e-05,2.095501415105149e-08,-2.1508674360523316e-05,9.671988312883039e-07
1789477514,58723380,body,-0.5149425160498573,-8.508987782150872e-07,-8.262458072390718e-05,2.131523352721146e-08,-2.1350012973398452e-05,1.0145395640089963e-06
1789477514,64168317,body,-0.514863523505044,-8.1494874757823e-07,-8.206757570676043e-05,2.161097797428853e-08,-2.1141290846659355e-05,1.0594641780518071e-06
1789477514,69647286,body,-0.5147850518133105,-7.784421510719121e-07,-8.151731745061228e-05,2.184067598555418e-08,-2.0888833276177003e-05,1.1019781539120589e-06
1789477514,75088247,body,-0.5147070952570018,-7.414479051876317e-07,-8.097476683222446e-05,2.2003444806222898e-08,-2.0598916918953828e-05,1.1420892548969107e-06
1789477514,80380792,body,-0.5146296471306946,-7.04032840945105e-07,-8.044072541317646e-05,2.2099198731634004e-08,-2.0277695636868742e-05,1.1798080889099904e-06
1789477514,85713566,body,-0.5145526998932525,-6.662617698668221e-07,-7.991584045103603e-05,2.2128339018037024e-08,-1.9931134994652575e-05,1.2151482860008043e-06
1789477514,91042396,body,-0.5144762453171443,-6.281975014447573e-07,-7.940061137056782e-05,2.2092140299385508e-08,-1.9564955174415014e-05,1.2481252771978803e-06
1789477514,96155156,body,-0.5144002746306569,-5.899005816996186e-07,-7.889539746236103e-05,2.1992251583709015e-08,-1.9184582944086386e-05,1.2787578131652922e-06
1789477514,101299571,body,-0.5143247786547082,-5.514294574517492e-07,-7.8400426566962e-05,2.1830764275358827e-08,-1.8795111450684296e-05,1.3070662611267928e-06
1789477514,106357616,body,-0.514249747931276,-5.128404308422689e-07,-7.791580468621015e-05,2.1610341821157728e-08,-1.8401267933914295e-05,1.3330735063874248e-06
1789477514,113937722,body,-0.5141751728435489,-4.7418764111592954e-07,-7.744152606596277e-05,2.133391449829417e-08,-1.8007389477797716e-05,1.3568045814407096e-06
1789477514,122632452,body,-0.5141010437267323,-4.3552294671762793e-07,-7.697748383729975e-05,2.100478048615098e-08,-1.761740563678422e-05,1.3782867414801828e-06
1789477514,128265311,body,-0.5140273509684824,-3.968963430305823e-07,-7.652348083493847e-05,2.0626527320219427e-08,-1.7234828111792313e-05,1.3975486650150528e-06
1789477514,133545055,body,-0.513954085100244,-3.5835544318604187e-07,-7.60792405470283e-05,2.0202841905567064e-08,-1.6862746454757478e-05,1.4146216573047613e-06
1789477514,138713261,body,-0.5138812368770787,-3.1994606867816526e-07,-7.564441800494307e-05,1.9737600911888794e-08,-1.6503829402007948e-05,1.4295382825813284e-06
1789477514,143939404,body,-0.5138087973483614,-2.8171195359229185e-07,-7.521861050546084e-05,1.9234800872484506e-08,-1.6160331634415494e-05,1.4423329835357664e-06
1789477514,149197315,body,-0.5137367579170029,-2.436948247909668e-07,-7.480136800428247e-05,1.8698418519210587e-08,-1.5834104824110822e-05,1.4530419658228317e-06
1789477514,154492410,body,-0.5136651103898255,-2.0593468288216836e-07,-7.43922031550422e-05,1.813254537373156e-08,-1.5526612923371962e-05,1.4617029871482423e-06
1789477514,159745850,body,-0.5135938470172454,-1.684695782128317e-07,-7.399060079902837e-05,1.7541205968819993e-08,-1.5238950556571468e-05,1.4683549597692768e-06
1789477514,164977962,body,-0.5135229605247131,-1.3133596178049011e-07,-7.359602696667106e-05,1.692818913680704e-08,-1.4971864609578471e-05,1.4730387342774785e-06
1789477514,170036919,body,-0.5134524441343128,-9.456846021465348e-08,-7.320793719743442e-05,1.6297397064867988e-08,-1.4725777835322064e-05,1.4757960072173742e-06
1789477514,175124432,body,-0.5133822915789359,-5.820015622971092e-08,-7.282578421583276e-05,1.56525100530941e-08,-1.4500814493276545e-05,1.4766700426615257e-06
1789477514,180254594,body,-0.513312497108427,-2.2262509141363183e-08,-7.24490249483793e-05,1.499707674355421e-08,-1.429682721353105e-05,1.4757051615310923e-06
1789477514,185388796,body,-0.5132430554891922,1.3214419009303426e-08,-7.207712673969164e-05,1.4334387689259553e-08,-1.4113424579171568e-05,1.472946945853901e-06
1789477514,190625182,body,-0.5131739619971285,4.820210785649663e-08,-7.17095729235344e-05,1.36676643501982e-08,-1.3949999416982637e-05,1.4684417947197906e-06
1789477514,195667157,body,-0.5131052124048332,8.267331159770702e-08,-7.134586760891871e-05,1.2999814942485736e-08,-1.380575686388628e-05,1.4622371551598679e-06
1789477514,200759865,body,-0.5130368029644794,1.16602291193565e-07,-7.098553977452538e-05,1.233353558400522e-08,-1.3679742210225473e-05,1.45438159766801e-06
1789477514,205880684,body,-0.5129687303860381,1.4996431631049426e-07,-7.062814666604814e-05,1.1671420479780383e-08,-1.357086802805984e-05,1.4449240479543764e-06
1789477514,211023116,body,-0.5129009918118395,1.8273617489633347e-07,-7.027327647013781e-05,1.101567429316486e-08,-1.3477940453480406e-05,1.4339146351007272e-06
1789477514,219233962,body,-0.5128335847888272,2.1489565074064558e-07,-6.992055042802825e-05,1.0368394378697926e-08,-1.339968433760321e-05,1.4214039322316348e-06
1789477514,224939401,body,-0.5127665072375068,2.4642177163817974e-07,-6.956962422725928e-05,9.731403145149656e-09,-1.333476683768873e-05,1.4074432207174546e-06
1789477514,230189025,body,-0.5126997574207176,2.7729464408017837e-07,-6.922018895439875e-05,9.106223715972819e-09,-1.3281819712654673e-05,1.3920842992159573e-06
1789477514,235385326,body,-0.5126333339098107,3.074955119180162e-07,-6.887197136722915e-05,8.494367562853e-09,-1.323945970120514e-05,1.3753792128409432e-06
1789477514,240632415,body,-0.5125672355509702,3.370066186444108e-07,-6.852473384944475e-05,7.896880309656938e-09,-1.3206307330128426e-05,1.3573809081055919e-06
1789477514,245811599,body,-0.5125014614314262,3.6581127292657334e-07,-6.817827378791984e-05,7.314824903171612e-09,-1.3181003924024064e-05,1.3381421538876612e-06
1789477514,251249991,body,-0.5124360108457756,3.9389379513000345e-07,-6.7832422665217e-05,6.7489872170821596e-09,-1.3162226481172052e-05,1.317716442874482e-06
1789477514,256422115,body,-0.5123708832635109,4.21239528409897e-07,-6.748704475543921e-05,6.19991730525006e-09,-1.3148700955144965e-05,1.296157045664799e-06
1789477514,261549638,body,-0.5123060782964769,4.478347581252227e-07,-6.71420355742424e-05,5.668081363547337e-09,-1.3139213380335825e-05,1.2735175925588097e-06
1789477514,266616749,body,-0.5122415956690649,4.7366678298340007e-07,-6.679732005706491e-05,5.153792930858995e-09,-1.3132619606409392e-05,1.2498517560231757e-06
1789477514,271746090,body,-0.5121774351891507,4.987238330328674e-07,-6.645285054524435e-05,4.657215092244896e-09,-1.312785269903954e-05,1.2252131663166595e-06
1789477514,276847485,body,-0.5121135967210949,5.229950733923805e-07,-6.610860464612993e-05,4.178350405698646e-09,-1.31239290716737e-05,1.1996556379756022e-06
1789477514,281984549,body,-0.5120500801604484,5.464706940944744e-07,-6.576458296065775e-05,3.717096529248198e-09,-1.3119952879795062e-05,1.1732323704657959e-06
1789477514,286979975,body,-0.5119868854115698,5.691417415474401e-07,-6.542080672348486e-05,3.2733071131472224e-09,-1.3115118748741008e-05,1.1459966098883097e-06
1789477514,292118171,body,-0.5119240123663096,5.910002569422556e-07,-6.507731547523217e-05,2.8467074120589392e-09,-1.3108713379085045e-05,1.1180014957532075e-06
1789477514,297120053,body,-0.5118614608857861,6.120391394056914e-07,-6.473416463737474e-05,2.4369698057313166e-09,-1.3100115539976048e-05,1.089299716825545e-06
1789477514,302118591,body,-0.5117992307839353,6.32252363798204e-07,-6.439142319847742e-05,2.043680391544517e-09,-1.3088795274219599e-05,1.0599438330839699e-06
1789477514,307145895,body,-0.511737321813941,6.516346646878156e-07,-6.40491714138457e-05,1.666387935664176e-09,-1.3074311553482727e-05,1.0299855452033252e-06
1789477514,314625826,body,-0.5116757336559425,6.701818150489649e-07,-6.370749857600461e-05,1.3046458976342448e-09,-1.3056309500520688e-05,9.994763740188598e-07
1789477514,321124937,body,-0.511614465907584,6.878904558526189e-07,-6.33665009409512e-05,9.578781640836623e-10,-1.3034516464535918e-05,9.684671164912559e-07
1789477514,326334604,body,-0.5115535180766254,7.047581676827601e-07,-6.302627967372827e-05,6.256409513280942e-10,-1.3008737866724053e-05,9.370082787422341e-07
1789477514,331587550,body,-0.511492889574833,7.207834682168697e-07,-6.268693903215878e-05,3.0734975263901733e-10,-1.2978851860103282e-05,9.051496074885286e-07
1789477514,336804469,body,-0.5114325797147098,7.359657205755161e-07,-6.234858459247859e-05,2.459174037413003e-12,-1.2944804024864806e-05,8.729400767520304e-07
1789477514,341955922,body,-0.5113725877071518,7.50305260849048e-07,-6.201132171555574e-05,-2.8952818256603404e-10,-1.2906601659608504e-05,8.404277746175655e-07
1789477514,347118057,body,-0.5113129126609856,7.638032367308681e-07,-6.16752540751172e-05,-5.691539768500773e-10,-1.2864307674003532e-05,8.07660413917482e-07
1789477514,352523875,body,-0.5112535535839638,7.764618210777047e-07,-6.134048242655945e-05,-8.369207622392174e-10,-1.2818034610244255e-05,7.746847105209964e-07
1789477514,357709313,body,-0.5111945093848973,7.882838678797978e-07,-6.1007103495201755e-05,-1.0933153244950543e-09,-1.276793835806957e-05,7.415464588239593e-07
1789477514,362877108,body,-0.5111357788771355,7.992732708312739e-07,-6.0675208994604166e-05,-1.3387753887462059e-09,-1.2714212057420257e-05,7.082905672808491e-07
1789477514,368108466,body,-0.5110773607827243,8.094346537240939e-07,-6.034488486855369e-05,-1.5737840407479641e-09,-1.2657080326394265e-05,6.749613248402398e-07
1789477514,373240954,body,-0.511019253737735,8.187735784871275e-07,-6.001621061654654e-05,-1.7986708308780189e-09,-1.2596793062864575e-05,6.416014550692152e-07
1789477514,378386440,body,-0.5109614562980909,8.272963213097609e-07,-5.968925880691183e-05,-2.0138695552101667e-09,-1.2533620202011347e-05,6.082532862814081e-07
1789477514,383479411,body,-0.5109039669459613,8.350100667828175e-07,-5.936409469445727e-05,-2.219728225668054e-09,-1.2467846159652277e-05,5.749577301646303e-07
1789477514,388588569,body,-0.510846784096513,8.41922686527112e-07,-5.9040775988708224e-05,-2.4164736162322457e-09,-1.2399764987233067e-05,5.417547036706314e-07
1789477514,393596267,body,-0.5107899061049789,8.480429046455372e-07,-5.87193527277611e-05,-2.6044721956235206e-09,-1.2329675718878126e-05,5.086833199268889e-07
1789477514,398572259,body,-0.510733331274333,8.53380106377619e-07,-5.839986727645023e-05,-2.7839214110589052e-09,-1.2257878287994454e-05,4.757814797276679e-07
1789477514,403583819,body,-0.5106770578620752,8.579444950262832e-07,-5.808235437693543e-05,-2.9550761231195138e-09,-1.2184669292877619e-05,4.430855961584477e-07
1789477514,409000294,body,-0.5106210840879768,8.617468304936275e-07,-5.7766841372643833e-05,-3.118143244802634e-09,-1.211033894471109e-05,4.1063125186564666e-07
1789477514,417113829,body,-0.5105654081410076,8.647987129552068e-07,-5.7453348408251014e-05,-3.27327059750512e-09,-1.20351677324558e-05,3.7845298145405155e-07
1789477514,422507114,body,-0.5105100281866192,8.671121914722602e-07,-5.7141888781923696e-05,-3.420529085104195e-09,-1.1959424015885103e-05,3.4658392065874536e-07
1789477514,427726493,body,-0.5104549423729978,8.687001155469485e-07,-5.683246930420247e-05,-3.5601336640053305e-09,-1.1883361748522421e-05,3.150560305722871e-07
1789477514,432940307,body,-0.5104001488380634,8.695758325130218e-07,-5.652509070761716e-05,-3.6921868992174637e-09,-1.1807218480338456e-05,2.8390021759198364e-07
1789477514,438240075,body,-0.5103456457148685,8.697532630701271e-07,-5.621974813633785e-05,-3.8167622048790924e-09,-1.1731214202024074e-05,2.531461846354423e-07
1789477514,443418822,body,-0.5102914311377106,8.692468606891341e-07,-5.591643158343381e-05,-3.9338826871320265e-09,-1.1655550080436399e-05,2.2282205588845455e-07
1789477514,448737213,body,-0.5102375032468193,8.680715366775613e-07,-5.5615126437806414e-05,-4.0436600448833516e-09,-1.1580407620382497e-05,1.9295511841080952e-07
1789477514,454103625,body,-0.5101838601934041,8.662428032195352e-07,-5.531581396647148e-05,-4.1461612597905855e-09,-1.1505948400386068e-05,1.6357131367623466e-07
1789477514,459361358,body,-0.5101305001435952,8.637764607617145e-07,-5.5018471845203847e-05,-4.241374220639114e-09,-1.143231389838487e-05,1.3469547960644557e-07
1789477514,464714931,body,-0.5100774212822813,8.606887960253849e-07,-5.4723074683429143e-05,-4.329370842963291e-09,-1.13596255283663e-05,1.0635082429875211e-07
1789477514,469915681,body,-0.510024621816201,8.569965188198782e-07,-5.4429594474047805e-05,-4.41022506204251e-09,-1.128798512886305e-05,7.855982754080647e-08
1789477514,475038757,body,-0.5099720999766064,8.527165784668585e-07,-5.413800116634465e-05,-4.483887237348869e-09,-1.121747543258294e-05,5.1343350431898286e-08
1789477514,480064475,body,-0.5099198540218222,8.478663791539982e-07,-5.384826306273636e-05,-4.5504640402997465e-09,-1.1148160779167778e-05,2.4721301471906996e-08
1789477514,485096369,body,-0.5098678822385221,8.424634147566734e-07,-5.3560347295247e-05,-4.609996339017397e-09,-1.1080088325336852e-05,-1.2878385781627548e-09
1789477514,490231279,body,-0.5098161829435438,8.365256746501638e-07,-5.327422023238058e-05,-4.662548065542969e-09,-1.1013288588899032e-05,-2.666673693417867e-08
1789477514,495396772,body,-0.5097647544847043,8.300711991531102e-07,-5.298984788769494e-05,-4.708111867437776e-09,-1.0947777283949377e-05,-5.139911995576956e-08
1789477514,500672147,body,-0.5097135952407998,8.231183751730543e-07,-5.270719622864401e-05,-4.746767838267675e-09,-1.0883555823798876e-05,-7.54700040976603e-08
1789477514,505822797,body,-0.5096627036228852,8.156855976465252e-07,-5.242623156446792e-05,-4.77864797588793e-09,-1.082061309511201e-05,-9.886583801211077e-08
1789477514,514021376,body,-0.5096120780731017,8.077914885171041e-07,-5.214692078708854e-05,-4.80373311388275e-09,-1.0758926678044512e-05,-1.2157388523315252e-07
1789477514,519792267,body,-0.509561717064712,7.994548319639651e-07,-5.1869231629757774e-05,-4.822212588375227e-09,-1.0698464065264196e-05,-1.4358255507861188e-07
1789477514,524947835,body,-0.5095116191015313,7.906944284677448e-07,-5.1593132911771194e-05,-4.834150007118399e-09,-1.063918415964297e-05,-1.6488180005793229e-07
1789477514,530067312,body,-0.5094617827166857,7.815291624552406e-07,-5.131859470920503e-05,-4.839581065034284e-09,-1.0581038602086255e-05,-1.8546240312403758e-07
1789477514,535324178,body,-0.5094122064717573,7.71977906409426e-07,-5.104558849763104e-05,-4.838773319553704e-09,-1.0523972695233608e-05,-2.0531612204157397e-07
1789477514,540507506,body,-0.5093628889552582,7.620596632210504e-07,-5.077408730060168e-05,-4.831733196838783e-09,-1.0467927350795557e-05,-2.244361000941827e-07
1789477514,545646638,body,-0.5093138287817413,7.517932795180604e-07,-5.0504065751998216e-05,-4.818635690035207e-09,-1.041283950810185e-05,-2.4281662412094517e-07
1789477514,550987371,body,-0.5092650245894912,7.411976993189282e-07,-5.023550017625347e-05,-4.799669029792851e-09,-1.0358643779458375e-05,-2.6045248500404346e-07
1789477514,556136966,body,-0.5092164750396724,7.302917270657541e-07,-4.9968368624932696e-05,-4.7749912221089465e-09,-1.0305273297238856e-05,-2.7734010786911085e-07
1789477514,561189662,body,-0.5091681788144096,7.190940323400277e-07,-4.9702650883990104e-05,-4.744743491182887e-09,-1.0252660599854652e-05,-2.9347678159249126e-07
1789477514,566372848,body,-0.5091201346149768,7.076233358438592e-07,-4.9438328448514415e-05,-4.70917020898616e-09,-1.020073873530292e-05,-3.0886051671003706e-07
1789477514,571515867,body,-0.5090723411606951,6.958980789647382e-07,-4.917538453612202e-05,-4.668393414488328e-09,-1.014944175300675e-05,-3.2349079367427275e-07
1789477514,576613035,body,-0.5090247971864825,6.839366628964181e-07,-4.891380397574901e-05,-4.622606156251913e-09,-1.009870566970165e-05,-3.373674726435541e-07
1789477514,581638928,body,-0.5089775014420354,6.717573179253988e-07,-4.865357320809304e-05,-4.572070141279634e-09,-1.0048468889105476e-05,-3.504917149666758e-07
1789477514,586720375,body,-0.5089304526898403,6.593780293472178e-07,-4.8394680151980314e-05,-4.517033651998186e-09,-9.99867284362191e-06,-3.6286550355434533e-07
1789477514,591811102,body,-0.5088836497039295,6.46816627345218e-07,-4.8137114171999285e-05,-4.4575716501868295e-09,-9.949262382922846e-06,-3.7449183159428857e-07
1789477514,596942221,body,-0.5088370912682121,6.340907364561144e-07,-4.78808659239327e-05,-4.394041030546801e-09,-9.90018612699867e-06,-3.853742873930266e-07
1789477514,602026889,body,-0.508790776175585,6.212177545819734e-07,-4.762592728796921e-05,-4.326602083204965e-09,-9.851396687088635e-06,-3.9551728967458217e-07
1789477514,608016655,body,-0.5087447032262992,6.082148449180035e-07,-4.737229127152985e-05,-4.255463828650944e-09,-9.802850899943931e-06,-4.0492627857396383e-07
1789477514,615697785,body,-0.5086988712272139,5.950988564854364e-07,-4.711995185545663e-05,-4.1808862876902154e-09,-9.754509965489826e-06,-4.136073803499255e-07
1789477514,621126692,body,-0.5086532789904814,5.81886413990131e-07,-4.6868903907979796e-05,-4.103136077185915e-09,-9.706339489019633e-06,-4.2156738517422e-07
1789477514,626422695,body,-0.5086079253329437,5.685938827390892e-07,-4.6619143093233065e-05,-4.0223642354102105e-09,-9.658309439000188e-06,-4.288141201495877e-07
1789477514,631621616,body,-0.5085628090751733,5.552372784761931e-07,-4.637066569739317e-05,-3.9388583792181435e-09,-9.610394157069675e-06,-4.3535547234858464e-07
1789477514,636837162,body,-0.5085179290406905,5.418323525915757e-07,-4.612346859120649e-05,-3.852808291190689e-09,-9.562572237018285e-06,-4.4120052564946453e-07
1789477514,641974472,body,-0.5084732840558231,5.283944799515878e-07,-4.587754907820915e-05,-3.764488035593902e-09,-9.51482630940776e-06,-4.463592898669167e-07
1789477514,647176948,body,-0.5084288729485686,5.149388279412481e-07,-4.5632904822447286e-05,-3.6740507417726478e-09,-9.46714288281135e-06,-4.5084142174711593e-07
1789477514,652544875,body,-0.5083846945491266,5.014800724623995e-07,-4.538953372352632e-05,-3.581741529957636e-09,-9.419512152849844e-06,-4.5465797470828416e-07
1789477514,657795502,body,-0.508340747688443,4.88032654768898e-07,-4.5147433883416615e-05,-3.4877999497593854e-09,-9.371927706876804e-06,-4.578203885244545e-07
1789477514,663017110,body,-0.5082970311993112,4.7461064099555534e-07,-4.490660345077897e-05,-3.3924322373097854e-09,-9.324386374096816e-06,-4.6034039606308856e-07
1789477514,668193807,body,-0.5082535439150574,4.612277276212828e-07,-4.4667040628881205e-05,-3.2957868176407334e-09,-9.276887810343565e-06,-4.6223057173215245e-07
1789477514,673256186,body,-0.508210284670429,4.478972263996851e-07,-4.4428743536820156e-05,-3.1981165224734747e-09,-9.229434338205233e-06,-4.6350339225304554e-07
1789477514,678370076,body,-0.5081672523010967,4.3463212009703115e-07,-4.419171020820221e-05,-3.0996274143530444e-09,-9.182030427441324e-06,-4.64172644403347e-07
1789477514,683549666,body,-0.5081244456439753,4.2144497194969744e-07,-4.395593849055925e-05,-3.00044235858413e-09,-9.13468276048692e-06,-4.6425184183412453e-07
1789477514,688697423,body,-0.5080818635372225,4.0834797899293135e-07,-4.3721426051173586e-05,-2.900821829062571e-09,-9.087399627378972e-06,-4.6375520431569605e-07
1789477514,693848451,body,-0.5080395048204175,3.9535296455018137e-07,-4.348817029739077e-05,-2.800879744348763e-09,-9.040190796972725e-06,-4.626972557997749e-07
1789477514,699011415,body,-0.5079973683349865,3.824713219718844e-07,-4.3256168367603165e-05,-2.7008121518625818e-09,-8.993067183873055e-06,-4.6109299542369024e-07
1789477514,704192294,body,-0.5079554529241326,3.6971407062616195e-07,-4.302541711314525e-05,-2.6007685157849775e-09,-8.946040593082656e-06,-4.589573246186528e-07
1789477514,712732090,body,-0.5079137574337227,3.5709185899032445e-07,-4.2795913067731855e-05,-2.500866062465896e-09,-8.899123514614615e-06,-4.563057310091358e-07
1789477514,718477649,body,-0.5078722807118273,3.446148116518717e-07,-4.2567652450459885e-05,-2.4012897202949053e-09,-8.852328759333804e-06,-4.5315413965577294e-07
1789477514,723678891,body,-0.5078310216091452,3.32292872985295e-07,-4.2340631147888365e-05,-2.3022033431500028e-09,-8.805669498928686e-06,-4.4951859107932023e-07
1789477514,728999589,body,-0.507789978980106,3.201353316171295e-07,-4.211484471985022e-05,-2.20370085010813e-09,-8.75915877075107e-06,-4.4541532341116483e-07
1789477514,734441918,body,-0.5077491516824074,3.0815128528136827e-07,-4.189028841771832e-05,-2.1058884638615047e-09,-8.712809506681503e-06,-4.40860115151734e-07
1789477514,739668935,body,-0.5077085385773714,2.9634921344552195e-07,-4.166695716053829e-05,-2.008942248194677e-09,-8.666634271115755e-06,-4.358698439307578e-07
1789477514,744835809,body,-0.5076681385306894,2.8473741840302775e-07,-4.144484558526166e-05,-1.9129017286147553e-09,-8.620645054465982e-06,-4.3046151392630156e-07
1789477514,750228864,body,-0.5076279504124939,2.7332358149998855e-07,-4.122394803014782e-05,-1.8179308964625688e-09,-8.574853454124156e-06,-4.246514254502815e-07
1789477514,755507560,body,-0.5075879730974291,2.621150959559871e-07,-4.100425857119624e-05,-1.7241037395880405e-09,-8.529270247027323e-06,-4.184567714227553e-07
1789477514,760653865,body,-0.5075482054652559,2.511189416231629e-07,-4.078577104394026e-05,-1.6315476082900087e-09,-8.483905355242087e-06,-4.118944383486918e-07
1789477514,765818183,body,-0.5075086464010276,2.403417089255886e-07,-4.05684790425054e-05,-1.5403188608670766e-09,-8.438767952542818e-06,-4.0498107735707125e-07
1789477514,770855944,body,-0.5074692947952694,2.2978942778433965e-07,-4.0352375981623327e-05,-1.4504615807935751e-09,-8.39386634562253e-06,-3.977341389360128e-07
1789477514,775979091,body,-0.507430149544191,2.194679813029832e-07,-4.0137455073091574e-05,-1.3620688007700928e-09,-8.349207757592394e-06,-3.901705295702715e-07
1789477514,781117467,body,-0.5073912095496856,2.093826764254964e-07,-3.99237093839789e-05,-1.2752713196006866e-09,-8.304798605547112e-06,-3.823072823144717e-07
1789477514,786291459,body,-0.5073524737199,1.9953842891816226e-07,-3.9711131863421515e-05,-1.1900767681140631e-09,-8.260644339571389e-06,-3.7416114821191885e-07
1789477514,791485716,body,-0.5073139409693045,1.8993984274323716e-07,-3.949971532909427e-05,-1.1065116393124675e-09,-8.216749367254908e-06,-3.6574925800456155e-07
1789477514,796602795,body,-0.507275610218267,1.8059113455139612e-07,-3.928945254120523e-05,-1.024717983151504e-09,-8.173117190243115e-06,-3.5708822508402217e-07
1789477514,801686823,body,-0.5072374803940116,1.714960027026385e-07,-3.9080336172838175e-05,-9.44693521750973e-10,-8.129750555229812e-06,-3.481949314989518e-07
1789477514,808683732,body,-0.507199550429945,1.626579289916288e-07,-3.8872358884784686e-05,-8.664471505320367e-10,-8.086651180843607e-06,-3.390859262325453e-07
1789477514,815648755,body,-0.5071618192661168,1.5407994947197807e-07,-3.866551330367137e-05,-7.900788421984839e-10,-8.043819984130977e-06,-3.2977769610610325e-07
1789477514,821084341,body,-0.5071242858491138,1.457647249631791e-07,-3.84597920689736e-05,-7.155687336831469e-10,-8.001257251531661e-06,-3.202864059624338e-07
1789477514,826215496,body,-0.5070869491321662,1.3771455312446417e-07,-3.8255187826191895e-05,-6.430457363755848e-10,-7.958962485669068e-06,-3.106284515878449e-07
1789477514,831390107,body,-0.5070498080749704,1.2993135137507972e-07,-3.805169326310929e-05,-5.724267819646698e-10,-7.916934544124247e-06,-3.0081985792999207e-07
1789477514,836603903,body,-0.5070128616439372,1.224167569721111e-07,-3.7849301122043603e-05,-5.037810214278004e-10,-7.875171623898964e-06,-2.908758616955918e-07
1789477514,841799710,body,-0.5069761088118366,1.1517202504694932e-07,-3.7648004203632975e-05,-4.37115363953981e-10,-7.833671593367721e-06,-2.808125744400594e-07
1789477514,847001587,body,-0.5069395485581891,1.0819800141514913e-07,-3.744779538077412e-05,-3.7244574422674594e-10,-7.79243168141424e-06,-2.706450840942718e-07
1789477514,852409694,body,-0.5069031798684126,1.0149526117016417e-07,-3.7248667621195984e-05,-3.098214154867796e-10,-7.751448746111312e-06,-2.603886229218275e-07
1789477514,857663521,body,-0.5068670017346746,9.506412283744356e-08,-3.7050613973726636e-05,-2.4922843693733365e-10,-7.710719397950255e-06,-2.5005787028823447e-07
1789477514,862853712,body,-0.5068310131553607,8.890444102992125e-08,-3.685362759852947e-05,-1.9070176881070386e-10,-7.670239925455523e-06,-2.396672812994055e-07
1789477514,868015247,body,-0.5067952131350021,8.301584840438013e-08,-3.6657701750681665e-05,-1.3420975449124276e-10,-7.63000647282802e-06,-2.2923158194834916e-07
1789477514,873090603,body,-0.5067596006840628,7.739765013416326e-08,-3.6462829809306105e-05,-7.975196775365595e-11,-7.590014906707035e-06,-2.1876441021301144e-07
1789477514,878194730,body,-0.5067241748191894,7.204885134911228e-08,-3.6269005243180816e-05,-2.736464676578616e-11,-7.55026104599526e-06,-2.0827937742996152e-07
1789477514,883341793,body,-0.5066889345625697,6.696821346256776e-08,-3.6076221653325385e-05,2.302810416926036e-11,-7.510740688501413e-06,-1.977903302909353e-07
1789477514,888491248,body,-0.5066538789427157,6.215411804745493e-08,-3.588447274722225e-05,7.134214772766631e-11,-7.471449596504773e-06,-1.8730983208712194e-07
1789477514,893574884,body,-0.5066190069933976,5.760478167357241e-08,-3.5693752341264976e-05,1.175921653861584e-10,-7.432383604451562e-06,-1.7685073475702057e-07
1789477514,898605200,body,-0.5065843177537502,5.331810744089594e-08,-3.550405436846578e-05,1.6191937199414968e-10,-7.393538502377384e-06,-1.664257947466042e-07
1789477514,903877017,body,-0.5065498102690894,4.9291730905078026e-08,-3.531537286465254e-05,2.041717825322951e-10,-7.3549102734969195e-06,-1.5604701136083406e-07
1789477514,911907316,body,-0.5065154835894924,4.55230734132703e-08,-3.512770196966167e-05,2.444337963675353e-10,-7.316495022039509e-06,-1.457256844391286e-07
1789477514,917365576,body,-0.5064813367704362,4.200926174640212e-08,-3.494103592766658e-05,2.826932432423133e-10,-7.278289013217457e-06,-1.3547348464559056e-07
1789477514,922615544,body,-0.5064473688725845,3.874726660976549e-08,-3.475536908151811e-05,3.190100408837354e-10,-7.240288644357063e-06,-1.2530152752531188e-07
1789477514,927661401,body,-0.506413578961824,3.573383436319171e-08,-3.457069585347247e-05,3.5337850276607363e-10,-7.2024905448238535e-06,-1.1522012038784333e-07
1789477514,932820732,body,-0.5063799661088728,3.296540384268836e-08,-3.4387010760717825e-05,3.8582735609987523e-10,-7.164891516066299e-06,-1.0523970154550581e-07
1789477514,938065540,body,-0.5063465293895293,3.043835304505929e-08,-3.4204308402953145e-05,4.1638972503109177e-10,-7.12748849720183e-06,-9.537044063623e-08
1789477514,943274419,body,-0.506313267884175,2.8148744661902446e-08,-3.402258344432514e-05,4.4504863914022963e-10,-7.090278785947614e-06,-8.562133490752814e-08
1789477514,948478198,body,-0.506280180678236,2.6092527835758273e-08,-3.384183063616132e-05,4.718493320712536e-10,-7.053259833234322e-06,-7.600183457157627e-08
1789477514,953863434,body,-0.5062472668615797,2.4265473125009402e-08,-3.3662044771333346e-05,4.968513971034729e-10,-7.016429222106645e-06,-6.652080364142007e-08
1789477514,958964740,body,-0.506214525528976,2.266313405082058e-08,-3.348322072447767e-05,5.200566243442614e-10,-6.979784875339348e-06,-5.718652215861052e-08
1789477514,964128976,body,-0.5061819557796708,2.128098295758848e-08,-3.3305353405112365e-05,5.415422417566729e-10,-6.943324897782052e-06,-4.800681718620133e-08
1789477514,969122077,body,-0.5061495567173163,2.0114267037328692e-08,-3.312843778194632e-05,5.612466606361401e-10,-6.9070474842140825e-06,-3.8989240465763476e-08
1789477514,974150388,body,-0.5061173274503599,1.91581569471004e-08,-3.2952468866101996e-05,5.792126515902699e-10,-6.870951140275562e-06,-3.014143920766164e-08
1789477514,979292850,body,-0.5060852670915482,1.840767280756171e-08,-3.277744170726573e-05,5.955617087514818e-10,-6.835034432670319e-06,-2.1470125806825e-08
1789477514,984401685,body,-0.5060533747579621,1.7857704300532304e-08,-3.260335138448076e-05,6.102875982337197e-10,-6.799296202325642e-06,-1.298157080201097e-08
1789477514,989403473,body,-0.5060216495711235,1.7503014913458825e-08,-3.2430193014793106e-05,6.234218088324866e-10,-6.763735385648773e-06,-4.681878194851257e-09
1789477514,994444709,body,-0.5059900906569592,1.7338374290594124e-08,-3.225796174460473e-05,6.349624839328496e-10,-6.728351083360739e-06,3.4231633131240764e-09
1789477514,999599327,body,-0.5059586971459085,1.7358268299292625e-08,-3.208665273212804e-05,6.449887599437821e-10,-6.693142561604065e-06,1.1328240203610932e-08
1789477515,7411654,body,-0.5059274681723183,1.755725600150104e-08,-3.191626116653017e-05,6.535408686528504e-10,-6.65810911649915e-06,1.902845639834579e-08
1789477515,13384797,body,-0.5058964028750829,1.792976712418302e-08,-3.174678225660641e-05,6.607200580385656e-10,-6.623250140752455e-06,2.651933548907982e-08
1789477515,18500482,body,-0.5058655003975376,1.8470112416085442e-08,-3.1578211217471446e-05,6.663733239035172e-10,-6.588565287978108e-06,3.379645877509617e-08
1789477515,23557526,body,-0.5058347598868905,1.9172670217656107e-08,-3.1410543294369866e-05,6.70702861861768e-10,-6.554053969755663e-06,4.085611147055332e-08
1789477515,28624796,body,-0.5058041804950743,2.0031620408499706e-08,-3.1243773726551076e-05,6.737365566462472e-10,-6.5197158852163055e-06,4.769459431622016e-08
1789477515,33714283,body,-0.505773761377823,2.10412168576654e-08,-3.107789778967121e-05,6.754877687223274e-10,-6.485550721278093e-06,5.430914730015024e-08
1789477515,38801378,body,-0.5057435016954188,2.2195562515501563e-08,-3.091291074835825e-05,6.760220464101442e-10,-6.4515581970533835e-06,6.069689717242976e-08
1789477515,44136195,body,-0.5057134006122646,2.3488851570356307e-08,-3.074880788597156e-05,6.753593750624743e-10,-6.417738081618039e-06,6.685541476810266e-08
1789477515,49306561,body,-0.5056834572972037,2.4915170666984907e-08,-3.058558449957966e-05,6.734986234374313e-10,-6.38409007854217e-06,7.278248852393376e-08
1789477515,54562163,body,-0.5056536709228102,2.646867095681921e-08,-3.0423235891310534e-05,6.70551857264002e-10,-6.3506139668905246e-06,7.847638872377648e-08
1789477515,59727578,body,-0.5056240406663128,2.8143373283563353e-08,-3.0261757377815002e-05,6.665045099592872e-10,-6.317309503526054e-06,8.393611172574165e-08
1789477515,64803057,body,-0.5055945657092022,2.993347758602321e-08,-3.0101144284107074e-05,6.615019232626658e-10,-6.28417642310398e-06,8.916024534023848e-08
1789477515,69915084,body,-0.5055652452367716,3.183303250899833e-08,-2.9941391936979948e-05,6.554906828771193e-10,-6.251214454731578e-06,9.414765935635364e-08
1789477515,75021829,body,-0.5055360784387546,3.383610302289434e-08,-2.978249569727388e-05,6.485127324073662e-10,-6.21842328088407e-06,9.88985847051378e-08
1789477515,80208672,body,-0.5055070645092903,3.593695582578842e-08,-2.9624450912335522e-05,6.40645609753123e-10,-6.185802530747561e-06,1.0341250625085972e-07
1789477515,85173260,body,-0.5054782026461055,3.812969744540624e-08,-2.946725296503676e-05,6.319190439842466e-10,-6.1533518235151016e-06,1.0768970155269536e-07
1789477515,90195570,body,-0.5054494920518305,4.040854414972682e-08,-2.9310897238401793e-05,6.224315874099971e-10,-6.12107077393894e-06,1.1173058584345876e-07
1789477515,95234258,body,-0.5054209319327903,4.276773439771279e-08,-2.9155379130254912e-05,6.121385707297195e-10,-6.088958940150952e-06,1.1553562541360711e-07
1789477515,100854886,body,-0.5053925214994303,4.5201599894039396e-08,-2.900069406681378e-05,6.011262718393823e-10,-6.057015869179944e-06,1.191059904463879e-07
1789477515,108789677,body,-0.5053642599667086,4.770438353283301e-08,-2.8846837472287795e-05,5.893921381261399e-10,-6.0252409925907224e-06,1.224430287529426e-07
1789477515,114061165,body,-0.5053361465532425,5.027064000362951e-08,-2.8693804804068455e-05,5.770457491464379e-10,-5.993633751941553e-06,1.255481259016126e-07
1789477515,119608064,body,-0.5053081804822674,5.289472413599797e-08,-2.854159153883299e-05,5.641056073282179e-10,-5.9621935243966326e-06,1.2842315817138436e-07
1789477515,124945324,body,-0.505280360980572,5.55712032075679e-08,-2.8390193154881396e-05,5.506091095263573e-10,-5.930919679349445e-06,1.3106979978223038e-07
1789477515,130091314,body,-0.5052526872798471,5.829472621125079e-08,-2.8239605178858613e-05,5.36545819087063e-10,-5.899811496264973e-06,1.3349087958196616e-07
1789477515,135359957,body,-0.505225158614555,6.105985162578771e-08,-2.8089823132645403e-05,5.220608055982756e-10,-5.868868241284517e-06,1.3568838710286068e-07
1789477515,140580262,body,-0.5051977742249487,6.386144579112135e-08,-2.7940842581248462e-05,5.070825944549527e-10,-5.838089223849674e-06,1.376649646700513e-07
1789477515,145607695,body,-0.5051705333534843,6.669435151551255e-08,-2.779265909843612e-05,4.916651213931032e-10,-5.807473610182336e-06,1.394238496987078e-07
1789477515,150950106,body,-0.5051434352480529,6.955348530819966e-08,-2.764526828875087e-05,4.759023257682224e-10,-5.777020579827508e-06,1.4096791101319152e-07
1789477515,156178309,body,-0.5051164791598146,7.243389742077024e-08,-2.7498665783923327e-05,4.5985038202806205e-10,-5.746729272361206e-06,1.423002861085955e-07
1789477515,161186622,body,-0.5050896643440859,7.533069760664047e-08,-2.735284723375279e-05,4.434532612720514e-10,-5.716598837352685e-06,1.434250428376616e-07
1789477515,166296709,body,-0.5050629900601271,7.823911314606411e-08,-2.7207808317808482e-05,4.267804661999041e-10,-5.686628398835096e-06,1.443453830894511e-07
1789477515,171391298,body,-0.5050364555712482,8.115453285985288e-08,-2.7063544744750873e-05,4.0987705239328433e-10,-5.656817018669727e-06,1.450648462587443e-07
1789477515,176477165,body,-0.5050100601445607,8.407236643056725e-08,-2.692005223755985e-05,3.928013424324331e-10,-5.627163814228496e-06,1.45587733354337e-07
1789477515,181518583,body,-0.5049838030510131,8.698815264718673e-08,-2.6777326566327756e-05,3.755206496294101e-10,-5.597667834049282e-06,1.4591806116055126e-07
1789477515,186509750,body,-0.504957683565462,8.989757385308286e-08,-2.663536350202085e-05,3.5812995125119186e-10,-5.568328110017789e-06,1.46060068516529e-07
1789477515,191465038,body,-0.5049317009666718,9.279643380076085e-08,-2.649415887229964e-05,3.4056545466538777e-10,-5.5391437484030334e-06,1.4601817410484116e-07
1789477515,196499239,body,-0.5049058545371728,9.568057610476856e-08,-2.635370850182902e-05,3.2298098216665334e-10,-5.510113755555552e-06,1.4579673445279873e-07
1789477515,204483216,body,-0.5048801435633677,9.854609776182913e-08,-2.621400826271118e-05,3.05364882848134e-10,-5.481237249955904e-06,1.4540082549907024e-07
1789477515,210336754,body,-0.5048545673352831,1.0138907581053177e-07,-2.60750540436846e-05,2.876822739511948e-10,-5.452513249058693e-06,1.448345484047037e-07
1789477515,215345236,body,-0.5048291251467824,1.042058271404482e-07,-2.593684176342581e-05,2.7002697580259796e-10,-5.423940770313581e-06,1.4410315009093094e-07
1789477515,220413350,body,-0.5048038162955304,1.0699270934720816e-07,-2.5799367373079214e-05,2.523851897056034e-10,-5.395518905558186e-06,1.4321102703973722e-07
1789477515,225508081,body,-0.5047786400827448,1.0974624221155067e-07,-2.566262684387147e-05,2.3478856996652386e-10,-5.367246707771741e-06,1.421635194261814e-07
1789477515,230515578,body,-0.5047535958134443,1.1246308947137951e-07,-2.5526616170413553e-05,2.1730877416455861e-10,-5.339123274341655e-06,1.4096559883429888e-07
1789477515,235585499,body,-0.504728682796094,1.1513995413293542e-07,-2.5391331371668117e-05,1.9989197890554686e-10,-5.311147750396084e-06,1.396226653846005e-07
1789477515,240549689,body,-0.5047039003434222,1.1777382524117881e-07,-2.525676850933385e-05,1.8263650058938578e-10,-5.283319168929499e-06,1.3813969288350064e-07
1789477515,245513948,body,-0.5046792477708575,1.20361700432072e-07,-2.5122923646227835e-05,1.65428615752722e-10,-5.255636623999207e-06,1.3652157296485628e-07
1789477515,250795135,body,-0.5046547243979846,1.2290071631645257e-07,-2.4989792883748282e-05,1.484865198582423e-10,-5.22809931069309e-06,1.3477379014660056e-07
1789477515,255994543,body,-0.5046303295478705,1.2538818814161158e-07,-2.4857372349749974e-05,1.3166760677863795e-10,-5.200706374137985e-06,1.329016424020838e-07
1789477515,261104545,body,-0.5046060625472053,1.2782153922708708e-07,-2.4725658183308234e-05,1.1509015206411344e-10,-5.1734568584318365e-06,1.3091080075905753e-07
1789477515,266102915,body,-0.5045819227260903,1.3019833163804403e-07,-2.4594646561824163e-05,9.872595467805328e-11,-5.146350051920306e-06,1.2880604139462448e-07
1789477515,271184223,body,-0.5045579094180369,1.3251622291115472e-07,-2.446433367498877e-05,8.254232397716201e-11,-5.119385129707157e-06,1.2659289099634265e-07
1789477515,276134042,body,-0.5045340219602518,1.347730237309712e-07,-2.433471574359714e-05,6.662424711439086e-11,-5.092561224707362e-06,1.2427705167561296e-07
1789477515,281096071,body,-0.5045102596932809,1.369666924087585e-07,-2.420578899862346e-05,5.1001273681816476e-11,-5.065877505363442e-06,1.2186330405461338e-07
1789477515,286013462,body,-0.5044866219612227,1.3909531931687734e-07,-2.407754971634747e-05,3.5655162666466905e-11,-5.039333243367328e-06,1.1935722145129943e-07
1789477515,291004954,body,-0.5044631081115157,1.4115706574247213e-07,-2.3949994169132293e-05,2.0561015473487332e-11,-5.012927723735655e-06,1.1676441937164794e-07
1789477515,296996005,body,-0.5044397174950797,1.4315026747324435e-07,-2.3823118661904293e-05,5.79391875575209e-12,-4.98666010491812e-06,1.1408969176373775e-07
1789477515,304349886,body,-0.504416449465961,1.4507338599954442e-07,-2.3696919521304654e-05,-8.679899393713695e-12,-4.960529709678116e-06,1.1133871630539261e-07
1789477515,310131862,body,-0.5043933033820426,1.469249967176284e-07,-2.3571393100502645e-05,-2.279758194882884e-11,-4.9345358463453935e-06,1.0851670438762222e-07
1789477515,315456193,body,-0.5043702786044054,1.4870382061545164e-07,-2.3446535762068227e-05,-3.662060014226478e-11,-4.90867770778748e-06,1.0562871640228743e-07
1789477515,320758035,body,-0.5043473744969721,1.5040864715991455e-07,-2.332234388317265e-05,-5.0081641281272674e-11,-4.8829546312003275e-06,1.026799259930838e-07
1789477515,326230231,body,-0.5043245904277865,1.5203844860786662e-07,-2.319881389116996e-05,-6.321774455159923e-11,-4.8573658649623354e-06,9.967546238744843e-08
1789477515,331531731,body,-0.5043019257676639,1.535922782435369e-07,-2.307594219370495e-05,-7.599265749879994e-11,-4.831910784017613e-06,9.66202949458277e-08
1789477515,336800462,body,-0.5042793798908297,1.5506930483166688e-07,-2.295372525007251e-05,-8.838346595079351e-11,-4.8065886633885365e-06,9.351970389014633e-08
1789477515,341967453,body,-0.5042569521748493,1.56468862889895e-07,-2.2832159518244623e-05,-1.0041939816519482e-10,-4.781398852484519e-06,9.03784987041843e-08
1789477515,347188290,body,-0.5042346420003431,1.5779034395154685e-07,-2.2711241489148533e-05,-1.1208082144131682e-10,-4.756340660746415e-06,8.720140449812358e-08
1789477515,352539736,body,-0.5042124487514132,1.5903325245981928e-07,-2.2590967659578902e-05,-1.2336919907970916e-10,-4.7314135030857075e-06,8.399325074167752e-08
1789477515,357710278,body,-0.5041903718152884,1.601972447192665e-07,-2.2471334559737335e-05,-1.3427487233713228e-10,-4.706616581250421e-06,8.075865152201372e-08
1789477515,362930320,body,-0.5041684105824654,1.6128207598890592e-07,-2.2352338721569868e-05,-1.4479042246623383e-10,-4.681949383428771e-06,7.750258952022414e-08
1789477515,368131790,body,-0.5041465644463548,1.6228758332723096e-07,-2.2233976713360372e-05,-1.5492836418365564e-10,-4.657411169099877e-06,7.422936795954329e-08
1789477515,373123592,body,-0.5041248328039192,1.632136542005372e-07,-2.2116245103659103e-05,-1.646535021361561e-10,-4.633001307657165e-06,7.09438074303262e-08
1789477515,378476175,body,-0.5041032150548219,1.6406042202929895e-07,-2.1999140501051258e-05,-1.7404491978549e-10,-4.608719174044241e-06,6.764967824437586e-08
1789477515,383557141,body,-0.5040817106024916,1.6482799058617564e-07,-2.1882659509203703e-05,-1.8302742097874618e-10,-4.584564077701467e-06,6.435144572330236e-08
1789477515,388637547,body,-0.5040603188529865,1.655166373023442e-07,-2.1766798760931422e-05,-1.9162461226540745e-10,-4.560535471288782e-06,6.105353743463067e-08
1789477515,393720214,body,-0.5040390392154195,1.661266513423142e-07,-2.1651554912625412e-05,-1.998500755582519e-10,-4.53663276416654e-06,5.775994795957499e-08
1789477515,402124573,body,-0.5040178711023857,1.666585193024734e-07,-2.1536924626298434e-05,-2.0763964828675748e-10,-4.512855196942076e-06,5.4474287747189995e-08
1789477515,407991878,body,-0.5039968139293931,1.671126841283118e-07,-2.1422904587630593e-05,-2.1505910218388932e-10,-4.489202173424452e-06,5.1200822269734776e-08
1789477515,413234885,body,-0.5039758671148629,1.674898150427026e-07,-2.1309491509344545e-05,-2.2215196413203105e-10,-4.465673050794392e-06,4.79432507872036e-08
1789477515,418510510,body,-0.5039550300804139,1.677905513968779e-07,-2.1196682107314037e-05,-2.2877078022231799e-10,-4.442267252845128e-06,4.470497725245813e-08
1789477515,423947961,body,-0.5039343022507204,1.680156309860064e-07,-2.1084473116864276e-05,-2.3505900373008893e-10,-4.418984172284884e-06,4.148991630241077e-08
1789477515,429177452,body,-0.5039136830532983,1.6816596764605933e-07,-2.0972861297816676e-05,-2.409935006297446e-10,-4.395823088577782e-06,3.8301185444445244e-08
1789477515,434514717,body,-0.5038931719187196,1.6824242846818406e-07,-2.0861843429096342e-05,-2.4654558093245413e-10,-4.372783406644242e-06,3.5141873320488436e-08
1789477515,439746022,body,-0.503872768280966,1.6824597832508345e-07,-2.07514162967577e-05,-2.517232386984762e-10,-4.349864565820793e-06,3.2015870151189536e-08
1789477515,444910514,body,-0.5038524715762938,1.6817769192992926e-07,-2.0641576709926157e-05,-2.56529944167531e-10,-4.3270658988631505e-06,2.8925782739650597e-08
1789477515,450386845,body,-0.5038322812441561,1.6803866837648171e-07,-2.053232150552046e-05,-2.6100028118223996e-10,-4.304386816242296e-06,2.5874704164760865e-08
1789477515,455662142,body,-0.5038121967273459,1.678301380757307e-07,-2.0423647514474108e-05,-2.6511438757503855e-10,-4.281826658485674e-06,2.2865036950045e-08
1789477515,460938401,body,-0.503792217471072,1.6755327374663204e-07,-2.0315551607759674e-05,-2.688890945436258e-10,-4.259384876032117e-06,1.990014284948601e-08
1789477515,466134868,body,-0.5037723429237402,1.6720937375462618e-07,-2.0208030658156973e-05,-2.7226899416289643e-10,-4.2370607627792096e-06,1.698220012369247e-08
1789477515,471397354,body,-0.503752572536386,1.6679983910477015e-07,-2.010108156586104e-05,-2.753885545625065e-10,-4.214853740301286e-06,1.4113884401707413e-08
1789477515,476611461,body,-0.5037329057631708,1.6632599969012986e-07,-1.9994701242353595e-05,-2.78185699058739e-10,-4.192763253485585e-06,1.1297320653874879e-08
1789477515,481642176,body,-0.5037133420611696,1.6578936688933116e-07,-1.988888661745734e-05,-2.806061298788445e-10,-4.170788730567467e-06,8.534789281234765e-09
1789477515,486752322,body,-0.5036938808900859,1.6519136760870895e-07,-1.978363463040197e-05,-2.8272877514592773e-10,-4.148929424366081e-06,5.828590660862097e-09
1789477515,491867215,body,-0.5036745217123946,1.6453360999188092e-07,-1.9678942262039468e-05,-2.845326184517144e-10,-4.127184718707642e-06,3.1806432591036257e-09
1789477515,499239662,body,-0.5036552639938391,1.6381755908476948e-07,-1.9574806477864578e-05,-2.860388195881411e-10,-4.105554143967555e-06,5.926834632566887e-10
1789477515,505781206,body,-0.5036361072025077,1.6304490495397007e-07,-1.9471224289511806e-05,-2.872951913778504e-10,-4.084036990712753e-06,-1.9333946892821202e-09
1789477515,511029421,body,-0.5036170508093307,1.6221728487762537e-07,-1.9368192702692492e-05,-2.8821740244002054e-10,-4.062632677186582e-06,-4.3961479039274686e-09
1789477515,516258984,body,-0.503598094288578,1.6133634960445717e-07,-1.9265708748143212e-05,-2.888910140182952e-10,-4.041340627182716e-06,-6.793617752499037e-09
1789477515,521451230,body,-0.5035792371160825,1.6040376823736914e-07,-1.9163769485562396e-05,-2.892849426181643e-10,-4.020160281148387e-06,-9.125062604468808e-09
1789477515,526552063,body,-0.5035604787717984,1.5942132478173128e-07,-1.906237196618369e-05,-2.894170117422922e-10,-3.999090981832111e-06,-1.1388728308748824e-08
1789477515,531753627,body,-0.5035418187374564,1.583907298203926e-07,-1.8961513270233543e-05,-2.8930944033501543e-10,-3.978132167460084e-06,-1.3583637870584832e-08
1789477515,537055563,body,-0.5035232564981265,1.57313765584554e-07,-1.8861190504865793e-05,-2.8892228079342275e-10,-3.957283271819089e-06,-1.5708696608047353e-08
1789477515,542119357,body,-0.5035047915408684,1.5619221947573772e-07,-1.8761400775312726e-05,-2.883099440854546e-10,-3.936543725363757e-06,-1.7762980818897026e-08
1789477515,547228355,body,-0.5034864233560813,1.5502780971332382e-07,-1.8662141212683116e-05,-2.874957469857362e-10,-3.915912914141315e-06,-1.9745697805430507e-08
1789477515,552518459,body,-0.5034681514365799,1.5382250608510423e-07,-1.8563408962613677e-05,-2.8643084348088e-10,-3.895390231969476e-06,-2.1656014897870518e-08
1789477515,557706086,body,-0.5036238995056257,-8.115841028432155e-09,-0.003327739066116803,-0.0005578264374166954,0.1315045965110286,-4.428758171316513e-05
1789477515,562948154,body,-0.5019844562663356,3.6656115926576324e-06,-0.011607727259558649,0.00026812968733535707,0.33014012567224427,-0.00010285985094448026
1789477515,568057389,body,-0.49406693890175396,9.455214895600018e-06,-0.022168811696448753,0.0005041966143086193,0.43182451727948656,-0.00013723049989147333
1789477515,573116166,body,-0.47632823794928897,5.802341681154831e-06,-0.03214900043127697,0.0001774113464190535,0.4382079690519469,-0.0001547351560425394
1789477515,578128315,body,-0.4477522991366395,-4.382762905808399e-06,-0.03981632422716303,-0.00014847615633685457,0.3919018246407595,-0.00015685116152503486
1789477515,583124027,body,-0.4090776088589476,-1.3017033115954829e-05,-0.04452478022159245,-0.00023266930680151813,0.3273799540130325,-0.00013828724796004089
1789477515,588136183,body,-0.36179642801483786,-1.5880871952272555e-05,-0.046268419813004225,-0.00014603819923583202,0.26228407905380213,-0.00010436561132072236
1789477515,593598341,body,-0.30754387685394596,-1.3615124750925289e-05,-0.04532163894447953,-3.0980115743870846e-05,0.20256593724832864,-6.808857042268548e-05
1789477515,601600190,body,-0.24784704710161465,-8.880758458426094e-06,-0.04206176258489516,3.493347162148606e-05,0.14882805675193644,-3.8632852171005364e-05
1789477515,607398723,body,-0.18406883819230965,-3.908424475549566e-06,-0.03690721377114611,4.73508324909815e-05,0.10020331049218502,-1.738554594565992e-05
1789477515,612652327,body,-0.11742314409298922,2.8943320542483456e-07,-0.030297873014534488,3.3195637491714375e-05,0.05592883803647508,-1.313742705861529e-06
1789477515,617855185,body,-0.04900137869562866,3.5940493583831006e-06,-0.02268112681177922,1.6456349637355665e-05,0.0156545694162771,1.2711595248620121e-05
1789477515,623003024,body,0.02020881829470622,6.2015277862743875e-06,-0.01449491712058475,7.0810395445950245e-06,-0.02069938043449353,2.6064782608881024e-05
1789477515,628110909,body,0.08931380850027971,8.257992029927462e-06,-0.0061500845906596775,4.675020201953471e-06,-0.053130783069280284,3.868356421614874e-05
1789477515,633224289,body,0.1575093883703463,9.768032687053292e-06,0.001984541609877488,5.46329918302127e-06,-0.08166399448751491,5.003018356732111e-05
1789477515,638375662,body,0.22407818141278676,1.0651077527685565e-05,0.009592703468891368,6.549353420226731e-06,-0.10638235254063777,5.971578582253635e-05
1789477515,643600390,body,0.2883873407690447,1.0820274021390046e-05,0.01641693284901221,6.877990313736547e-06,-0.12742018999111382,6.763629369703959e-05
1789477515,648771391,body,0.3498860841974016,1.0226558937805367e-05,0.022261123715683312,6.537863208066829e-06,-0.14494352552746587,7.38614214764501e-05
1789477515,654227094,body,0.40810310006026373,8.866390179403147e-06,0.026990218148805704,5.896017697335484e-06,-0.1591337020609367,7.850748495220155e-05
1789477515,659352887,body,0.46264395026716504,6.772244062223453e-06,0.030527619583199023,5.165555608688618e-06,-0.1701776369445402,8.16796364658769e-05
1789477515,664481924,body,0.5131885110635449,4.0015704498901925e-06,0.03285080680883133,4.362369636637473e-06,-0.17826353364227543,8.346891601693543e-05
1789477515,669611190,body,0.5594883919609444,6.299523830178994e-07,0.03398554474940385,3.414065452062947e-06,-0.1835798380208415,8.396633809429299e-05
1789477515,674835693,body,0.6013642163971703,-3.2523287255295325e-06,0.03399905602777063,2.2556228448922157e-06,-0.18631570192812746,8.327220498486874e-05
1789477515,679857777,body,0.6387026382666248,-7.542744317354336e-06,0.03299250328792729,8.653139430250564e-07,-0.18666194647524822,8.149713532498412e-05
1789477515,684967178,body,0.6714529901469164,-1.212944792923569e-05,0.031093119319658337,-7.398759220931808e-07,-0.1848120262389365,7.875887992136218e-05
1789477515,689988371,body,0.6996234955297973,-1.6894892871647543e-05,0.028446303630419195,-2.520080781629796e-06,-0.18096275181243782,7.517866631202376e-05
1789477515,697896265,body,0.7232770180687288,-2.1719748733810473e-05,0.02520797846757398,-4.4242334870887165e-06,-0.17531463508354608,7.0878423098338e-05
1789477515,703552007,body,0.7425263601215972,-2.6486690761144658e-05,0.021537464006742682,-6.3954660511010694e-06,-0.16807177176958996,6.597877657440058e-05
1789477515,708916142,body,0.7575291577815643,-3.108381185469767e-05,0.017591091536248833,-8.373362455680129e-06,-0.15944121579803425,6.0597428221862805e-05
1789477515,714198297,body,0.7684824483564567,-3.5407552903513204e-05,0.013516725716718914,-1.0295856341235085e-05,-0.1496318428861526,5.484772301346309e-05
1789477515,719468599,body,0.7756170076504917,-3.936511514425467e-05,0.009449314067913918,-1.210171193030136e-05,-0.13885274395908995,4.8837392354188005e-05
1789477515,724598073,body,0.779191567696239,-4.287633503951876e-05,0.005507526313213212,-1.3733336278029891e-05,-0.1273112275629116,4.266751622760358e-05
1789477515,729663071,body,0.7794870306894414,-4.587501232274102e-05,0.001791491238074836,-1.51394027178925e-05,-0.11521054023758594,3.6431719631638036e-05
1789477515,734719927,body,0.7768007923663766,-4.830969665977646e-05,-0.0016184124431583343,-1.6276953102861582e-05,-0.10274743289553287,3.021559282428689e-05
1789477515,739837416,body,0.7714412791089464,-5.014395909684646e-05,-0.004661799096040696,-1.711287822550624e-05,-0.090109708954894,2.4096308981647208e-05
1789477515,745008702,body,0.7637227891983887,-5.135619503528548e-05,-0.007297676188954813,-1.762479805231753e-05,-0.07747388661422629,1.8142415976537375e-05
1789477515,750423199,body,0.753960711650039,-5.19390202183303e-05,-0.009503149112247167,-1.7801395292609143e-05,-0.06500309432623083,1.2413779529088408e-05
1789477515,755481052,body,0.7424671776482834,-5.189832943101879e-05,-0.01127159207252292,-1.7642255062818893e-05,-0.05284529707643869,6.961655948153731e-06
1789477515,760517823,body,0.7295471812803754,-5.125209207391735e-05,-0.012610449085681435,-1.7157264602399516e-05,-0.04113192398835045,1.8288771809098832e-06
1789477515,765507320,body,0.715495189244785,-5.002895612595295e-05,-0.01353882227774157,-1.636563769402592e-05,-0.029976937918002582,-2.949869937831069e-06
1789477515,770606526,body,0.7005922442977998,-4.826672886300726e-05,-0.014084990116455021,-1.5294637435106214e-05,-0.019476358006734317,-7.34768157002857e-06
1789477515,775670971,body,0.6851035548355776,-4.6010795779841086e-05,-0.014283977969463672,-1.397808430023844e-05,-0.0097082192589126,-1.1345011743900891e-05
1789477515,780682171,body,0.669276553335513,-4.33125311169165e-05,-0.01417527974456027,-1.2454737883023791e-05,-0.0007329311283396976,-1.492919027821823e-05
1789477515,785774932,body,0.6533393992300393,-4.0227744788914434e-05,-0.01380080441504762,-1.0766638786112237e-05,0.007406018917830497,-1.809390306868808e-05
1789477515,791606388,body,0.63749989690825,-3.681520221861798e-05,-0.013203096781187376,-8.957488596355189e-06,0.014681080440992016,-2.0838637737447123e-05
1789477515,799234761,body,0.6219447965039789,-3.3135244945730034e-05,-0.012423859286425414,-7.071137107179377e-06,0.021079440695765263,-2.3168111114386652e-05
1789477515,804425004,body,0.606839443573363,-2.9248532119838852e-05,-0.01150278208495362,-5.15022853234461e-06,0.02660167619485027,-2.50916865553925e-05
1789477515,809517353,body,0.5923277432655031,-2.5214916824737165e-05,-0.010476672419595833,-3.2350456885537004e-06,0.03126031481399071,-2.6622790456502994e-05
1789477515,814579083,body,0.5785324048632062,-2.1092464460296104e-05,-0.009378861928432299,-1.3625750874645877e-06,0.035078359940285825,-2.7778336208665404e-05
1789477515,819659109,body,0.5655554333179857,-1.6936615826789992e-05,-0.008238861675818422,4.342004007152314e-07,0.03808781885199945,-2.857816316480541e-05
1789477515,824730571,body,0.5534788354755221,-1.279949388404751e-05,-0.007082229213484156,2.126784014965837e-06,0.040328268104881736,-2.9044498079046152e-05
1789477515,829922027,body,0.5423655099193891,-8.729348354358493e-06,-0.005930609395776927,3.6914391812303282e-06,0.041845480001484074,-2.9201443148024532e-05
1789477515,835246468,body,0.5322602907084588,-4.770131607264131e-06,-0.004801910510589698,5.1092764652824076e-06,0.04269012671802709,-2.9074494431963612e-05
1789477515,840381351,body,0.5231911166987724,-9.611958769916764e-07,-0.0037105790311005946,6.3661799723826445e-06,0.04291657258523154,-2.8690094972845653e-05
1789477515,845511581,body,0.5151702995982267,2.6628987874061975e-06,-0.0026679394475261527,7.45260256989566e-06,0.04258176036822153,-2.807522444110394e-05
1789477515,850834435,body,0.5081958654405144,6.072477070339875e-06,-0.0016825697481579983,8.363259014770435e-06,0.04174419402487913,-2.7257023486475877e-05
1789477515,855987450,body,0.5022529457548505,9.242753618464668e-06,-0.000760687782374635,9.096743847307948e-06,0.04046301811794478,-2.62624580275553e-05
1789477515,861044605,body,0.49731519638177746,1.215376238286394e-05,9.347138470412351e-05,9.65510077220175e-06,0.038797192566853746,-2.5118016724950213e-05
1789477515,866110159,body,0.49334622363584685,1.4790221419276554e-05,0.0008773022037466198,1.0043364521656538e-05,0.03680476050237739,-2.384944639226603e-05
1789477515,871334380,body,0.4903009993397638,1.7141343939735684e-05,0.0015895100047856213,1.0269094693574362e-05,0.034542206430713894,-2.2481522107291385e-05
1789477515,876446338,body,0.4881272481327978,1.9200605644216608e-05,0.0022298334461409684,1.0341917230369954e-05,0.03206390155883028,-2.103784899433426e-05
1789477515,881647590,body,0.4867667923813162,2.096547707070057e-05,0.0027988109550861123,1.0273085095660705e-05,0.029421632867909366,-1.9540696682837782e-05
1789477515,886785947,body,0.4861568419519459,2.2437129391634474e-05,0.003297591124003556,1.0075067685154818e-05,0.026664212280114598,-1.8010864323079415e-05
1789477515,894961347,body,0.48623121803316,2.3620120538200956e-05,0.003727784708490041,9.761174915382371e-06,0.02383716200951792,-1.64675739593386e-05
1789477515,900560817,body,0.4869215020745574,2.452206842289492e-05,0.0040913541669761275,9.34522032877504e-06,0.02098247191636761,-1.4928390999733774e-05
1789477515,905661909,body,0.4881581027330389,2.5153316010031773e-05,0.0043905355462534055,8.84122441055756e-06,0.0181384244049114,-1.340917125316668e-05
1789477515,911046211,body,0.489871235445653,2.5526593522781987e-05,0.004627786895102925,8.263158843223465e-06,0.015339482136593773,-1.1924030803936047e-05
1789477515,916435730,body,0.4919918108795553,2.5656681690932387e-05,0.004805757206926088,7.624729677566958e-06,0.012616233595531295,-1.0485339175218876e-05
1789477515,921695867,body,0.49445223001166416,2.55600791547494e-05,0.004927270073119121,6.9391982200674275e-06,0.00999539135988715,-9.103733139472227e-06
1789477515,927004294,body,0.4971870849731265,2.525467751431244e-05,0.004995316691418406,6.219235907870402e-06,0.0074998378154146365,-7.788149507320882e-06
1789477515,932116367,body,0.5001337660399018,2.4759446426952657e-05,0.005013053538311862,5.476809901826616e-06,0.005148713001922962,-6.545874451926121e-06
1789477515,937235825,body,0.5032329762573611,2.409413066710413e-05,0.0049838008082654026,4.7230963826125475e-06,0.002957539314907463,-5.382608608632178e-06
1789477515,942428734,body,0.5064291561724645,2.3278961680107855e-05,0.004911038580083224,3.968417429622672e-06,0.000938377883914575,-4.3025461357327395e-06
1789477515,947602636,body,0.5096708219842075,2.2334385092898128e-05,0.004798398534696918,3.222198284232302e-06,-0.0008999883881564465,-3.3084639823467564e-06
1789477515,952868197,body,0.5129108211619623,2.1280805588663746e-05,0.004649649874359082,2.4929416619070017e-06,-0.0025518499272492476,-2.401821267002189e-06
1789477515,958040505,body,0.516106510171966,2.013835058081367e-05,0.0044686788438872554,1.7882167508147346e-06,-0.004014348282961973,-1.5828664981797448e-06
1789477515,963195720,body,0.5192198594616754,1.8926654194442e-05,0.004259461905601503,1.1146597175606454e-06,-0.005287240886555263,-8.507480701608233e-07
1789477515,968465647,body,0.5222174912313831,1.7664661687706033e-05,0.004026033154732316,4.779842273579431e-07,-0.006372656747811754,-2.0363250446879765e-07
1789477515,973610544,body,0.5250706558190938,1.6370455694508265e-05,0.003772446973866672,-1.1700016826607077e-07,-0.007274846762211512,3.6117980902020587e-07
1789477515,978780608,body,0.5277551527240407,1.506110494179388e-05,0.0035027372133848433,-6.66362649345936e-07,-0.007999931994566667,8.471358584003737e-07
1789477515,983883215,body,0.5302512024079323,1.3752534988061167e-05,0.0032208743556142814,-1.1670205635678724e-06,-0.008555653004921197,1.2583139494693992e-06
1789477515,990121012,body,0.5325432750464146,1.2459421837849474e-05,0.0029307221842852543,-1.6167039164389824e-06,-0.008951122984959621,1.5993092626063852e-06
1789477515,997518175,body,0.5346198823644192,1.1195107869449006e-05,0.002635995451284706,-2.0139155955301052e-06,-0.009196587186731615,1.8751247989901068e-06
1789477516,2722786,body,0.5364733385814067,9.971539818482102e-06,0.0023402199264620244,-2.3578884403340777e-06,-0.00930319084333443,2.091066686107888e-06
1789477516,8192907,body,0.5380994963235618,8.79922798873776e-06,0.002046696049732335,-2.6485382158700684e-06,-0.009282757508205161,2.2526448271018188e-06
1789477516,13475526,body,0.5394974631332988,7.687226275287511e-06,0.0017584671955574748,-2.8864150272860235e-06,-0.009147579470253133,2.3654826103964862e-06
1789477516,18706977,body,0.5406693039375903,6.6431312947614794e-06,0.001478293324725758,-3.0726507522637693e-06,-0.00891022164088606,2.435231238449962e-06
1789477516,23944629,body,0.5416197345157187,5.673099932014126e-06,0.0012086305516646675,-3.2089052724553462e-06,-0.00858334005142033,2.4674931121443633e-06
1789477516,29043403,body,0.542355810661808,4.781883609927213e-06,0.0009516169112429385,-3.297310439659312e-06,-0.008179515847799055,2.4677544394812696e-06
1789477516,34128891,body,0.5428866173559718,3.972877521925408e-06,0.0007090643779375404,-3.3404126433056133e-06,-0.0077111054244962856,2.4413237377778078e-06
1789477516,39263950,body,0.5432229618596925,3.2481837552253905e-06,0.00048245698084676403,-3.3411146886294187e-06,-0.0071901071030172755,2.393280425270302e-06
1789477516,44417108,body,0.5433770742380938,2.6086856304843236e-06,0.0002729546774151546,-3.302616862591619e-06,-0.006628044531918663,2.328429843207811e-06
1789477516,49520018,body,0.543362318389702,2.054132415587382e-06,8.140249998532154e-05,-3.228358854495371e-06,-0.0060358667710461765,2.251268762116131e-06
1789477516,54805039,body,0.5431929162422005,1.5832317625326812e-06,-9.165562454694097e-05,-3.1219611636069065e-06,-0.005423864818837207,2.1659556376866515e-06
1789477516,59973034,body,0.5428836873545677,1.1937485903279641e-06,-0.00024595906135006925,-2.987169421286094e-06,-0.004801604159184681,2.076289571827278e-06
1789477516,65139898,body,0.5424498057585633,8.826083667683816e-07,-0.0003815093863738393,-2.8277992352191708e-06,-0.004177872732797765,1.9856960931883933e-06
1789477516,70240198,body,0.5419065754779016,6.460030212193705e-07,-0.0004985467790580226,-2.647684440090595e-06,-0.0035606435951520757,1.8972186292252398e-06
1789477516,75354708,body,0.5412692257875369,4.794982663733859e-07,-0.0005975246202695515,-2.450627963680548e-06,-0.0029570513924042047,1.8135158946210434e-06
1789477516,80441388,body,0.5405527269240348,3.781401780535321e-07,-0.000679082993259573,-2.240356508107674e-06,-0.002373381684778133,1.7368650634925213e-06
1789477516,85656060,body,0.5397716266252068,3.365603062316825e-07,-0.0007440217342722361,-2.0204786285417758e-06,-0.0018150720627162918,1.6691698185784685e-06
1789477516,93656586,body,0.5389399075805612,3.4907736879994346e-07,-0.0007932736143616664,-1.7944480262569935e-06,-0.0012867239412177698,1.6119701289803594e-06
1789477516,99204508,body,0.5380708655926005,4.0979517113013595e-07,-0.000827878160039865,-1.565530402468808e-06,-0.0007921238769933675,1.56645925535868e-06
1789477516,104403367,body,0.5371770080117004,5.126951110665803e-07,-0.0008489565413673605,-1.3367757964345638e-06,-0.0003342732349917215,1.5335012044474222e-06
1789477516,109616098,body,0.5362699717839502,6.517227956417334e-07,-0.000857687875574191,-1.1109955348417427e-06,8.457497125032316e-05,1.5136506652257492e-06
1789477516,114716277,body,0.5353604602735165,8.208680815989582e-07,-0.0008552872153660242,-8.907439018756331e-07,0.0004628732256579131,1.5071772089959668e-06
1789477516,119900116,body,0.5344581978545757,1.0142381421572972e-06,-0.0008429854165571704,-6.78304754103639e-07,0.0007997317698196088,1.514087518168253e-06
1789477516,125146277,body,0.5335719011474103,1.2261225117258065e-06,-0.0008220110105836491,-4.75682835951544e-07,0.0010948670623329286,1.5341524809323299e-06
1789477516,130295156,body,0.5327092656665482,1.4510512688949202e-06,-0.0007935741464613957,-2.845994161394094e-07,0.001348547467573723,1.5669316337744688e-06
1789477516,135567352,body,0.5318769665711062,1.6838443732054197e-06,-0.0007588526131306672,-1.0649206470358652e-07,0.001561537140278841,1.6117998003573074e-06
1789477516,140662955,body,0.5310806721624327,1.9196539536595974e-06,-0.0007189799086720972,5.748139081981608e-08,0.0017350389997627782,1.6679720563158967e-06
1789477516,145746682,body,0.5303250687332225,2.153998546403256e-06,-0.0006750352863601371,2.0643588783167812e-07,0.0018706376155814338,1.7345307541100699e-06
1789477516,150954510,body,0.5296138953741609,2.3827898631754185e-06,-0.0006280356793831988,3.397485558442821e-07,0.001970242741805105,1.8104493786386612e-06
1789477516,156175146,body,0.5289499873455724,2.6023520846075904e-06,-0.0005789293851554786,4.570459088904618e-07,0.0020360341607064416,1.8946161017164138e-06
1789477516,161363044,body,0.5283353266506379,2.8094349122814192e-06,-0.0005285913761552567,5.581881467804987e-07,0.002070408410859164,1.98585731136722e-06
1789477516,166516742,body,0.5277710984850821,3.0012194882641876e-06,-0.00047782009583714535,6.432519483063922e-07,0.00207592789528577,2.082958294520884e-06
1789477516,171570767,body,0.5272577522970414,3.1753186257367014e-06,-0.0004273355946376018,7.125120308818147e-07,0.0020552727861571,2.184683564103672e-06
1789477516,176693783,body,0.5267950662457208,3.3297717506974945e-06,-0.0003777788617598064,7.664207203692559e-07,0.0020111960636285224,2.289794430903393e-06
1789477516,181748346,body,0.5263822139285189,3.463034541028683e-06,-0.0003297122118175157,8.055878318169098e-07,0.0019464819556521092,2.397066846694776e-06
1789477516,189071215,body,0.5260178323243566,3.5739643457936306e-06,-0.0002836205913452538,8.307594162377024e-07,0.0018639079740265954,2.505305499256307e-06
1789477516,195405582,body,0.5257000899815457,3.6618018854490996e-06,-0.00023991367753037373,8.42797013077584e-07,0.0017662106782485112,2.6133569043777904e-06
1789477516,200674347,body,0.5254267545775199,3.726149432615466e-06,-0.00019892864980182592,8.426566244271248e-07,0.0016560552381021754,2.720121717883442e-06
1789477516,205967111,body,0.5251952590596444,3.7669463622259627e-06,-0.00016093352383110847,8.313687357535662e-07,0.0015360088113750734,2.824563649766647e-06
1789477516,212531961,body,0.52500276567682,3.7844425869701444e-06,-0.00012613094618634392,8.10018766810009e-07,0.0014085177031840036,2.92571834251727e-06
1789477516,218793661,body,0.524846227299014,3.7791703955818566e-06,-9.46623566055265e-05,7.797283643563322e-07,0.0012758882293649073,3.0226991300924662e-06
1789477516,224320245,body,0.5247224455173684,3.7519146545623926e-06,-6.661243308656657e-05,7.416382816588664e-07,0.0011402711674951946,3.1147023321368225e-06
1789477516,229760985,body,0.524628125102483,3.7036830969215997e-06,-4.201374262183472e-05,6.968919664877479e-07,0.0010036496449994765,3.2010106358890878e-06
1789477516,235281669,body,0.5245599244873929,3.6356755470364657e-06,-2.085152757408893e-05,6.466208593789087e-07,0.0008678302862140957,3.2809952080715243e-06
1789477516,240578928,body,0.5245145020207176,3.549253833273906e-06,-3.068564234477786e-06,5.919309780833243e-07,0.0007344374163388008,3.354116366274717e-06
1789477516,245875486,body,0.524488557814772,3.4459119985126273e-06,1.14299639543655e-05,5.338911680348741e-07,0.0006049101016329524,3.419923630663395e-06
1789477516,251266618,body,0.5244788710839005,3.3272471454336634e-06,2.2771630394277207e-05,4.735223490884835e-07,0.0004805017910038766,3.478053966545819e-06
1789477516,256682348,body,0.5244823329350315,3.1949320514836795e-06,3.1112013358727356e-05,4.117889118068189e-07,0.0003622823154644862,3.5282293852560247e-06
1789477516,261963841,body,0.5244959746320343,3.050688275842422e-06,3.663007006255292e-05,3.4959126102167136e-07,0.0002511419937128331,3.570253872061246e-06
1789477516,267217914,body,0.5245169914131181,2.896261561334963e-06,3.952367411184966e-05,2.877598562469983e-07,0.00014779759241029627,3.6040097761726774e-06
1789477516,272322440,body,0.5245427619835701,2.733398719440314e-06,4.000534932954718e-05,2.270505829880793e-07,5.2799889489624175e-05,3.629452850947656e-06
1789477516,277469269,body,0.5245708638539646,2.5638264029905557e-06,3.829822866633342e-05,1.6814160908937943e-07,-3.3457406876059884e-05,3.6466080466714436e-06
1789477516,282666258,body,0.5245990847248537,2.38923203963342e-06,3.463226262412203e-05,1.1163139160301262e-07,-0.0001107276243639399,3.6555626448304288e-06
1789477516,288264827,body,0.5246254301543466,2.2112465619945877e-06,2.9240697512404793e-05,5.803799347474609e-08,-0.00017890020863542403,3.6564627673977677e-06
1789477516,296163966,body,0.5246481277637197,2.031429588222096e-06,2.2356839728006454e-05,7.7992470512205e-09,-0.0002379891422621031,3.6495059629489524e-06
1789477516,301505133,body,0.5246656282593718,1.8512564957101736e-06,1.4211118144324866e-05,-3.87258654126299e-08,-0.00028812090837187826,3.6349364180986174e-06
1789477516,306897291,body,0.5246766035618026,1.6721076173005108e-06,5.028452857505838e-06,-8.125500869000517e-08,-0.0003295221918732332,3.613037856218403e-06
1789477516,312239515,body,0.524679942339033,1.4952597616821776e-06,-4.974065545865762e-06,-1.195795614226847e-07,-0.0003625074975852119,3.584128202568847e-06
1789477516,317523390,body,0.5246747432484608,1.3218791972979358e-06,-1.558918562964533e-05,-1.5356107866889983e-07,-0.0003874668477183999,3.548554843547107e-06
1789477516,322812971,body,0.5246603061905394,1.1530171078873419e-06,-2.662119664229201e-05,-1.8312708459030235e-07,-0.00040485370441536414,3.506687938775901e-06
1789477516,328033850,body,0.5246361218718527,9.896064963393047e-07,-3.7887328340278575e-05,-2.0826607459850998e-07,-0.00041517324696496244,3.45891470252304e-06
1789477516,333422237,body,0.5246018599702509,8.324608693995137e-07,-4.9218858517173356e-05,-2.2902294293662378e-07,-0.000418971117609516,3.405636086620955e-06
1789477516,338642948,body,0.5245573561838602,6.822745521991304e-07,-6.046194051836061e-05,-2.454932815478811e-07,-0.0004168227309909521,3.3472608986645286e-06
1789477516,343940984,body,0.5245025984318248,5.396245232190986e-07,-7.147816529071624e-05,-2.5781815986032645e-07,-0.00040932322757040725,3.2842011468704796e-06
1789477516,349387501,body,0.5244377124608122,4.049729350295284e-07,-8.214487489654602e-05,-2.66178266280404e-07,-0.00039707813624881625,3.216869137585389e-06
1789477516,354764003,body,0.5243629470953499,2.7867176533077456e-07,-9.235524592667343e-05,-2.707884482124204e-07,-0.00038069479521018156,3.145672698324898e-06
1789477516,360066466,body,0.5242786593490781,1.6096763283975723e-07,-0.00010201816278313412,-2.718920763000497e-07,-0.0003607745663955671,3.071012536242328e-06
1789477516,365231276,body,0.5241852995987791,5.2007716713254205e-08,-0.00011105790172840668,-2.697554723653007e-07,-0.0003379058657232868,2.9932796824405363e-06
1789477516,370525206,body,0.524083396999099,-4.815355009582337e-08,-0.00011941364723735964,-2.646628225909909e-07,-0.00031265801895942333,2.912852253850911e-06
1789477516,375715615,body,0.5239735453013318,-1.3954721793364066e-07,-0.00012703886254068666,-2.569110484786752e-07,-0.00028557594165209895,2.830093514188096e-06
1789477516,380819527,body,0.5238563892102861,-2.22282347553295e-07,-0.0001339005361783758,-2.468049614429673e-07,-0.0002571756316319818,2.7453503646628837e-06
1789477516,386127371,body,0.5237326114053574,-2.96537987553323e-07,-0.00013997832596380805,-2.3465276236389172e-07,-0.00022794045274056283,2.658952347677493e-06
1789477516,394343084,body,0.523602920320169,-3.625552800041384e-07,-0.00014526362130647008,-2.2076204122045037e-07,-0.0001983181822605331,2.571209653617692e-06
1789477516,400395480,body,0.5234680387644419,-4.206292938713384e-07,-0.00014975854380815698,-2.054358483383659e-07,-0.00016871878510784884,2.4824130437731705e-06
1789477516,405807932,body,0.5233286934503111,-4.711008644810929e-07,-0.0001534749052058802,-1.8896939217462375e-07,-0.00013951287472434035,2.3928331160817146e-06
1789477516,411020017,body,0.5231856054670722,-5.143488844854058e-07,-0.00015643314017273026,-1.7164710648574318e-07,-0.00011103081367072625,2.3027202136736253e-06
1789477516,416268181,body,0.5230394817350806,-5.507826117936277e-07,-0.00015866123051606283,-1.537398990604315e-07,-8.356240494932903e-05,2.212304615312486e-06
1789477516,421557053,body,0.522891007451227,-5.80834181376415e-07,-0.00016019363555888654,-1.3550292698619182e-07,-5.735712147084179e-05,2.1217966637234958e-06
1789477516,426765198,body,0.5227408395275759,-6.049519033477748e-07,-0.00016107024199983903,-1.1717386985645292e-07,-3.2624819699438715e-05,2.031387358070322e-06
1789477516,431982337,body,0.5225896010091918,-6.235934066950403e-07,-0.00016133534515782794,-9.89715018309026e-08,-9.53688186528211e-06,1.94124857673683e-06
1789477516,437169886,body,0.5224378764495097,-6.37219803439596e-07,-0.00016103667166802302,-8.109455754604608e-08,1.1772267374621025e-05,1.8515346967971425e-06
1789477516,442450170,body,0.5222862082093181,-6.462901427393653e-07,-0.00016022445232313236,-6.372088890474545e-08,3.120332608101596e-05,1.7623827258369255e-06
1789477516,447697020,body,0.5221350936371134,-6.512561293881541e-07,-0.00015895055217954337,-4.700719790284853e-08,4.869001345349512e-05,1.6739137984456933e-06
1789477516,453121447,body,0.5219849830831585,-6.525579762247793e-07,-0.00015726766350075507,-3.108898685450265e-08,6.419675462687231e-05,1.586233589190567e-06
1789477516,458570747,body,0.5218362786923691,-6.506201319592138e-07,-0.00015522856590807646,-1.6080551216721244e-08,7.771620132425078e-05,1.4994348494434837e-06
1789477516,463787398,body,0.5216893339170388,-6.458482434397076e-07,-0.00015288545654918963,-2.0753280558285155e-09,8.926663405146973e-05,1.4135968723780365e-06
1789477516,469229126,body,0.5215444536855521,-6.386259790677032e-07,-0.00015028935214302016,1.085300518731698e-08,9.888929078034794e-05,1.3287874607495159e-06
1789477516,474437517,body,0.5214018951660112,-6.293130279596921e-07,-0.00014748956340314065,2.2650308195096242e-08,0.00010664566214862785,1.2450645556744974e-06
1789477516,479783781,body,0.5212618690533306,-6.182431270454647e-07,-0.00014453324164614834,3.328051130482679e-08,0.00011261479030709015,1.1624774496483558e-06
1789477516,485055075,body,0.5211245413194103,-6.057227798664667e-07,-0.00014146499607412623,4.272462542832375e-08,0.00011689060510565132,1.0810655280103796e-06
1789477516,491747028,body,0.5209900353551613,-5.920305312160098e-07,-0.00013832657992916096,5.097947288928193e-08,0.00011957932751686888,1.0008630523841714e-06
1789477516,499428693,body,0.5208584344437861,-5.774163773062997e-07,-0.00013515664263697135,5.805649170941346e-08,0.00012079696640478558,9.218973726959053e-07
1789477516,505081858,body,0.5207297845014425,-5.62101845790164e-07,-0.00013199054467898097,6.397992774961026e-08,0.00012066693083918644,8.441916380786365e-07
1789477516,510664787,body,0.5206040970251247,-5.462804634759725e-07,-0.00012886023149624381,6.878581307094143e-08,0.00011931777738083505,7.677645342893593e-07
1789477516,516084328,body,0.5204813521912451,-5.301182079136093e-07,-0.0001257941622214201,7.25202915803142e-08,0.00011688110751993037,6.926315834787979e-07
1789477516,521452429,body,0.5203615020525266,-5.137545519929209e-07,-0.00012281728880575034,7.523802429568079e-08,0.00011348962720831344,6.188063195764739e-07
1789477516,526927411,body,0.5202444737829791,-4.973036862485691e-07,-0.00011995108102226116,7.700121809820366e-08,0.00010927537756252474,5.463001977872103e-07
1789477516,532282434,body,0.5201301729246431,-4.808559865395518e-07,-0.00011721359251222783,7.787760700677885e-08,0.00010436814238213024,4.7512341484456425e-07
1789477516,537635179,body,0.5200184865984112,-4.644794110704303e-07,-0.00011461956311804898,7.793953537487177e-08,9.88940360659715e-05,4.0528622955797806e-07
1789477516,542954951,body,0.5199092866383632,-4.482214147682159e-07,-0.00011218055276883282,7.726243259177332e-08,9.297427171207571e-05,3.3679832068653857e-07
1789477516,548188460,body,0.5198024326201686,-4.321107086583677e-07,-0.00010990510214508334,7.592381959017004e-08,8.672410829652755e-05,2.6966928480691953e-07
1789477516,553582890,body,0.5196977747542448,-4.1615905683818204e-07,-0.00010779891564127202,7.400201003096412e-08,8.025197282687048e-05,2.0391006573858444e-07
1789477516,558910378,body,0.5195951566220457,-4.003633626883235e-07,-0.00010586506212921599,7.157499370873095e-08,7.36587516867462e-05,1.3953211791572675e-07
1789477516,564122384,body,0.5194944177330552,-3.8470748481083466e-07,-0.00010410418934699105,6.871976087719054e-08,6.703724436629985e-05,7.654760654193126e-08
1789477516,569491703,body,0.5193953958914782,-3.6916421835472724e-07,-0.00010251474798330468,6.551129233399517e-08,6.047177027669902e-05,1.496997642210459e-08
1789477516,574760458,body,0.5192979293572096,-3.536972927025628e-07,-0.00010109322168423912,6.202186555530733e-08,5.403791940185531e-05,-4.5186078851252425e-08
1789477516,580005906,body,0.5192018587970274,-3.3826291186655037e-07,-9.983435959696584e-05,5.8320179436241744e-08,4.7802436364540124e-05,-1.0390543816125917e-07
1789477516,585274304,body,0.5191070290174836,-3.22811837234983e-07,-9.873140828962257e-05,5.447121784576528e-08,4.182322662587337e-05,-1.6117078644117957e-07
1789477516,590571003,body,0.5190132904842528,-3.0729077966194763e-07,-9.777634028524792e-05,5.0535646515220644e-08,3.614947220168386e-05,-2.169648893414735e-07
1789477516,599505537,body,0.518920500623069,-2.916441973888276e-07,-9.696007658315654e-05,4.656918738580801e-08,3.082184633079607e-05,-2.7126894660467385e-07
1789477516,605271460,body,0.5188285249111658,-2.758155085390769e-07,-9.627270110720437e-05,4.2622736624134764e-08,2.5872814205596837e-05,-3.240638888717221e-07
1789477516,610466094,body,0.5187372377631962,-2.597485679857565e-07,-9.570366502822074e-05,3.874202192272164e-08,2.1327007955411704e-05,-3.7532973036901e-07
1789477516,615636581,body,0.5186465232216191,-2.433888279264865e-07,-9.524197956191e-05,3.496764623486038e-08,1.7201664153222856e-05,-4.250464205185507e-07
1789477516,621047210,body,0.51855627545975,-2.2668426191843813e-07,-9.487639573174954e-05,3.133475907675148e-08,1.3507112145028393e-05,-4.731940193286482e-07
1789477516,626372577,body,0.5184663991113379,-2.0958650899524823e-07,-9.45955703170776e-05,2.7873372310119515e-08,1.0247302563748322e-05,-5.197520491869239e-07
1789477516,631687707,body,0.5183768094361841,-1.9205150082448315e-07,-9.438821701165957e-05,2.4608438015386924e-08,7.42036583913379e-06,-5.647008982852478e-07
1789477516,637033364,body,0.5182874323385739,-1.7404006460871592e-07,-9.424324251704753e-05,2.156001595190767e-08,5.019189968916956e-06,-6.080210102890011e-07
1789477516,642302420,body,0.5181982042491762,-1.5551872027460096e-07,-9.4149867134636e-05,1.874324510534909e-08,3.0320088892810022e-06,-6.496942677570232e-07
1789477516,647514667,body,0.5181090718873966,-1.3645967995274233e-07,-9.40977299664853e-05,1.61690286104181e-08,1.4429938151586422e-06,-6.897032174843455e-07
1789477516,652992779,body,0.5180199919172549,-1.1684157784381825e-07,-9.407697875973979e-05,1.3843945636225805e-08,2.3283848319533833e-07,-7.28031310377727e-07
1789477516,658347978,body,0.5179309305111044,-9.664922121592621e-08,-9.407834483480931e-05,1.1770609257383224e-08,-6.206675013240562e-07,-7.646639841117156e-07
1789477516,663665468,body,0.5178418628364728,-7.58740324756888e-08,-9.409320348287741e-05,9.948233466990412e-09,-1.1420834197447032e-06,-7.995876863756824e-07
1789477516,668995513,body,0.5177527724788822,-5.45136593121648e-08,-9.411362055373281e-05,8.372846352656795e-09,-1.357785634336085e-06,-8.327911217986383e-07
1789477516,674451598,body,0.5176636508142572,-3.2572213179844094e-08,-9.413238589373148e-05,7.037425849427291e-09,-1.295464223165781e-06,-8.642646469972881e-07
1789477516,679657550,body,0.517574496343748,-1.0059750269390577e-08,-9.414303451743224e-05,5.9326344985432764e-09,-9.836501794080969e-07,-8.94000709393108e-07
1789477516,684960874,body,0.5174853140025095,1.3007655261914089e-08,-9.413985637833871e-05,5.0469101153560075e-09,-4.512777991817433e-07,-9.219939561127325e-07
1789477516,690198489,body,0.5173961144541684,3.660846373317107e-08,-9.411789577349488e-05,4.366933663113967e-09,2.727165186257163e-07,-9.482413896155268e-07
1789477516,698087322,body,0.5173069133805294,6.071606924407389e-08,-9.407294123938933e-05,3.8777971686379805e-09,1.1597570510690131e-06,-9.72742290087267e-07
1789477516,705135450,body,0.5172177307764682,8.529895540686265e-08,-9.400150718518644e-05,3.5636686843679325e-09,2.181953097236283e-06,-9.95498421070461e-07
1789477516,710526636,body,0.5171285902577258,1.1032141625534719e-07,-9.390080804479216e-05,3.4078131557735244e-09,3.3123830687899504e-06,-1.01651391294857e-06
1789477516,715777015,body,0.5170395183899467,1.3574382895457102e-07,-9.376872619478448e-05,3.392934930114373e-09,4.52533961721016e-06,-1.0357954584844774e-06
1789477516,721069839,body,0.5169505440442939,1.6152323488037088e-07,-9.360377451583542e-05,3.5014579457610337e-09,5.796536459463619e-06,-1.0533522285600792e-06
1789477516,726342915,body,0.516861697785786,1.8761375270401107e-07,-9.340505458200426e-05,3.715932245377434e-09,7.103277375046898e-06,-1.0691959145095058e-06
1789477516,731525112,body,0.5167730112993993,2.1396724154327584e-07,-9.317221151632942e-05,4.019038395770527e-09,8.424589180732457e-06,-1.083340794761935e-06
1789477516,736937890,body,0.5166845168561763,2.405334612399251e-07,-9.290538626789024e-05,4.393942739139418e-09,9.741320724705875e-06,-1.0958031920616226e-06
1789477516,742312993,body,0.5165962468234225,2.672609722012739e-07,-9.260516629902028e-05,4.824314630639009e-09,1.1036208964824081e-05,-1.106602266188973e-06
1789477516,747535562,body,0.5165082332204852,2.9409722224365236e-07,-9.227253529243574e-05,5.294712691458822e-09,1.2293916070052694e-05,-1.1157588117054435e-06
1789477516,753010562,body,0.5164205073215008,3.209892383168399e-07,-9.190882275516113e-05,5.790532825795812e-09,1.3501037726047792e-05,-1.1232966812521988e-06
1789477516,758248627,body,0.5163330993050709,3.47883944367384e-07,-9.151565409496877e-05,6.298099031155262e-09,1.4646087282263728e-05,-1.129241390026544e-06
1789477516,763596705,body,0.5162460379514764,3.7472850483461374e-07,-9.109490172564582e-05,6.80496685420798e-09,1.5719456967446545e-05,-1.1336204311646792e-06
1789477516,768903817,body,0.5161593503867499,4.014709137750698e-07,-9.064863774648521e-05,7.299798287825816e-09,1.6713359210995304e-05,-1.1364635110690776e-06
1789477516,774293494,body,0.5160730618713336,4.280600069540193e-07,-9.017908870051405e-05,7.7723212672052e-09,1.762175098238732e-05,-1.1378018810343727e-06
1789477516,779519243,body,0.5159871956328639,4.544460510567872e-07,-8.968859264201382e-05,8.213637504871738e-09,1.844024314034464e-05,-1.1376686814851692e-06
1789477516,784775129,body,0.51590177274059,4.805808929397001e-07,-8.91795589546837e-05,8.616075375709749e-09,1.91659981124784e-05,-1.136098420116595e-06
1789477516,790045442,body,0.5158168120185537,5.064181333480417e-07,-8.865443112412052e-05,8.972993680093495e-09,1.9797617262029417e-05,-1.1331275813376987e-06
1789477516,795694479,body,0.5157323299957522,5.319135778451071e-07,-8.811565262237058e-05,9.279183239799142e-09,2.0335021606634543e-05,-1.1287933262853409e-06
1789477516,804345844,body,0.5156483408898713,5.570250085121403e-07,-8.756563605221476e-05,9.530355368624775e-09,2.0779326861598218e-05,-1.1231343653051954e-06
1789477516,810013509,body,0.5155648566214318,5.81712815692104e-07,-8.70067356734847e-05,9.723503359662406e-09,2.113271568099618e-05,-1.1161905583426874e-06
1789477516,815448752,body,0.5154818868558211,6.059396549444898e-07,-8.644122323586566e-05,9.856631161972722e-09,2.1398308572028417e-05,-1.108002657277917e-06
1789477516,820667309,body,0.5153994390699465,6.296708107844975e-07,-8.587126718760687e-05,9.928608651223573e-09,2.1580035350071015e-05,-1.0986121604264703e-06
1789477516,825880454,body,0.5153175186393137,6.528741925748436e-07,-8.529891518629754e-05,9.939406569297722e-09,2.168250872979715e-05,-1.0880615135256507e-06
1789477516,831072200,body,0.5152361289442562,6.755203028063606e-07,-8.4726079738864e-05,9.889605584845093e-09,2.1710901508966027e-05,-1.0763937265606108e-06
1789477516,836366556,body,0.5151552714905495,6.975822695533488e-07,-8.415452700296012e-05,9.780738048742647e-09,2.1670828166478728e-05,-1.0636521051533971e-06
1789477516,841731397,body,0.5150749460423202,7.190358418980692e-07,-8.358586840238591e-05,9.61484363151599e-09,2.1568232363464598e-05,-1.0498805346475107e-06
1789477516,846989818,body,0.514995150764828,7.398593678976817e-07,-8.302155505888567e-05,9.394631349220612e-09,2.140928109241396e-05,-1.0351231448401817e-06
1789477516,852585020,body,0.5149158823725798,7.600337128525996e-07,-8.246287471860091e-05,9.123352875274835e-09,2.120026607492299e-05,-1.0194244031900433e-06
1789477516,857963307,body,0.5148371362831239,7.795421554766458e-07,-8.19109510490772e-05,8.804682706083248e-09,2.0947512885520293e-05,-1.0028285985160406e-06
1789477516,863314330,body,0.5147589067713084,7.983703775790029e-07,-8.136674507365949e-05,8.442404937041099e-09,2.06572983954558e-05,-9.853803649309382e-07
1789477516,868544279,body,0.5146811871245697,8.165062959689168e-07,-8.083105846520362e-05,8.040797567198885e-09,2.033577660760289e-05,-9.67124070186116e-07
1789477516,873796516,body,0.5146039697946654,8.339400457250779e-07,-8.03045385732046e-05,7.60437497472327e-09,1.9988913423079997e-05,-9.481038266981837e-07
1789477516,879118645,body,0.5145272465462838,8.506637333102318e-07,-7.978768488098449e-05,7.13753929519363e-09,1.9622429342630055e-05,-9.283638633799171e-07
1789477516,884242193,body,0.5144510086004289,8.666714203132838e-07,-7.928085670621697e-05,6.64488932540607e-09,1.924175152165385e-05,-9.079478207122412e-07
1789477516,889467430,body,0.5143752467704519,8.819590211973436e-07,-7.878428192681281e-05,6.13105621555907e-09,1.8851973385837126e-05,-8.868992025578941e-07
1789477516,894687965,body,0.5142999515909765,8.965241198985418e-07,-7.829806651157224e-05,5.60042834780289e-09,1.8457822452451443e-05,-8.652609808520186e-07
1789477516,903517144,body,0.5142251134376241,9.10365810339121e-07,-7.782220470295047e-05,5.057537767774835e-09,1.8063636129705497e-05,-8.430758321643736e-07
1789477516,909824940,body,0.5141507226379975,9.234846875974641e-07,-7.735658957264366e-05,4.506647395490864e-09,1.7673344399503157e-05,-8.20385776778265e-07
1789477516,915078921,body,0.5140767695721865,9.358826281742644e-07,-7.690102390561864e-05,3.951748915439989e-09,1.7290459137075746e-05,-7.972322641760685e-07
1789477516,920331124,body,0.5140032447641044,9.475627593974586e-07,-7.64552311026884e-05,3.3966783441834986e-09,1.691807022965948e-05,-7.736562729853263e-07
1789477516,925604653,body,0.5139301389613878,9.585292285088935e-07,-7.601886611714131e-05,2.8450873290643074e-09,1.6558846791073584e-05,-7.496981177939149e-07
1789477516,930779793,body,0.5138574432057028,9.687871799267977e-07,-7.559152613690367e-05,2.300243387394956e-09,1.6215043667624248e-05,-7.253975989873068e-07
1789477516,936144024,body,0.5137851488925713,9.78342643736225e-07,-7.517276101655441e-05,1.7653143031497943e-09,1.588851280235306e-05,-7.007936575355525e-07
1789477516,941293528,body,0.5137132478212485,9.872024453457092e-07,-7.476208327304003e-05,1.242966288606602e-09,1.558071841400479e-05,-6.759245059140518e-07
1789477516,946534949,body,0.5136417322349036,9.953740744988622e-07,-7.43589776507015e-05,7.356549112681887e-10,1.5292755355668356e-05,-6.50827773611819e-07
1789477516,951960093,body,0.5135705948514202,1.0028655955393279e-06,-7.396291002672952e-05,2.4558085538032764e-10,1.5025370622032389e-05,-6.255400375020651e-07
1789477516,957192514,body,0.5134998288855996,1.0096856858068706e-06,-7.357333581618837e-05,-2.2547229709839357e-10,1.4778987080386354e-05,-6.00097660030791e-07
1789477516,962387014,body,0.5134294280629089,1.0158433573316813e-06,-7.31897076182247e-05,-6.758868387013769e-10,1.4553729253337218e-05,-5.745355236229842e-07
1789477516,967707771,body,0.5133593866261585,1.0213481395101416e-06,-7.281148221203874e-05,-1.1044065947232969e-09,1.4349449754334325e-05,-5.488883795671016e-07
1789477516,973000189,body,0.5132896993345785,1.0262098060499438e-06,-7.243812681528997e-05,-1.5100722636130886e-09,1.416575742293009e-05,-5.231897022852969e-07
1789477516,978334739,body,0.5132203614566052,1.0304384724510172e-06,-7.206912462443687e-05,-1.892108291165618e-09,1.4002045084812717e-05,-4.974722833329472e-07
1789477516,983585717,body,0.5131513687581217,1.0340444779978534e-06,-7.170397960567333e-05,-2.2501360126878598e-09,1.3857517880231721e-05,-4.7176814032132155e-07
1789477516,988779710,body,0.5130827174841252,1.0370384040587646e-06,-7.134222063752062e-05,-2.5838494276360424e-09,1.373122113396207e-05,-4.461082905067437e-07
1789477516,993926497,body,0.513014404337552,1.039430940416879e-06,-7.098340481418293e-05,-2.8932151189659058e-09,1.3622067492447338e-05,-4.2052305828589563e-07
1789477517,381304,body,0.5129464264540893,1.041233011085922e-06,-7.062712022328875e-05,-3.1783900602631337e-09,1.3528863108440194e-05,-3.950418032139982e-07
1789477517,8325015,body,0.5128787813735398,1.0424556002654987e-06,-7.027298797236063e-05,-3.4398015948881985e-09,1.3450332783096657e-05,-3.6969300215008953e-07
1789477517,13727097,body,0.5128114670101206,1.0431098939253104e-06,-6.992066365512517e-05,-3.677894372807998e-09,1.3385143667019587e-05,-3.445044347217144e-07
1789477517,19007510,body,0.5127444816196373,1.0432071079180821e-06,-6.956983823787857e-05,-3.893299044570525e-09,1.333192740588482e-05,-3.1950273476420137e-07
1789477517,24201824,body,0.5126778237667969,1.0427585171154556e-06,-6.922023839684975e-05,-4.086865718168891e-09,1.3289300683998173e-05,-2.947139554218047e-07
1789477517,29477809,body,0.5126114922912826,1.0417756634177736e-06,-6.887162640541547e-05,-4.259366323021872e-09,1.325588417470126e-05,-2.701629241726283e-07
1789477517,34686017,body,0.5125454862738935,1.0402699531295272e-06,-6.852379956912809e-05,-4.411785611420565e-09,1.3230318994975265e-05,-2.458736746492683e-07
1789477517,40043962,body,0.512479805002761,1.0382530329244102e-06,-6.817658929271157e-05,-4.545210216472261e-09,1.3211281969911434e-05,-2.2186967537042757e-07
1789477517,45265660,body,0.5124144479409111,1.03573657177985e-06,-6.782985977044117e-05,-4.660575423526536e-09,1.3197499085280032e-05,-1.9817317698309263e-07
1789477517,50790162,body,0.5123494146939364,1.0327323027749925e-06,-6.748350644941706e-05,-4.759031662308152e-09,1.3187756315519928e-05,-1.7480564739835038e-07
1789477517,56093478,body,0.5122847049798679,1.0292521542732468e-06,-6.713745419161888e-05,-4.841669136574372e-09,1.3180909377070942e-05,-1.5178744655286543e-07
1789477517,61318663,body,0.5122203186004004,1.025308008822914e-06,-6.679165528440315e-05,-4.909660033650882e-09,1.3175891282318106e-05,-1.2913820163730938e-07
1789477517,66560487,body,0.5121562554136057,1.0209119859009483e-06,-6.64460872787396e-05,-4.964032060660929e-09,1.3171718366992178e-05,-1.0687679937039862e-07
1789477517,71892336,body,0.5120925153091723,1.0160762152713113e-06,-6.610075071346174e-05,-5.005870434122451e-09,1.316749465779178e-05,-8.502091633522789e-08
1789477517,77208745,body,0.5120290981850995,1.01081293689423e-06,-6.575566679186403e-05,-5.036264726634298e-09,1.3162414773397186e-05,-6.358763072303649e-08
1789477517,82508899,body,0.5119660039272337,1.00513450463175e-06,-6.541087498963389e-05,-5.056255467391035e-09,1.3155765312240073e-05,-4.259278618592006e-08
1789477517,87707593,body,0.5119032323907596,9.990534715059592e-07,-6.506643070142395e-05,-5.0668587248468856e-09,1.3146924905807095e-05,-2.2051747893585186e-08
1789477517,92961258,body,0.5118407833836806,9.925823864410855e-07,-6.47224028697452e-05,-5.068877212477846e-09,1.3135363608005657e-05,-1.9785399258738035e-09
1789477517,98089419,body,0.5117786566532111,9.857339737420985e-07,-6.437887172147894e-05,-5.0632112959949105e-09,1.312064025394939e-05,1.7613429812146907e-08
1789477517,107300183,body,0.5117168518734863,9.785210510979656e-07,-6.403592651403912e-05,-5.050745725122988e-09,1.310239990422488e-05,3.6711522779705095e-08
1789477517,113818882,body,0.5116553686365014,9.709565212280575e-07,-6.369366346462151e-05,-5.032205194512165e-09,1.308036998353572e-05,5.5304463743343543e-08
1789477517,119454811,body,0.5115942064439412,9.630534675771429e-07,-6.335218371826123e-05,-5.008276645335645e-09,1.3054355706575791e-05,7.338139933209603e-08
1789477517,124996836,body,0.5115333647019583,9.548250333057948e-07,-6.301159149560298e-05,-4.979593628541619e-09,1.3024235208605806e-05,9.093238431343204e-08
1789477517,130511018,body,0.5114728427173003,9.46284390818328e-07,-6.267199235262309e-05,-4.946698502357113e-09,1.2989954099798613e-05,1.079486624738302e-07
1789477517,135990815,body,0.5114126396951071,9.374448982684276e-07,-6.233349161242953e-05,-4.910160243288389e-09,1.2951519574396916e-05,1.2442195498893957e-07
1789477517,141663404,body,0.5113527547383794,9.28320012263962e-07,-6.199619293752444e-05,-4.870458884293681e-09,1.2908994447707846e-05,1.4034496444463264e-07
1789477517,147439747,body,0.5112931868492563,9.189231499138253e-07,-6.166019705564314e-05,-4.827894490149684e-09,1.2862491369621942e-05,1.557112726812753e-07
1789477517,153339564,body,0.5112339349310767,9.092679025325223e-07,-6.132560064463331e-05,-4.7828002879816205e-09,1.281216611886074e-05,1.7051548294275478e-07
1789477517,158973758,body,0.5111749977912219,8.99367771621615e-07,-6.099249542090171e-05,-4.735573886367158e-09,1.2758211842033663e-05,1.8475245160860544e-07
1789477517,164809581,body,0.511116374146373,8.892364763330513e-07,-6.066096728358804e-05,-4.686341752589074e-09,1.2700853171676774e-05,1.9841855934002508e-07
1789477517,170730111,body,0.51105806262713,8.788876038985552e-07,-6.033109571997171e-05,-4.635441294035671e-09,1.2640339929063985e-05,2.115103133970919e-07
1789477517,176653304,body,0.5110000617834828,8.6833482541349e-07,-6.000295325431814e-05,-4.582894399212687e-09,1.2576942052712076e-05,2.2402551105918288e-07
1789477517,182517650,body,0.5109423700923784,8.575917700411108e-07,-5.967660512894143e-05,-4.52889386708615e-09,1.2510944005076918e-05,2.3596235708562018e-07
1789477517,188474558,body,0.5108849859633345,8.466720448007538e-07,-5.935210902131793e-05,-4.473554613363764e-09,1.244263979430787e-05,2.473200232245306e-07
1789477517,194408522,body,0.5108279077462554,8.355892500858506e-07,-5.902951493657552e-05,-4.416975871324214e-09,1.2372328467859455e-05,2.5809846836863977e-07
1789477517,200330539,body,0.5107711337385721,8.243569281019125e-07,-5.870886520982279e-05,-4.359061419756423e-09,1.2300309894752259e-05,2.6829793559372696e-07
1789477517,206240673,body,0.5107146621922783,8.129884767132446e-07,-5.8390194566371405e-05,-4.299936849280455e-09,1.2226880755444727e-05,2.779199592043496e-07
1789477517,213781876,body,0.5106584913217803,8.014973434745992e-07,-5.8073530302948924e-05,-4.239578899928076e-09,1.2152331192293173e-05,2.869664798220948e-07
1789477517,222388513,body,0.5106026193107545,7.898966708210023e-07,-5.7758892545486716e-05,-4.177970843330837e-09,1.2076941797515276e-05,2.954401208586891e-07
1789477517,228447637,body,0.5105470443191101,7.781996730311509e-07,-5.744629455136543e-05,-4.115142473422322e-09,1.2000980905354709e-05,3.0334405307593883e-07
1789477517,234566992,body,0.5104917644899177,7.664193181230878e-07,-5.7135743097877876e-05,-4.051072391781552e-09,1.1924702420488002e-05,3.106820844974529e-07
1789477517,240582310,body,0.5104367779555906,7.54568455106555e-07,-5.68272388993584e-05,-3.985661313299781e-09,1.1848343982825108e-05,3.174589590546001e-07
1789477517,246627836,body,0.5103820828440297,7.426597311462817e-07,-5.6520777043511364e-05,-3.919045287877959e-09,1.1772125505342843e-05,3.236795406254248e-07
1789477517,252868752,body,0.5103276772841676,7.307056734843126e-07,-5.621634750809018e-05,-3.851004920924261e-09,1.1696248183771485e-05,3.2934966558695775e-07
1789477517,259279506,body,0.510273559411048,7.187185286189071e-07,-5.591393563618691e-05,-3.781640488542427e-09,1.1620893578432333e-05,3.344755622816447e-07
1789477517,265410207,body,0.5102197273706568,7.067103943018874e-07,-5.5613522665099756e-05,-3.7109567147177822e-09,1.1546223238990825e-05,3.3906386205016283e-07
1789477517,271424851,body,0.5101661793239733,6.946930960807879e-07,-5.531508623099432e-05,-3.6388516286161328e-09,1.1472378677805238e-05,3.431218645731769e-07
1789477517,277631325,body,0.5101129134506285,6.826782886403159e-07,-5.501860090315487e-05,-3.5653519531795955e-09,1.1399481325521671e-05,3.4665743021842095e-07
1789477517,283561059,body,0.5100599279522805,6.706773193038566e-07,-5.472403865134857e-05,-3.490539902940822e-09,1.1327632961834854e-05,3.496785548128586e-07
1789477517,289530164,body,0.5100072210551366,6.587012135128789e-07,-5.443136938246582e-05,-3.4143865262634406e-09,1.125691629059286e-05,3.521941589841252e-07
1789477517,295389031,body,0.5099547910122629,6.467609153630765e-07,-5.4140561361216904e-05,-3.336911733975426e-09,1.1187395815752266e-05,3.5421314227633535e-07
1789477517,301430230,body,0.5099026361054317,6.348668815943787e-07,-5.3851581681333996e-05,-3.2581686588540397e-09,1.1119118546381226e-05,3.557450082029242e-07
1789477517,307413721,body,0.5098507546464353,6.230293989740955e-07,-5.356439668097103e-05,-3.1782525662414968e-09,1.1052115126853524e-05,3.567997088164648e-07
1789477517,313317785,body,0.5097991449779035,6.11258413444421e-07,-5.3278972321523704e-05,-3.0970833104827127e-09,1.098640117246127e-05,3.573872860719889e-07
1789477517,319257212,body,0.5097478054739789,5.995636006550565e-07,-5.299527455992373e-05,-3.0149203811094215e-09,1.0921978125383114e-05,3.575185069558361e-07
1789477517,325190553,body,0.509696734540423,5.879542870738489e-07,-5.271326964800581e-05,-2.9317457413878978e-09,1.0858834885610256e-05,3.5720410510554026e-07
1789477517,334754634,body,0.5096459306145807,5.764395367629619e-07,-5.243292444401329e-05,-2.8475835013652257e-09,1.0796948982234037e-05,3.564552504845982e-07
1789477517,341378581,body,0.5095953921649539,5.650280006703424e-07,-5.2154206663065115e-05,-2.7626331616824837e-09,1.07362880022926e-05,3.5528345836437635e-07
1789477517,347415378,body,0.509545117690243,5.537281114922676e-07,-5.187708506802809e-05,-2.6770409585288194e-09,1.0676810702110724e-05,3.5370027287465663e-07
1789477517,353775210,body,0.5094951057189189,5.425479049621784e-07,-5.160152971169611e-05,-2.590746598005301e-09,1.0618468825849625e-05,3.517176366843686e-07
1789477517,359688487,body,0.5094453548075553,5.314951450184387e-07,-5.1327512031286496e-05,-2.5039762083969237e-09,1.0561207751646404e-05,3.4934781669219914e-07
1789477517,365960768,body,0.5093958635401165,5.205771406537179e-07,-5.1055005011449404e-05,-2.4169248860687592e-09,1.0504968161398084e-05,3.4660295544728143e-07
1789477517,372126279,body,0.5093466305259685,5.098010541768612e-07,-5.0783983260891915e-05,-2.3295678702285455e-09,1.0449687158751888e-05,3.4349565398776856e-07
1789477517,378108041,body,0.5092976543990976,4.99173557764405e-07,-5.0514423062683896e-05,-2.2420980571425575e-09,1.0395299306052566e-05,3.400384056931728e-07
1789477517,384072580,body,0.5092489338156942,4.887010830283663e-07,-5.02463024394044e-05,-2.1546816871564183e-09,1.0341737691271199e-05,3.362440259034361e-07
1789477517,390020375,body,0.5092004674532292,4.78389687985029e-07,-4.99796011398463e-05,-2.0674073230684576e-09,1.0288934921651771e-05,3.321253299466169e-07
1789477517,395968295,body,0.5091522540083936,4.682450879135444e-07,-4.971430063630051e-05,-1.9804035055873244e-09,1.0236823925293817e-05,3.276953241147295e-07
1789477517,401886368,body,0.509104292195677,4.582727277331917e-07,-4.945038409909283e-05,-1.893818804114615e-09,1.0185338848209606e-05,3.2296697029328135e-07
1789477517,407846571,body,0.5090565807455208,4.484776353649166e-07,-4.918783633764069e-05,-1.807746287645122e-09,1.0134415671608504e-05,3.179534157662642e-07
1789477517,414013476,body,0.5090091184030033,4.388646017600448e-07,-4.8926643750220135e-05,-1.7223878772470225e-09,1.0083992745920656e-05,3.1266772123548035e-07
1789477517,419938539,body,0.5089619039259567,4.2943805436712657e-07,-4.866679424225656e-05,-1.6378034090147232e-09,1.0034011591260257e-05,3.0712304063997424e-07
1789477517,425864443,body,0.5089149360839729,4.2020210596242443e-07,-4.8408277123564095e-05,-1.5541704630813545e-09,9.984416945167509e-06,3.0133236140160527e-07
1789477517,431716384,body,0.5088682136563774,4.1116056655941664e-07,-4.8151083034408844e-05,-1.4714756133028158e-09,9.93515746093935e-06,2.953092571116865e-07
1789477517,437871861,body,0.5088217354314846,4.0231686635819004e-07,-4.78952038283723e-05,-1.3899787480274265e-09,9.886185667661363e-06,2.8906614787808854e-07
1789477517,446260371,body,0.5087755002052113,3.9367425972616526e-07,-4.7640632471705635e-05,-1.309708711915639e-09,9.83745854419427e-06,2.8261651958885513e-07
1789477517,454378178,body,0.5087295067798692,3.852355917659803e-07,-4.738736292081067e-05,-1.230772182933782e-09,9.788937160569988e-06,2.7597326528319227e-07
1789477517,460820313,body,0.5086837539632763,3.770034161493511e-07,-4.7135390025565225e-05,-1.1532625610153829e-09,9.740587149834635e-06,2.6914919140012537e-07
1789477517,466987594,body,0.5086382405676915,3.6898008902853227e-07,-4.6884709395937094e-05,-1.0773043424528044e-09,9.692378494892225e-06,2.621572598133742e-07
1789477517,473019154,body,0.5085929654093886,3.6116752399438265e-07,-4.66353173141409e-05,-1.002944406396147e-09,9.644285576238729e-06,2.5500994610728627e-07
1789477517,479051099,body,0.5085479273076252,3.535674814249748e-07,-4.6387210610414316e-05,-9.302673401752343e-10,9.596286856655926e-06,2.4772022880173127e-07
1789477517,484967070,body,0.5085031250840747,3.4618140256422463e-07,-4.614038655726486e-05,-8.592734941020995e-10,9.548365032213995e-06,2.403002826027401e-07
1789477517,490971793,body,0.5084585575628263,3.3901044006026367e-07,-4.5894842797606475e-05,-7.901408545558791e-10,9.5005065770664e-06,2.3276248430060001e-07
1789477517,496900693,body,0.5084142235693907,3.3205549333831145e-07,-4.565057720549444e-05,-7.228565229260153e-10,9.452701685722286e-06,2.2511887315097545e-07
1789477517,502731642,body,0.5083701219307346,3.253171968413494e-07,-4.5407587838325774e-05,-6.574364769862521e-10,9.404943999940619e-06,2.1738160720680988e-07
1789477517,508896555,body,0.5083262514752103,3.1879591614295256e-07,-4.516587284619023e-05,-5.939611393588908e-10,9.357230286751906e-06,2.0956265357084792e-07
1789477517,514813065,body,0.5082826110319166,3.1249184449795043e-07,-4.4925430376939186e-05,-5.324866196137241e-10,9.309560169791497e-06,2.0167333097175086e-07
1789477517,520837880,body,0.5082391994315151,3.064048054211339e-07,-4.468625854000876e-05,-4.730046007798206e-10,9.26193600828568e-06,1.9372539222631337e-07
1789477517,526832007,body,0.508196015505378,3.005344878437251e-07,-4.444835532828098e-05,-4.1560016241398846e-10,9.214362271994316e-06,1.8572972974053426e-07
1789477517,532979428,body,0.5081530580862987,2.948803117039306e-07,-4.4211718579562594e-05,-3.601918205089185e-10,9.166845648902632e-06,1.7769763668854055e-07
1789477517,538803342,body,0.5081103260080653,2.894414098567034e-07,-4.397634591950045e-05,-3.068713521495864e-10,9.11939437464592e-06,1.6964007431037702e-07
1789477517,544542522,body,0.5080678181064909,2.842169174029118e-07,-4.3742234731231084e-05,-2.555374938488172e-10,9.072018234733072e-06,1.615671078705836e-07
1789477517,550649440,body,0.5080255332186322,2.79205420048827e-07,-4.35093821338661e-05,-2.063087308058752e-10,9.024728123782956e-06,1.5348954429117556e-07
1789477517,556971886,body,0.5079834701837486,2.744056147128821e-07,-4.327778494999638e-05,-1.591104969875053e-10,8.977535872333368e-06,1.4541736335279185e-07
1789477517,566304637,body,0.5079416278435506,2.698158278103544e-07,-4.3047439684217755e-05,-1.1402815176348527e-10,8.930453898230893e-06,1.3736028173376473e-07
1789477517,572914219,body,0.5079000050418448,2.6543416605736116e-07,-4.281834253157594e-05,-7.094945243578969e-11,8.88349516333161e-06,1.2932802718924714e-07
1789477517,578958533,body,0.5078586006257781,2.612586992738728e-07,-4.259048934436308e-05,-2.985994434432022e-11,8.836672720527665e-06,1.2132977792660862e-07
1789477517,584936710,body,0.507817413445481,2.5728719985465746e-07,-4.236387567795816e-05,9.228179044618226e-12,8.789999656020088e-06,1.1337483206069335e-07
1789477517,590967524,body,0.5077764423545655,2.5351730509031963e-07,-4.21384967294489e-05,4.6269300509094204e-11,8.743488767350177e-06,1.0547169501132542e-07
1789477517,596901794,body,0.5077356862105878,2.4994647015786904e-07,-4.191434741457579e-05,8.136212860215157e-11,8.697152712172465e-06,9.762897765145835e-08
1789477517,602927104,body,0.5076951438752605,2.4657199334518455e-07,-4.169142233093092e-05,1.1463640560220423e-10,8.65100358969951e-06,8.985499997204628e-08
1789477517,608940229,body,0.5076548142145592,2.4339108973794436e-07,-4.146971579520868e-05,1.4591538087224626e-10,8.605052821904875e-06,8.215763125168771e-08
1789477517,615040736,body,0.507614696099469,2.4040070081819085e-07,-4.124922186691653e-05,1.7532646616741553e-10,8.559311251229914e-06,7.454454644235282e-08
1789477517,621167878,body,0.5075747884058779,2.3759771504515422e-07,-4.1029934335317906e-05,2.029992438490946e-10,8.513788836374605e-06,6.702313072793482e-08
1789477517,627030103,body,0.507535090014754,2.349788862820483e-07,-4.08118467926738e-05,2.2877681051979147e-10,8.468494664517161e-06,5.960048622063284e-08
1789477517,632951417,body,0.5074955998128567,2.3254080367723266e-07,-4.059495260581518e-05,2.528730386040629e-10,8.42343710895898e-06,5.228350404529114e-08
1789477517,638895220,body,0.5074563166925229,2.3027993763109863e-07,-4.037924497841679e-05,2.751286616551809e-10,8.378623313986756e-06,4.5078315979646695e-08
1789477517,644813049,body,0.5074172395520224,2.2819272260232074e-07,-4.0164716949635684e-05,2.9574858356174725e-10,8.334059778847234e-06,3.7991292455645386e-08
1789477517,650950352,body,0.5073783672955939,2.2627538487003238e-07,-3.995136143467317e-05,3.148111060019214e-10,8.289751929200961e-06,3.1028592978471326e-08
1789477517,656824187,body,0.5073396988337996,2.2452409057937815e-07,-3.973917123297164e-05,3.321634829752549e-10,8.245704080485154e-06,2.4195444493629538e-08
1789477517,662912717,body,0.5073012330834547,2.2293495238679687e-07,-3.952813908066736e-05,3.4799940026989906e-10,8.201919879784845e-06,1.7497513553975713e-08
1789477517,668858191,body,0.5072629689679112,2.215039278484762e-07,-3.9318257622692587e-05,3.623059275660469e-10,8.158401972760881e-06,1.0939571897325101e-08
1789477517,678009575,body,0.5072249054169159,2.2022692535414812e-07,-3.910951949692124e-05,3.750945540586016e-10,8.115152049173146e-06,4.526417904126958e-09
1789477517,684859344,body,0.5071870413667886,2.1909981378372378e-07,-3.8901917313787354e-05,3.8641002342663017e-10,8.07217111266365e-06,-1.737529745174587e-09
1789477517,690975023,body,0.5071493757604564,2.181183420461923e-07,-3.869544366801281e-05,3.9642359940968527e-10,8.029459439680366e-06,-7.848181010536402e-09
1789477517,697019415,body,0.5071119075474549,2.1727817839937776e-07,-3.849009119529959e-05,4.050245251134479e-10,7.987016469560485e-06,-1.3801594589019698e-08
1789477517,702945004,body,0.5070746356839634,2.1657508005141254e-07,-3.828585256090082e-05,4.123040541554789e-10,7.944841126497048e-06,-1.9594212227784032e-08
1789477517,709127904,body,0.5070375591326268,2.1600455424449974e-07,-3.8082720475247536e-05,4.1826236270877536e-10,7.902931539765034e-06,-2.522276987247193e-08
1789477517,715278115,body,0.5070006768626267,2.155621936749526e-07,-3.788068771611742e-05,4.230350389440443e-10,7.861285574408394e-06,-3.068427104772211e-08
1789477517,721383236,body,0.5069639878497889,2.1524353758467382e-07,-3.7679747136791314e-05,4.2658663867532365e-10,7.819900420449795e-06,-3.5976195544284535e-08
1789477517,727335219,body,0.506927491076316,2.1504404564402534e-07,-3.747989168118691e-05,4.2900165484441616e-10,7.778773104714826e-06,-4.109569343010881e-08
1789477517,733403184,body,0.5068911855305388,2.149592902924771e-07,-3.728111437086902e-05,4.3034892995200177e-10,7.737900111125523e-06,-4.604084513806266e-08
1789477517,739434070,body,0.5068550702074321,2.1498459626967497e-07,-3.708340834393213e-05,4.304863455766807e-10,7.69727770156264e-06,-5.0809876516756024e-08
1789477517,745212676,body,0.5068191441078322,2.1511543815429587e-07,-3.688676683745661e-05,4.2966925019093236e-10,7.656902035763037e-06,-5.540092908177163e-08
1789477517,751508011,body,0.5067834062388995,2.1534733044866526e-07,-3.669118319411995e-05,4.2784650627693703e-10,7.616769010345062e-06,-5.981271385910485e-08
1789477517,757589073,body,0.5067478556136918,2.156756056110257e-07,-3.649665087447039e-05,4.2510464234036403e-10,7.576874470853778e-06,-6.404394522046858e-08
1789477517,763697082,body,0.506712491251111,2.160957867871921e-07,-3.630316344570556e-05,4.2134359378858004e-10,7.537214088527024e-06,-6.809402696569001e-08
1789477517,769564165,body,0.5066773121759388,2.1660321964963038e-07,-3.611071459819156e-05,4.1676973453232894e-10,7.4977837555434615e-06,-7.19622052761417e-08
1789477517,775507556,body,0.5066423174186768,2.1719343516616817e-07,-3.591929812383541e-05,4.1139400729069257e-10,7.458579249723352e-06,-7.564802274142013e-08
1789477517,781348256,body,0.5066075060152799,2.1786191037285592e-07,-3.572890793436066e-05,4.051362770022023e-10,7.41959632446178e-06,-7.915139608655345e-08
1789477517,788123094,body,0.5065728770072986,2.1860411473345439e-07,-3.553953803638105e-05,3.981006983781985e-10,7.3808310129351015e-06,-8.247231977189932e-08
1789477517,796912592,body,0.506538429441559,2.1941555546183903e-07,-3.5351182558023454e-05,3.903980478019239e-10,7.342279432690863e-06,-8.561117572616857e-08
1789477517,802998625,body,0.5065041623702166,2.2029186055790206e-07,-3.516383571919732e-05,3.819103844917827e-10,7.303937732366715e-06,-8.856846908866545e-08
1789477517,809180998,body,0.5064700748507907,2.212286169474691e-07,-3.497749182620208e-05,3.728505877000917e-10,7.26580244584538e-06,-9.134497814831808e-08
1789477517,815131325,body,0.5064361659455445,2.2222143532978545e-07,-3.479214529760706e-05,3.6318505844239143e-10,7.227870132545857e-06,-9.3941587749533e-08
1789477517,821190785,body,0.5064024347221049,2.2326599000884858e-07,-3.460779062343644e-05,3.5286019861627833e-10,7.190137471790668e-06,-9.635935370907189e-08
1789477517,827296290,body,0.5063688802527535,2.2435807019119576e-07,-3.442442237687981e-05,3.420288865054486e-10,7.152601640283772e-06,-9.859960497992306e-08
1789477517,833266571,body,0.5063355016148693,2.2549345800235614e-07,-3.4242035206019695e-05,3.306352362761746e-10,7.115259789190204e-06,-1.0066411569292016e-07
1789477517,839123167,body,0.5063022978904151,2.2666798031332e-07,-3.4060623831931136e-05,3.1882768830459647e-10,7.078109403856735e-06,-1.0255425254795617e-07
1789477517,845095983,body,0.506269268166256,2.2787757318810165e-07,-3.3880183042091495e-05,3.0650147544245465e-10,7.041148052892754e-06,-1.042721749183318e-07
1789477517,851412499,body,0.5062364115337686,2.2911818235343453e-07,-3.370070767014107e-05,2.937983468010135e-10,7.0043736624035195e-06,-1.0581962031761237e-07
1789477517,857332691,body,0.5062037270890378,2.3038587921800502e-07,-3.352219262658762e-05,2.807001108230138e-10,6.967784259520459e-06,-1.07199051218779e-07
1789477517,863451717,body,0.5061712139325886,2.3167676333701403e-07,-3.3344632841002344e-05,2.6724412597659354e-10,6.931378134500332e-06,-1.0841258704149776e-07
1789477517,869377127,body,0.5061388711696894,2.3298701988191322e-07,-3.316802330715493e-05,2.5347880618269797e-10,6.895153723038766e-06,-1.0946286457041878e-07
1789477517,875252531,body,0.5061066979097647,2.3431290546539568e-07,-3.2992359062182106e-05,2.394125883170257e-10,6.859109666222902e-06,-1.1035266380498041e-07
1789477517,881141587,body,0.5060746932670707,2.3565079560843565e-07,-3.281763515757768e-05,2.2509168438271593e-10,6.823244786103281e-06,-1.1108453604238108e-07
1789477517,886969052,body,0.5060428563597904,2.36997108220431e-07,-3.264384669289903e-05,2.1054894116642865e-10,6.787557972459672e-06,-1.1166151996637419e-07
1789477517,892828693,body,0.5060111863109191,2.3834833451016522e-07,-3.247098878404948e-05,1.9582166938112605e-10,6.752048403724701e-06,-1.1208647329477531e-07
1789477517,898631249,body,0.5059796822475212,2.397010530783979e-07,-3.2299056582859204e-05,1.8090494275780083e-10,6.716715182837661e-06,-1.123628121834431e-07
1789477517,907918692,body,0.5059483433011903,2.410520009111895e-07,-3.2128045257738964e-05,1.65842724513574e-10,6.681557738034041e-06,-1.1249360085228019e-07
1789477517,914515650,body,0.5059171686077477,2.423978942685843e-07,-3.195794998139176e-05,1.5069227795644662e-10,6.646575454248417e-06,-1.1248219773148435e-07
1789477517,920407013,body,0.5058861573072246,2.4373565422971814e-07,-3.178876597245516e-05,1.3543536380568807e-10,6.611767824109971e-06,-1.1233210113211938e-07
1789477517,926440106,body,0.5058553085441646,2.450621961591494e-07,-3.162048843780652e-05,1.2006706150571613e-10,6.577134425732338e-06,-1.120469148377315e-07
1789477517,932342912,body,0.5058246214671429,2.4637455893569376e-07,-3.1453112609260484e-05,1.0472457978197841e-10,6.542674963795923e-06,-1.1163008610379484e-07
1789477517,938473078,body,0.5057940952293183,2.476699308776361e-07,-3.128663372860946e-05,8.937634904489094e-11,6.508389031958006e-06,-1.1108538635491701e-07
1789477517,944498542,body,0.5057637289876329,2.489455338756526e-07,-3.1121047056028916e-05,7.405075932417647e-11,6.474276414836108e-06,-1.1041657258845536e-07
1789477517,950604884,body,0.5057335219038073,2.5019870542419015e-07,-3.095634784887775e-05,5.872068785650019e-11,6.440336770480148e-06,-1.0962748617352024e-07
1789477517,956770287,body,0.5057034731433635,2.514268832057003e-07,-3.07925313833611e-05,4.3452268203340323e-11,6.406569950118299e-06,-1.0872206285682541e-07
1789477517,962864846,body,0.5056735818765128,2.5262762962025706e-07,-3.0629592950214815e-05,2.826723877785044e-11,6.37297562512681e-06,-1.077041562243975e-07
1789477517,968856300,body,0.5056438472771798,2.537985534964358e-07,-3.046752783401034e-05,1.3118504280875856e-11,6.3395535790086276e-06,-1.0657768646936061e-07
1789477517,974853597,body,0.5056142685239956,2.5493739790484275e-07,-3.0306331350783706e-05,-1.8389920748214284e-12,6.3063035131152825e-06,-1.0534688688608431e-07
1789477517,980691273,body,0.5055848447994641,2.5604204777924513e-07,-3.0145998809306432e-05,-1.6641222970434938e-11,6.27322525203083e-06,-1.0401559107124773e-07
1789477517,986480464,body,0.5055555752906014,2.571103844192776e-07,-2.9986525550566486e-05,-3.1321954224798906e-11,6.240318288380715e-06,-1.0258785133566388e-07
1789477517,992488741,body,0.5055264591882955,2.5814044888986305e-07,-2.9827906898152374e-05,-4.584612411619569e-11,6.207582405672448e-06,-1.010678609946993e-07
1789477517,998310652,body,0.5054974956879468,2.591304228735778e-07,-2.9670138224161143e-05,-6.012092825211599e-11,6.175017239753333e-06,-9.945976007806227e-08
1789477518,4234832,body,0.5054686839889523,2.6007850260616293e-07,-2.9513214884595385e-05,-7.426005161980645e-11,6.142622344310129e-06,-9.77676219837231e-08
1789477518,10336562,body,0.5054400232949722,2.60983051178312e-07,-2.9357132270048972e-05,-8.815513316326717e-11,6.110397287467903e-06,-9.599557342000247e-08
1789477518,17840717,body,0.5054115128137877,2.6184250052059093e-07,-2.9201885772380723e-05,-1.0180660658555708e-10,6.078341548530489e-06,-9.414772998333087e-08
1789477518,25981944,body,0.5053831517573728,2.6265538496047573e-07,-2.9047470821079835e-05,-1.1527040404835189e-10,6.046454572385509e-06,-9.222813065992701e-08
1789477518,32077097,body,0.5053549393418751,2.6342039899610135e-07,-2.8893882836660343e-05,-1.2840484748811618e-10,6.014735889408801e-06,-9.024099319907463e-08
1789477518,38223217,body,0.5053268747874754,2.6413617190765956e-07,-2.874111727931906e-05,-1.4125253854076266e-10,5.983184860110478e-06,-8.81904043276892e-08
1789477518,44147176,body,0.505298957318617,2.6480158261639896e-07,-2.8589169623301414e-05,-1.5388270195738511e-10,5.951800716216172e-06,-8.608025870186604e-08
1789477518,50176671,body,0.5052711861637401,2.6541560217517206e-07,-2.843803536202948e-05,-1.6622026573244914e-10,5.920582836000338e-06,-8.391489729974174e-08
1789477518,56377429,body,0.5052435605552822,2.65977180413411e-07,-2.8287710012868176e-05,-1.7822340630366433e-10,5.889530495595522e-06,-8.169804270229871e-08
1789477518,62533314,body,0.5052160797300146,2.664854617160867e-07,-2.8138189119806445e-05,-1.899191669474951e-10,5.858642952265021e-06,-7.943387378633182e-08
1789477518,68445228,body,0.5051887429285815,2.669396683432524e-07,-2.7989468229756467e-05,-2.012901429534411e-10,5.827919432180097e-06,-7.712617086232138e-08
1789477518,74473239,body,0.5051615493955343,2.6733908877954346e-07,-2.784154294647984e-05,-2.1235225123405084e-10,5.7973590471618764e-06,-7.477895737677743e-08
1789477518,80416612,body,0.5051344983797418,2.676830845115872e-07,-2.7694408874138397e-05,-2.2311473507118033e-10,5.766960945670611e-06,-7.239617462028483e-08
1789477518,86210736,body,0.5051075891338558,2.6797114241443855e-07,-2.7548061643768592e-05,-2.335002032648063e-10,5.736724368311318e-06,-6.998137753298005e-08
1789477518,92194812,body,0.5050808209144365,2.682028735829422e-07,-2.740249692965073e-05,-2.435955978215668e-10,5.70664825815165e-06,-6.753842746294262e-08
1789477518,98008019,body,0.5050541929823607,2.683778737193529e-07,-2.7257710411817223e-05,-2.533324324805317e-10,5.67673181139009e-06,-6.507128569114708e-08
1789477518,103955017,body,0.5050277046018439,2.684958456744868e-07,-2.7113697809037363e-05,-2.6270210522096145e-10,5.646974057690695e-06,-6.25831396681492e-08
1789477518,110009061,body,0.5050013550415969,2.685566846370818e-07,-2.697045486083557e-05,-2.716805117520313e-10,5.6173741244176156e-06,-6.007773750838923e-08
1789477518,115796074,body,0.5049751435737938,2.685602499855825e-07,-2.682797733661499e-05,-2.8037011717935315e-10,5.587931037904541e-06,-5.755893833840811e-08
1789477518,121761650,body,0.5049490694746054,2.6850647457958476e-07,-2.6686261031744453e-05,-2.8870899326540867e-10,5.55864380339189e-06,-5.502965427775453e-08
1789477518,127724964,body,0.5049231320241284,2.6839546194283067e-07,-2.654530176823431e-05,-2.9662638034725874e-10,5.529511573778695e-06,-5.249348134401015e-08
1789477518,137091438,body,0.5048973305061545,2.6822729481812487e-07,-2.6405095397796994e-05,-3.042691025759988e-10,5.500533291020944e-06,-4.9953821248419045e-08
1789477518,143398370,body,0.5048716642082764,2.680022249118491e-07,-2.6265637795619612e-05,-3.1151750880919544e-10,5.471708054728253e-06,-4.741385256854365e-08
1789477518,149393827,body,0.5048461324218709,2.6772043006768475e-07,-2.612692486527662e-05,-3.1840292498084845e-10,5.443034944525144e-06,-4.4876635076130975e-08
1789477518,155689674,body,0.5048207344420624,2.673823351132733e-07,-2.598895253422096e-05,-3.24969999323242e-10,5.414512953438864e-06,-4.2345272950839945e-08
1789477518,161834464,body,0.5047954695676706,2.6698828018928184e-07,-2.5851716761124886e-05,-3.3114568336055977e-10,5.386141222156359e-06,-3.982275047742479e-08
1789477518,167997936,body,0.5047703371012807,2.665387398344773e-07,-2.5715213526740397e-05,-3.3691464761369143e-10,5.357918812538881e-06,-3.731193536268094e-08
1789477518,174032695,body,0.504745336348995,2.6603428049380085e-07,-2.5579438845399354e-05,-3.4245474375719156e-10,5.329844680975383e-06,-3.4815771903972476e-08
1789477518,179979182,body,0.5047204666207533,2.654754369412619e-07,-2.5444388743635158e-05,-3.4761294914804307e-10,5.301918102490811e-06,-3.233688356966552e-08
1789477518,185937539,body,0.5046957272299409,2.6486287586394666e-07,-2.5310059281504578e-05,-3.524427506192887e-10,5.2741381211828555e-06,-2.987804147192945e-08
1789477518,191700223,body,0.5046711174937272,2.64197350766698e-07,-2.517644655044583e-05,-3.5685549475696047e-10,5.246503865525151e-06,-2.744163814767143e-08
1789477518,197684175,body,0.5046466367327272,2.634795271254184e-07,-2.504354664597085e-05,-3.609712555773095e-10,5.219014488418492e-06,-2.503017714035129e-08
1789477518,203558775,body,0.5046222842711449,2.6271028309419474e-07,-2.491135570996491e-05,-3.6482794395950503e-10,5.191669049501586e-06,-2.26461120396538e-08
1789477518,209757729,body,0.5045980594367893,2.6189045671324344e-07,-2.4779869898803193e-05,-3.683035838961005e-10,5.164466814918589e-06,-2.0291734354631657e-08
1789477518,215682312,body,0.5045739615609341,2.6102092821738817e-07,-2.464908538600524e-05,-3.7140496368748013e-10,5.137406944230088e-06,-1.7969078012940756e-08
1789477518,221877729,body,0.5045499899783522,2.6010265504643615e-07,-2.4518998380000564e-05,-3.742787817341145e-10,5.110488595885717e-06,-1.568050888866081e-08
1789477518,227643520,body,0.5045261440273513,2.5913662090279254e-07,-2.4389605097409437e-05,-3.767697087091588e-10,5.083711018264658e-06,-1.3427782255443777e-08
1789477518,233600085,body,0.5045024230496142,2.5812393217945955e-07,-2.426090179633507e-05,-3.7899999096869254e-10,5.05707337092763e-06,-1.1212955347252196e-08
1789477518,239464196,body,0.5044788263903234,2.5706557851113124e-07,-2.4132884735066657e-05,-3.8091421265409334e-10,5.030574953324873e-06,-9.03774790324524e-09
1789477518,248317981,body,0.5044553533980891,2.559626429568785e-07,-2.4005550212037784e-05,-3.8253468843985633e-10,5.00421497608576e-06,-6.904113913983724e-09
1789477518,255617748,body,0.5044320034248797,2.5481631371239105e-07,-2.387889454075601e-05,-3.838614842921476e-10,4.977992674267381e-06,-4.8134156227702995e-09
1789477518,261897891,body,0.5044087758260911,2.536278039956067e-07,-2.3752914037838252e-05,-3.849346572755425e-10,4.951907316232366e-06,-2.767360549434136e-09
1789477518,268044227,body,0.504385669960495,2.5239823787094444e-07,-2.362760507900658e-05,-3.857076440738708e-10,4.925958238066478e-06,-7.673553495481765e-10
1789477518,274167791,body,0.5043626851900779,2.511288794911671e-07,-2.3502964023048373e-05,-3.86220472662786e-10,4.900144708134427e-06,1.1852599408551853e-09
1789477518,280328535,body,0.50433982088045,2.498209287001304e-07,-2.3378987267769556e-05,-3.864754217763494e-10,4.874465977032909e-06,3.089149723943188e-09
1789477518,286364764,body,0.5043170764001882,2.4847573669032185e-07,-2.3255671223722813e-05,-3.8650139662662443e-10,4.848921366417249e-06,4.943231534580645e-09
1789477518,292328174,body,0.5042944511214398,2.4709458434757306e-07,-2.313301233287981e-05,-3.862606890860416e-10,4.823510250121376e-06,6.746407359849782e-09
1789477518,298417658,body,0.5042719444194607,2.456787357910674e-07,-2.3011007035942454e-05,-3.8577110181597845e-10,4.798231887626089e-06,8.497569198710764e-09
1789477518,304254103,body,0.5042495556728466,2.442295568095274e-07,-2.2889651812894492e-05,-3.8508816801957925e-10,4.773085602803815e-06,1.01958433097359e-08
1789477518,310834314,body,0.5042272842634612,2.427484124578848e-07,-2.276894314787697e-05,-3.841252989184281e-10,4.748070790586438e-06,1.1840542459210157e-08
1789477518,317624732,body,0.5042051295763836,2.4123659229910717e-07,-2.2648877549473444e-05,-3.8298909783544283e-10,4.723186744868715e-06,1.3430774035362327e-08
1789477518,324308357,body,0.5041830909998017,2.3969555915838806e-07,-2.2529451558332573e-05,-3.8161961035443184e-10,4.6984328084007145e-06,1.4965995135319712e-08
1789477518,331142534,body,0.5041611679252253,2.381266061206749e-07,-2.2410661704826658e-05,-3.8005236981911923e-10,4.673808329479385e-06,1.6445528525689405e-08
1789477518,337904382,body,0.5041393597473788,2.3653118760176615e-07,-2.229250456372405e-05,-3.7832955339015516e-10,4.64931268860198e-06,1.7868952324782747e-08
1789477518,344305085,body,0.5041176658640246,2.3491063418103273e-07,-2.2174976713314083e-05,-3.7638675404409876e-10,4.6249452129726205e-06,1.92358823913689e-08
1789477518,351261201,body,0.5040960856761405,2.3326639249516443e-07,-2.2058074757663135e-05,-3.742750279636402e-10,4.600705315283129e-06,2.0545931261236507e-08
1789477518,358004425,body,0.5040746185878479,2.3159982287294096e-07,-2.1941795318453953e-05,-3.719743587117457e-10,4.576592290542144e-06,2.1798987910998534e-08
1789477518,364922672,body,0.5040532640063768,2.2991232930733093e-07,-2.1826135030867134e-05,-3.6951581473347383e-10,4.552605508142667e-06,2.2994718165787983e-08
1789477518,374013990,body,0.5040320213420668,2.2820529129720437e-07,-2.1711090549689667e-05,-3.669459920363194e-10,4.528744358572512e-06,2.4133025439441977e-08
1789477518,380156669,body,0.5040108900083117,2.2648011260850475e-07,-2.1596658551736033e-05,-3.641471621040464e-10,4.5050082234369385e-06,2.5213992991242997e-08
1789477518,386283440,body,0.5039898694216322,2.2473816753999892e-07,-2.1482835724644387e-05,-3.6124584461957934e-10,4.481396487673483e-06,2.6237721859890123e-08
1789477518,392499414,body,0.5039689590015508,2.2298084014715647e-07,-2.1369618779397274e-05,-3.582486648032492e-10,4.457908390778279e-06,2.720416652685251e-08
1789477518,399379037,body,0.5039481581706992,2.2120950744669494e-07,-2.1257004445755724e-05,-3.551267009591842e-10,4.434543440922712e-06,2.8113595664406972e-08
1789477518,406388962,body,0.503927466354657,2.1942549355779018e-07,-2.1144989462239132e-05,-3.5181328060399175e-10,4.411301014162175e-06,2.8966335674081717e-08
1789477518,412949130,body,0.5039068829820597,2.176301889187057e-07,-2.1033570602045197e-05,-3.4841937678768773e-10,4.3881804265987605e-06,2.976256419879512e-08
1789477518,419093834,body,0.5038864074845624,2.1582486599809193e-07,-2.0922744631661745e-05,-3.4496268767660254e-10,4.3651810498459e-06,3.0502723108575634e-08
1789477518,425267116,body,0.5038660392967157,2.1401092868964343e-07,-2.081250835851699e-05,-3.4137431639317985e-10,4.342302302148153e-06,3.118722651245119e-08
1789477518,431889857,body,0.5038457778561434,2.1218959667229522e-07,-2.0702858592034522e-05,-3.3767195229141074e-10,4.319543560669267e-06,3.181667837303117e-08
1789477518,439596316,body,0.503825622603329,2.1036221301862336e-07,-2.059379217347792e-05,-3.338999445771238e-10,4.29690416260643e-06,3.2391459499732696e-08
1789477518,445666060,body,0.5038055729817227,2.0853004074614416e-07,-2.0485305939374008e-05,-3.301115052199607e-10,4.274383486234848e-06,3.2912270446698796e-08
1789477518,452221933,body,0.5037856284377236,2.066943163661624e-07,-2.0377396767787026e-05,-3.262443844579592e-10,4.2519809231525486e-06,3.337980176895703e-08
1789477518,458235393,body,0.5037657884206077,2.0485625631103594e-07,-2.0270061542110127e-05,-3.2220746165866264e-10,4.229695979310817e-06,3.3794841719449614e-08
1789477518,464342932,body,0.5037460523824765,2.0301713459476894e-07,-2.0163297159182718e-05,-3.1820939308998974e-10,4.207527837584488e-06,3.415791655674269e-08
1789477518,470299783,body,0.5037264197784507,2.0117806076338056e-07,-2.0057100540790474e-05,-3.141346294352612e-10,4.185476017248218e-06,3.446990557057801e-08
1789477518,476252286,body,0.5037068900664041,1.9934024546076345e-07,-1.9951468619844097e-05,-3.0996754031310365e-10,4.1635398799232265e-06,3.4731723583943704e-08
1789477518,482307556,body,0.5036874627070534,1.9750483855062869e-07,-1.984639835784886e-05,-3.0582571839039894e-10,4.1417187983332425e-06,3.494436536382814e-08
1789477518,491592528,body,0.5036681371639393,1.9567291555414244e-07,-1.974188671315677e-05,-3.01633588451236e-10,4.120012170739143e-06,3.510865913221552e-08
1789477518,498213101,body,0.5036489129035154,1.938456283113305e-07,-1.9637930685445298e-05,-2.9742659772120026e-10,4.098419392068552e-06,3.5225446440374715e-08
1789477518,504476279,body,0.5036297893949713,1.920239595879368e-07,-1.9534527266535632e-05,-2.931535840020575e-10,4.076939869461587e-06,3.5295790879070155e-08
1789477518,510790362,body,0.5036107661101787,1.902090334981037e-07,-1.9431673484363185e-05,-2.8892103686775157e-10,4.055573026713742e-06,3.5320773811869036e-08
1789477518,516770934,body,0.5035918425239407,1.884018054879275e-07,-1.9329366370921584e-05,-2.846400496993692e-10,4.034318237659529e-06,3.530144328422809e-08
1789477518,523107831,body,0.50357301811376,1.8660328187144916e-07,-1.922760298508408e-05,-2.8037270156380565e-10,4.013174850597521e-06,3.523894727046854e-08
1789477518,529128322,body,0.5035542923598394,1.8481438929487685e-07,-1.9126380390182934e-05,-2.7610780409270186e-10,3.9921423981245224e-06,3.513432715921425e-08
1789477518,535160747,body,0.5035356647451531,1.8303609576222735e-07,-1.9025695680952544e-05,-2.7182083979609664e-10,3.971220224098498e-06,3.498875645490619e-08
1789477518,541240101,body,0.5035171347553216,1.8126929325100676e-07,-1.8925545950185694e-05,-2.6754946052812897e-10,3.9504077611959365e-06,3.480348527091233e-08
1789477518,547195417,body,0.5034987018787722,1.7951480328189778e-07,-1.8825928321291173e-05,-2.632869229009859e-10,3.929704383251072e-06,3.4579542783686426e-08
1789477518,553674559,body,0.5034803656065087,1.7777349526131783e-07,-1.872683993412022e-05,-2.5901758942366467e-10,3.909109585112752e-06,3.431819686712064e-08
1789477518,559771924,body,0.5036360472232345,-2.0731548592908857e-06,-0.0033319448978333254,0.0005622178125867065,-0.13150465690176005,5.1498276829802016e-05
1789477518,565899250,body,0.5019966032094514,-1.1721500672504995e-05,-0.011607268611287668,-0.00026290294582454463,-0.3301402276214528,0.00013301639304544462
1789477518,571860280,body,0.49407901731833964,-2.5106968166189875e-05,-0.022167340531415,-0.0005190316716402253,-0.4318243604949661,0.00016772111280198348
1789477518,577947775,body,0.47634019042126235,-2.8252209338359916e-05,-0.032148414059515934,-0.00020819275419602337,-0.438207770042296,0.00014855902916165777
1789477518,583846534,body,0.4477641345953251,-2.2420081317228073e-05,-0.03981684350913113,0.00011808296341556638,-0.3919018496252364,0.00010522730162481718
1789477518,589884733,body,0.40908934941221736,-1.5228661670102903e-05,-0.04452605568354276,0.00021108173534087208,-0.3273801708475163,6.902367683057583e-05
1789477518,595793332,body,0.3618080844363659,-1.1232405409480661e-05,-0.046270087509364,0.00013194262278348601,-0.26228432809673957,4.857731320833982e-05
1789477518,603023359,body,0.3075554510219658,-1.0392547057870707e-05,-0.04532347028030063,2.0104001139595592e-05,-0.20256612268112092,3.574672367398485e-05
1789477518,611876684,body,0.2478585386528518,-1.062558732966549e-05,-0.042063645947920156,-4.526510573463758e-05,-0.14882817366167042,2.1703344587977536e-05
1789477518,618546117,body,0.18408024762287167,-1.0192017844104781e-05,-0.03690910097982566,-5.763931698515163e-05,-0.10020339087432767,4.131733200969523e-06
1789477518,624915462,body,0.1174344729438471,-8.512292985732412e-06,-0.03029973965960902,-4.2840381254399887e-05,-0.055928906969849916,-1.4708799983959873e-05
1789477518,631203994,body,0.04901262880648501,-5.868739180463282e-06,-0.022682953417453116,-2.465796861399153e-05,-0.015654634103242027,-3.204014616826497e-05
1789477518,637321326,body,-0.020197645367095673,-2.8301329221961927e-06,-0.01449668395528598,-1.3184353290112683e-05,0.020699323727595028,-4.65757058226324e-05
1789477518,643558343,body,-0.08930271167841464,1.2251109560620875e-07,-0.006151772244494227,-8.216772402250874e-06,0.05313074066655244,-5.838327633336143e-05
1789477518,649893074,body,-0.15749836700616185,2.697822868838814e-06,0.0019829505149603355,-6.172277661813427e-06,0.08166397157968595,-6.801809297235895e-05
1789477518,656410632,body,-0.22406723514836335,4.744501553736924e-06,0.009591223156075652,-4.3637921059846335e-06,0.10638235292244534,-7.592677384293602e-05
1789477518,662625811,body,-0.288376469378259,6.1758591866718e-06,0.016415574040070408,-1.9557533150690282e-06,0.12742021666149408,-8.231174589123565e-05
1789477518,668946847,body,-0.3498752874249936,6.926842995346173e-06,0.02225989377245245,7.601175251030556e-07,0.1449435808555474,-8.72348378346942e-05
1789477518,675055791,body,-0.4080923774596355,6.945525534039957e-06,0.026989121420436177,3.2507010659651356e-06,0.15913378750371507,-9.07363830371472e-05
1789477518,681343203,body,-0.4626333010497313,6.2000651262194655e-06,0.03052665780061055,5.179768489354237e-06,0.1701777527112851,-9.288631629882092e-05
1789477518,687324706,body,-0.513177933970957,4.685615558904914e-06,0.03284997946404914,6.449318596523489e-06,0.17826367855251696,-9.378244493638699e-05
1789477518,693617619,body,-0.5594778851748923,2.4257591106657305e-06,0.0339848494465424,7.088201084476992e-06,0.1835800095687888,-9.353332074815003e-05
1789477518,699852363,body,-0.6013537774901949,-5.303999675725714e-07,0.03399848880797973,7.15542435862457e-06,0.1863158964663637,-9.22466692592715e-05
1789477518,706175284,body,-0.6386922641977514,-4.112782380670913e-06,0.03299205893198908,6.7030517161674745e-06,0.186662159439484,-9.00261888233043e-05
1789477518,712525879,body,-0.6714426772966938,-8.234842116678552e-06,0.031092791627860203,5.777848288352075e-06,0.18481225237934884,-8.697238874481044e-05
1789477518,718788161,body,-0.6996132397717965,-1.2797607531783658e-05,0.02844608567664901,4.432255547957265e-06,0.18096298542422798,-8.318379439235968e-05
1789477518,728523019,body,-0.7232668148701995,-1.7693412687869363e-05,0.025207862823517013,2.7300360082225294e-06,0.17531487023670672,-7.875733219420787e-05
1789477518,735505228,body,-0.7425162046673807,-2.2809500794257047e-05,0.021537442933235902,7.452613200265712e-07,0.16807200253473584,-7.378811080143018e-05
1789477518,741928214,body,-0.7575190451125773,-2.8031521141755834e-05,0.01759115714067706,-1.4417684317431448e-06,0.1594414364619899,-6.836902457937788e-05
1789477518,748167145,body,-0.7684723735157352,-3.324682712163151e-05,0.013516870077638958,-3.7487101750161863e-06,0.14963204814939407,-6.259037253742153e-05
1789477518,754764436,body,-0.7756069658289751,-3.834745790892328e-05,0.009449529329664499,-6.094437688901767e-06,0.13885292910850705,-5.65394917757985e-05
1789477518,760928148,body,-0.7791815543713552,-4.323271492035355e-05,0.005507804754745075,-8.401510989721168e-06,0.12731138861424737,-5.03003632486608e-05
1789477518,767232684,body,-0.7794770417497582,-4.781128006387326e-05,0.00179182532095855,-1.0598220964913897e-05,0.11521067404409925,-4.3953166262683076e-05
1789477518,773476261,body,-0.7767908242202637,-5.200285427772233e-05,-0.0016180300423130484,-1.2620387622729768e-05,0.10274753721965131,-3.7573793635950165e-05
1789477518,779827425,body,-0.7714313287701988,-5.573931514411393e-05,-0.004661375463530338,-1.4412894817578541e-05,0.09010978250222912,-3.123334964355864e-05
1789477518,786034470,body,-0.7637128543489851,-5.89654102737016e-05,-0.007297218157725145,-1.5930871393115974e-05,0.07747392903007319,-2.499765669952801e-05
1789477518,792398218,body,-0.7539507906788896,-6.163901843974856e-05,-0.009502663247627654,-1.7140443957792873e-05,0.06500310615605243,-1.8926797196402205e-05
1789477518,798708145,body,-0.7424572696651975,-6.373102214952243e-05,-0.01127108465718784,-1.801903510484386e-05,0.052845279695109555,-1.3074711642861053e-05
1789477518,805057058,body,-0.7295372861069553,-6.522484686987582e-05,-0.012609926102053573,-1.855522011927423e-05,0.041131879502163765,-7.488873877345767e-06
1789477518,811322909,body,-0.715485307385028,-6.611572585867124e-05,-0.013538289387324789,-1.874818443032234e-05,0.029976869045415973,-2.2100592194319133e-06
1789477518,817703683,body,-0.7005823768889907,-6.64097523459158e-05,-0.014084452636210543,-1.860684034300763e-05,0.019476267945188985,2.7277831410471256e-06
1789477518,823936979,body,-0.6850937035857081,-6.612277923735968e-05,-0.014283440846352828,-1.8148673802387102e-05,0.009708111544033038,7.297546913502399e-06
1789477518,830081329,body,-0.6692667204469506,-6.52792208363687e-05,-0.01417474752954242,-1.739839859567102e-05,0.0007328094928627451,1.147887500809001e-05
1789477518,836425767,body,-0.6533295873164896,-6.391080620044033e-05,-0.013800281238414416,-1.638649698363908e-05,-0.0074061506798501365,1.5257959100998714e-05
1789477518,844791823,body,-0.6374901089052679,-6.205532549545408e-05,-0.013202586330828419,-1.5147722344643082e-05,-0.0146812185987287,1.8627240229582774e-05
1789477518,853484892,body,-0.6219350355795565,-5.975540335774904e-05,-0.012423364790705473,-1.3719632002033801e-05,-0.021079581691017944,2.1585024722230482e-05
1789477518,860319400,body,-0.6068297130383122,-5.70573256026867e-05,-0.011502306301415351,-1.214120617754586e-05,-0.02660181673354116,2.4135026270755287e-05
1789477518,866626279,body,-0.5923180464893698,-5.400993904248993e-05,-0.010476217630487252,-1.0451597411337478e-05,-0.031260451937320556,2.6285852153879023e-05
1789477518,872889357,body,-0.578522745194923,-5.066363733416482e-05,-0.009378429943411242,-8.689040155720565e-06,-0.035078491075922986,2.805044892671477e-05
1789477518,879221079,body,-0.5655458140159844,-4.706944185877254e-05,-0.008238453842071258,-6.889938598704534e-06,-0.038087941845264234,2.9445522397613354e-05
1789477518,885373125,body,-0.5534692596461394,-4.327818020123431e-05,-0.007081846432864835,-5.088139156750569e-06,-0.040328381231605294,3.0490947925405953e-05
1789477518,891691243,body,-0.5423559804653023,-3.933976437088172e-05,-0.0059302521483585524,-3.3143844217820233e-06,-0.041845581964294915,3.120918391004272e-05
1789477518,897902202,body,-0.5322508102887435,-3.530256583353483e-05,-0.004801578883853825,-1.5959389314342e-06,-0.04269021662858095,3.1624699178372975e-05
1789477518,904025081,body,-0.5231816876974745,-3.121288364540045e-05,-0.0037102727536170096,4.362893956052018e-08,-0.04291664993560187,3.176342642372148e-05
1789477518,910344216,body,-0.5151609241042233,-2.711450099740791e-05,-0.002667657926130851,1.5845284451783074e-06,-0.04258182499373403,3.165224810959881e-05
1789477518,916604400,body,-0.5081865452364243,-2.3048324092118543e-05,-0.0016823121074260464,3.0107117354876218e-06,-0.04174424606098417,3.131852049216587e-05
1789477518,922822266,body,-0.5022436823137296,-1.905209728028917e-05,-0.000760452905335835,4.309744774696357e-06,-0.04046305795412228,3.078964293386887e-05
1789477518,929009011,body,-0.49730599087164046,-1.5160187707425624e-05,9.368481569376743e-05,5.472605108913067e-06,-0.038797220799178196,3.009267079444762e-05
1789477518,935046143,body,-0.4933370769304449,-1.1403433694459622e-05,0.0008774956667795646,6.49342622608872e-06,-0.036804777887121554,2.9253978470476903e-05
1789477518,941037433,body,-0.49029191203385364,-7.809050416911434e-06,0.001589685099648681,7.369206333882985e-06,-0.03454221384052076,2.829896864906889e-05
1789477518,947114311,body,-0.488118220561528,-4.400587221156946e-06,0.0022299918577341044,8.099497398780992e-06,-0.032063899942201456,2.7251828124502034e-05
1789477518,953343080,body,-0.48675782464253337,-1.197931118256252e-06,0.0027989544193335737,8.686087103828248e-06,-0.02942162321321629,2.613532910836346e-05
1789477518,959764113,body,-0.486147933929894,1.7826482164677243e-06,0.003297721396771829,9.132685009255524e-06,-0.026664195584678727,2.4970673224299238e-05
1789477518,969507773,body,-0.48622236942331687,4.528417265424698e-06,0.0037279035376852625,9.444620237527357e-06,-0.023837139253927907,2.3777374380506373e-05
1789477518,976053091,body,-0.4869127124083765,7.0300645603470845e-06,0.004091463267911478,9.628557826777847e-06,-0.02098244404379412,2.2573178803633472e-05
1789477518,982067599,body,-0.48814937140169085,9.281558673697495e-06,0.004390636580355722,9.69223600497361e-06,-0.01813839230574501,2.1374017892974624e-05
1789477518,988081078,body,-0.48986256172380765,1.1279981254993133e-05,0.004627881451940247,9.64422806449215e-06,-0.01533944663735251,2.019399132394373e-05
1789477518,994078444,body,-0.491983193946668,1.3025338735126437e-05,0.004805846789371199,9.49372889442926e-06,-0.012616195452090148,1.9045375486400797e-05
1789477519,524942,body,-0.4944436689717622,1.4520356227691395e-05,0.004927356085566231,9.25036533392794e-06,-0.009995351254501659,1.7938656383811426e-05
1789477519,6769064,body,-0.49717857887334105,1.5770256401656762e-05,0.004995400430842395,8.924030493774192e-06,-0.007499796356200757,1.688258116291896e-05
1789477519,12907030,body,-0.5001253138861735,1.6782526809600595e-05,0.0050131361879374005,8.524738489626633e-06,-0.005148670725086211,1.588422714066965e-05
1789477519,19129823,body,-0.503224577029564,1.7566677992551293e-05,0.004983883433657783,8.062499332646e-06,-0.0029574966885529863,1.4949085015831958e-05
1789477519,25238665,body,-0.5064208088358513,1.8133995955772427e-05,0.00491112212737843,7.547210026415813e-06,-0.0009383353131096801,1.4081152580044503e-05
1789477519,31356078,body,-0.5096625255012526,1.849729131325793e-05,0.004798483830768667,6.988561273991506e-06,0.0009000305556095651,1.3283038598193297e-05
1789477519,37557898,body,-0.5129025745006862,1.867064791027761e-05,0.004649737628677288,6.395956288947429e-06,0.002551891394787062,1.2556072390273556e-05
1789477519,43573161,body,-0.5160983123145245,1.8669174065897415e-05,0.004468769651803641,5.778441259997143e-06,0.004014388799145171,1.1900418715424302e-05
1789477519,49844454,body,-0.5192117094107288,1.850875799962173e-05,0.004259556252882091,5.144645200068387e-06,0.005287280239455715,1.1315194805499474e-05
1789477519,56236774,body,-0.522209388015453,1.8205830982052787e-05,0.004026131423099171,4.502727786844457e-06,0.006372694759786166,1.0798589265985164e-05
1789477519,62295801,body,-0.5250625984973397,1.7777139620801028e-05,0.003772549447338896,3.860334970828129e-06,0.007274883285247777,1.0347979977684943e-05
1789477519,68358786,body,-0.5277471403902232,1.723952979684634e-05,0.003502844085250228,3.2245615001455246e-06,0.007999966906722049,9.96005055395532e-06
1789477519,74600491,body,-0.5302432341933521,1.6609743825449916e-05,0.0032209857358515333,2.601919237935964e-06,0.008555686206895449,9.630903784000812e-06
1789477519,84044901,body,-0.5325353501226385,1.5904232789724098e-05,0.0029308381072414343,1.9983123063330114e-06,0.008951154397747017,9.356171144563768e-06
1789477519,91355374,body,-0.5346119999451303,1.513898509267136e-05,0.0026361158835556697,1.419018009749948e-06,0.009196616749733837,9.131117830921758e-06
1789477519,97553734,body,-0.5364654979244008,1.4329372413233631e-05,0.002340344774750265,8.686735992153834e-07,0.009303218512924356,8.950741701673956e-06
1789477519,103704240,body,-0.5380916967314211,1.3490014151806174e-05,0.0020468251685973014,3.5126972915826664e-07,0.009282783256943384,8.809865689283945e-06
1789477519,110126481,body,-0.539489703954683,1.263466025545158e-05,0.0017586003950531331,-1.2985042600083668e-07,0.009147603286066404,8.703225247291957e-06
1789477519,116146266,body,-0.5406615845675827,1.1776093437814315e-05,0.0014784303776915744,-5.719855889946509e-07,0.008910243526810037,8.6255466595863e-06
1789477519,122226342,body,-0.541612054395759,1.0926050037516238e-05,0.0012087712007348597,-9.730650772063149e-07,0.008583360025052921,8.571618918809135e-06
1789477519,128400232,body,-0.5423481692797639,1.009515978316843e-05,0.000951760875447628,-1.3316308029211863e-06,0.00817953394103014,8.536358490519441e-06
1789477519,134638749,body,-0.542879014245257,9.292903572616963e-06,0.0007092113588916267,-1.646814655885033e-06,0.007711121683036806,8.51486588369152e-06
1789477519,140806066,body,-0.5432153965985873,8.527588664022251e-06,0.00048260666849531694,-1.9183095764180293e-06,0.007190121585874057,8.502474477220029e-06
1789477519,146902002,body,-0.5433695464487096,7.806340223784298e-06,0.0002731067552706657,-2.146336374949167e-06,0.006628057310794947,8.494792918405e-06
1789477519,153067955,body,-0.5433548277361075,7.135108364260082e-06,8.155664988941923e-05,-2.331605839172044e-06,0.006035877929223525,8.487738906389674e-06
1789477519,159303117,body,-0.5431854624288238,6.51868898064298e-06,-9.149971811214845e-05,-2.4752773284691044e-06,0.005423874450417856,8.477566563980366e-06
1789477519,165350399,body,-0.5428762701239641,5.960757467697862e-06,-0.0002458017074896591,-2.57891440054774e-06,0.00480161236734624,8.460887308243433e-06
1789477519,171456285,body,-0.5424424248893089,5.463913823741555e-06,-0.0003813508844731171,-2.644437824326305e-06,0.0041778796288562126,8.434683895975098e-06
1789477519,177398884,body,-0.541899230781935,5.029737315638937e-06,-0.0004983874159384082,-2.6740772357733077e-06,0.0035606492966686163,8.396318596338082e-06
1789477519,183343836,body,-0.5412619171073725,4.658849534421041e-06,-0.000597364667791509,-2.6703220655685797e-06,0.002957056021691179,8.343535657171515e-06
1789477519,189175896,body,-0.5405454541298976,4.350984563833602e-06,-0.0006789227063784351,-2.6358721560177663e-06,0.0023733853671918095,8.274458740811011e-06
1789477519,195542817,body,-0.5397643896122671,4.105064245051158e-06,-0.0007438613494971137,-2.573589145728018e-06,0.0018150749249361635,8.187584534874842e-06
1789477519,204866811,body,-0.5389327062655728,3.919277405830613e-06,-0.0007931133485908847,-2.4864490980286272e-06,0.0012867261094797317,8.081770401878386e-06
1789477519,210985028,body,-0.5380636999111167,3.7911620325388833e-06,-0.0008277182097776737,-2.377497087089408e-06,0.0007921254756049402,7.956220474695915e-06
1789477519,216993549,body,-0.5371698779147468,3.7176886050059594e-06,-0.0008487970822822429,-2.2498038870438385e-06,0.0003342743848742042,7.810467559233663e-06
1789477519,223262985,body,-0.5362628772354685,3.695343532455502e-06,-0.0008575290623233405,-2.1064259750135023e-06,-8.457415408152259e-05,7.64435270292186e-06
1789477519,229219929,body,-0.5353534012471434,3.720212157837385e-06,-0.0008551291817645048,-1.9503683573327136e-06,-0.00046287263122797573,7.4580023914229535e-06
1789477519,235302914,body,-0.534451174330785,3.788059596897429e-06,-0.0008428282759419567,-1.7845511022337698e-06,-0.0007997312950454917,7.251804909638486e-06
1789477519,241369979,body,-0.5335649131113928,3.894408856651955e-06,-0.000821854856434344,-1.6117794816926377e-06,-0.0010948666121464443,7.026384571675692e-06
1789477519,247574981,body,-0.5327023131052155,4.034615770451846e-06,-0.0007934190531781946,-1.4347182251813825e-06,-0.001348546955549255,6.782575924403402e-06
1789477519,254417684,body,-0.5318700494715085,4.203939819350774e-06,-0.0007586986370351418,-1.255869237719597e-06,-0.0015615364887401713,6.521397525777245e-06
1789477519,260718804,body,-0.531073790508964,4.3976102475612115e-06,-0.0007188270890687176,-1.0775536360556916e-06,-0.001735038140517321,6.2440252509988456e-06
1789477519,267096879,body,-0.5303182225063654,4.610887066815593e-06,-0.0006748836467824835,-9.018973462761984e-07,-0.0018706364895762335,5.951766861174409e-06
1789477519,273341359,body,-0.5296070845488219,4.83911711736236e-06,-0.0006278852288625384,-7.308205088084732e-07,-0.0019702412994391113,5.646036123597678e-06
1789477519,279556392,body,-0.5289432118898206,5.077783941110817e-06,-0.0005787801195678098,-5.660304209279392e-07,-0.0020360323614840464,5.328328661055974e-06
1789477519,285720729,body,-0.5283285865239632,5.322552601823581e-06,-0.0005284432796434454,-4.090178615881463e-07,-0.0020704062229150244,5.000199030499452e-06
1789477519,291959491,body,-0.5277643936386417,5.5693081376314186e-06,-0.00047767314216788615,-2.6105609658333784e-07,-0.002075925295303422,4.6632379494575714e-06
1789477519,298090243,body,-0.5272510826718791,5.81418844497284e-06,-0.00042718974862246563,-1.2320348074473047e-07,-0.002055269758507813,4.3190528652931686e-06
1789477519,304139213,body,-0.5267884317727809,6.053611745410592e-06,-0.00037763408061862734,3.69223240458725e-09,-0.002011192599909493,3.969248675664816e-06
1789477519,310279067,body,-0.526375614528447,6.284297970624793e-06,-0.0003295684465223567,1.1898673181472676e-07,-0.0019464780541052966,3.6154100555249934e-06
1789477519,320024664,body,-0.5260112679068548,6.503285245938039e-06,-0.00028347778787938296,2.222302311819099e-07,-0.0018639036389058077,3.2590866705399776e-06
1789477519,326598127,body,-0.5256935604460627,6.7079409856022435e-06,-0.00023977177810334579,3.1315712960448855e-07,-0.0017662059190859459,2.9017793070411488e-06
1789477519,332601781,body,-0.5254202598128032,6.895968370332556e-06,-0.0001987875940137423,3.9167361562925617e-07,-0.001656050068976218,2.544928327478926e-06
1789477519,338562497,body,-0.5251887989444661,7.065408181380101e-06,-0.00016079324970482393,4.5784487464390203e-07,-0.0015360032503304824,2.1899030295376595e-06
1789477519,344692277,body,-0.5249963400800105,7.214636542175826e-06,-0.0001259913911468437,5.118809960828917e-07,-0.0014085117715888508,1.837993313119652e-06
1789477519,350813855,body,-0.5248398360801899,7.342358790797099e-06,-9.452345835455257e-05,5.541224055443873e-07,-0.0012758819513408537,1.490403366871802e-06
1789477519,357034495,body,-0.5247160885273046,7.447600037966985e-06,-6.647413038242027e-05,5.850249300444488e-07,-0.001140264569200007,1.1482460901989435e-06
1789477519,363144785,body,-0.5246218021840215,7.52969274938021e-06,-4.18759759742445e-05,6.051447622031308e-07,-0.0010036427541836904,8.125394135250776e-07
1789477519,369209864,body,-0.5245536354755499,7.5882613801194595e-06,-2.0714239826995924e-05,6.151234091275319e-07,-0.0008678231317175504,4.842047288568474e-07
1789477519,375298012,body,-0.5245082467438613,7.623205294762207e-06,-2.9317010769894407e-06,6.156727717558942e-07,-0.0007344300275614087,1.6406516890749012e-07
1789477519,381321911,body,-0.5244823360952473,7.63467931707753e-06,1.156645359301541e-05,6.075607264616505e-07,-0.00060490250816845,-1.471539819883232e-07
1789477519,387349956,body,-0.5244726827386043,7.623073168099858e-06,2.2907794009332238e-05,5.915973534520338e-07,-0.00048049402237321226,-4.4882373967815525e-07
1789477519,393310513,body,-0.5244761777760947,7.588989559195155e-06,3.124789463969947e-05,5.686214977738282e-07,-0.0003622744006290974,-7.404092576033618e-07
1789477519,399360203,body,-0.524489852467683,7.533221777046555e-06,3.676570872335579e-05,5.394883512123109e-07,-0.00025113396083409773,-1.021466720187776e-06
1789477519,405350853,body,-0.5245109020483404,7.456730573783623e-06,3.9659105785757596e-05,5.050577539257344e-07,-0.00014778946863754913,-1.291639553476701e-06
1789477519,411671155,body,-0.5245367052208025,7.3606210661068755e-06,4.014060555675872e-05,4.661835269830745e-07,-5.279170074566197e-05,-1.550654017877117e-06
1789477519,417779827,body,-0.5245648394935125,7.246119861175628e-06,3.843333691386904e-05,4.2370334355660813e-07,3.346563607423767e-05,-1.7983142368124045e-06
1789477519,423856265,body,-0.5245930925660425,7.114552417906442e-06,3.476724637214871e-05,3.7843049187038757e-07,0.00011073587109019843,-2.0344969706467393e-06
1789477519,431037180,body,-0.5246194699954471,6.967321199032581e-06,2.937557636356902e-05,3.3114552129114847e-07,0.00017890845156107892,-2.259145716687085e-06
1789477519,439983787,body,-0.5246421994029062,6.805884694441882e-06,2.2491629583106974e-05,2.825898016663672e-07,0.00023799736182814876,-2.472265395044901e-06
1789477519,446228491,body,-0.5246597314951476,6.631737344027636e-06,1.4345831398459063e-05,2.334598129223871e-07,0.0002881290867993276,-2.6739162930218963e-06
1789477519,452644565,body,-0.5246707381933557,6.446390823960483e-06,5.1630986141232255e-06,1.8440234690810918e-07,0.0003295303131503231,-2.864207639391222e-06
1789477519,458935081,body,-0.5246741081666823,6.251356600908491e-06,-4.839481226609267e-06,1.3601068864112402e-07,0.0003625155477323123,-3.0432928629744897e-06
1789477519,465193884,body,-0.5246689400742257,6.048129684065983e-06,-1.54546594866042e-05,8.882210231384946e-08,0.0003874748144657352,-3.2113625391056983e-06
1789477519,471353282,body,-0.5246545338181975,5.838174273907539e-06,-2.6486727926265028e-05,4.331568209977884e-08,0.0004048615771206398,-3.3686399048244876e-06
1789477519,477475185,body,-0.5246303801072983,5.622910740167218e-06,-3.775291855107411e-05,-8.849208765239243e-11,0.0004151810168874402,-3.5153750683717048e-06
1789477519,483708828,body,-0.5245961486218729,5.403703890164723e-06,-4.9084511137037345e-05,-4.102964201112748e-08,0.0004189787777378179,-3.6518397494550164e-06
1789477519,489850286,body,-0.5245516750624755,5.1818534009320715e-06,-6.032766072496736e-05,-7.920572787726188e-08,0.0004168302757743016,-3.778322956711809e-06
1789477519,495829829,body,-0.5244969473509504,4.9585854446050775e-06,-7.134395970725832e-05,-1.1437233110709212e-07,0.00040933065311170747,-3.895126084744599e-06
1789477519,501797097,body,-0.5244320912370437,4.735045762737697e-06,-8.201075132626413e-05,-1.4634075484162878e-07,0.0003970854399914577,-4.002559405755501e-06
1789477519,507942067,body,-0.5243573555480476,4.5122945773494164e-06,-9.22212131101795e-05,-1.7497584569112818e-07,0.00038070197598339767,-4.100937587679798e-06
1789477519,514771250,body,-0.5242730973006217,4.29130250144923e-06,-0.00010188423016807553,-2.0019313610043615e-07,0.0003607816243143025,-4.190577222924743e-06
1789477519,521389743,body,-0.5241797668743593,4.072948203293883e-06,-0.00011092407925208546,-2.219556568570804e-07,0.0003379128019669863,-4.271792877097889e-06
1789477519,527647020,body,-0.5240778934273641,3.858017173561409e-06,-0.00011927994512607034,-2.4027050263509566e-07,0.00031266483571615805,-4.344895412384249e-06
1789477519,534177999,body,-0.5239680707133263,3.647201453268068e-06,-0.0001269052911287749,-2.551851158527764e-07,0.00028558264207260807,-4.410189070446229e-06
1789477519,540277864,body,-0.5238509434403802,3.4411008767757316e-06,-0.00013376710574670837,-2.667833081414076e-07,0.00025718221945721494,-4.467970187947797e-06
1789477519,546185268,body,-0.5237271942903633,3.2402248569039987e-06,-0.00013984504657290876,-2.751813603461192e-07,0.00022794693252421527,-4.518525128826212e-06
1789477519,556221944,body,-0.5235975316998431,3.044995415365353e-06,-0.000145130502687972,-2.8052374353809213e-07,0.00019832455901638458,-4.562129533552284e-06
1789477519,562896046,body,-0.5234626784810272,2.855750588426559e-06,-0.00014962559525071137,-2.8297917528829093e-07,0.0001687250644233184,-4.599046873791417e-06
1789477519,569064039,body,-0.5233233613483993,2.672748843639343e-06,-0.00015334213545169104,-2.827365004823731e-07,0.00013951906238433875,-4.629528479323997e-06
1789477519,575171224,body,-0.523180301393748,2.4961738779953665e-06,-0.00015630055735081134,-2.8000076591908055e-07,0.00011103691569885912,-4.653812807947089e-06
1789477519,581220323,body,-0.523034205539535,2.32613967017582e-06,-0.00015852884208654875,-2.749894500859602e-07,8.35684275469065e-05,-4.6721254526294345e-06
1789477519,587188180,body,-0.5228857589847241,2.1626963362961057e-06,-0.00016006144823688405,-2.6792873376567565e-07,5.7363070955788804e-05,-4.684679130857676e-06
1789477519,593318152,body,-0.5227356186431348,2.00583569937958e-06,-0.00016093826177467202,-2.5904999277252375e-07,3.2630702243127944e-05,-4.691674515516852e-06
1789477519,599432349,body,-0.5225844075616951,1.8554973715778388e-06,-0.0001612035772285142,-2.4858674983327013e-07,9.542703621153349e-06,-4.69329964031275e-06
1789477519,605287212,body,-0.5224327102952785,1.711574887892711e-06,-0.00016090512047143025,-2.3677159478466092e-07,-1.1766500564311162e-05,-4.6897315765321285e-06
1789477519,611384499,body,-0.5222810692061485,1.5739214568547824e-06,-0.00016009312151120793,-2.2383345149762417e-07,-3.119760849888997e-05,-4.681136642073267e-06
1789477519,617606417,body,-0.5221299816440992,1.4423562504222752e-06,-0.00015881944465484464,-2.0999527509109722e-07,-4.8684339596130706e-05,-4.6676712610884904e-06
1789477519,623670221,body,-0.521979897960621,1.31666985181658e-06,-0.0001571367814309658,-1.9547164123174566e-07,-6.4191119488155e-05,-4.649482918883271e-06
1789477519,629672428,body,-0.5218312203014299,1.1966300750789586e-06,-0.00015509791075476935,-1.8046718881861909e-07,-7.771060013254408e-05,-4.626711154792272e-06
1789477519,635763086,body,-0.5216843021198688,1.0819872333752633e-06,-0.00015275502911975066,-1.6517480902995425e-07,-8.926106240201469e-05,-4.599488112915964e-06
1789477519,641654698,body,-0.5215394483451935,9.724790805985716e-07,-0.0001501591525994096,-1.4977446876918882e-07,-9.888374470437566e-05,-4.567940289829727e-06
1789477519,647703986,body,-0.5213969161459144,8.678356843717073e-07,-0.0001473595913601903,-1.3443199844578858e-07,-0.00010664013808146092,-4.53218883886344e-06
1789477519,653975170,body,-0.5212569162179574,7.677835675796091e-07,-0.00014440349616446865,-1.1929860607801784e-07,-0.00011260928501623643,-4.492350713922877e-06
1789477519,660035743,body,-0.5211196145332387,6.72049826372805e-07,-0.00014133547574439473,-1.0451002910650779e-07,-0.0001168851159286577,-4.4485398641292365e-06
1789477519,667834541,body,-0.5209851344834298,5.803656310659576e-07,-0.0001381972829204768,-9.018650111975045e-08,-0.0001195738522061269,-4.400867647133421e-06
1789477519,676301064,body,-0.5208535593520313,4.924693710384768e-07,-0.0001350275667244727,-7.643243027906651e-08,-0.00012079150309444439,-4.349444092671059e-06
1789477519,682544014,body,-0.5207249350554971,4.081095155661187e-07,-0.00013186168733310424,-6.333674693745551e-08,-0.00012066147799428788,-4.294378422488353e-06
1789477519,688329062,body,-0.5205992730910816,3.2704672642475493e-07,-0.0001287315899145802,-5.097308261953928e-08,-0.00011931233385409148,-4.235779976490647e-06
1789477519,694641753,body,-0.5204765536355267,2.490561585709523e-07,-0.00012566573335640318,-3.9400213509901784e-08,-0.00011687567250526,-4.173758297409522e-06
1789477519,700614991,body,-0.520356728741848,1.7392874874226964e-07,-0.00012268906945792324,-2.8662775003980417e-08,-0.00011348420030867957,-4.108424612199089e-06
1789477519,706631769,body,-0.5202397255839208,1.014725728096208e-07,-0.00011982306785155466,-1.8791771875517908e-08,-0.0001092699586223904,-4.039891365996652e-06
1789477519,712744732,body,-0.5201254497043604,3.151365345181685e-08,-0.00011708578207857537,-9.805583984716263e-09,-0.00010436273164962706,-3.96827333497912e-06
1789477519,718851935,body,-0.5200137882241707,-3.610354251914212e-08,-0.00011449195194622645,-1.7108453054192034e-09,-9.888863392206119e-05,-3.893687395778116e-06
1789477519,724772072,body,-0.5199046129774716,-1.0151569631980874e-07,-0.00011205313734445289,5.496608518541034e-09,-9.296887882489286e-05,-3.816253371816759e-06
1789477519,730912958,body,-0.5197977835402905,-1.648410420495817e-07,-0.00010977787898080156,1.1830886945828116e-08,-8.671872554480726e-05,-3.736093669456352e-06
1789477519,737074661,body,-0.5196931501232609,-2.2617933038226108e-07,-0.0001076718813034401,1.731462055669997e-08,-8.024660116335154e-05,-3.6533335515824746e-06
1789477519,743340319,body,-0.5195905563081216,-2.856125831869848e-07,-0.00010573821323556536,2.1978336484025498e-08,-7.365339236690468e-05,-3.5681013309772437e-06
1789477519,749355858,body,-0.5194898416046414,-3.432056903059221e-07,-0.00010397752261221583,2.585913921373956e-08,-6.703189860854419e-05,-3.480528299671022e-06
1789477519,755674244,body,-0.5193908438174164,-3.9900744022810174e-07,-0.00010238826023482952,2.899969624433904e-08,-6.0466439352279154e-05,-3.3907482052096456e-06
1789477519,761789552,body,-0.5192934012066961,-4.53051552037592e-07,-0.0001009669098716079,3.144726071502246e-08,-5.403260476359587e-05,-3.2988978704287676e-06
1789477519,767719019,body,-0.5191973544392215,-5.05357722340696e-07,-9.970822079563467e-05,3.325268050614042e-08,-4.779713966231583e-05,-3.205116307758922e-06
1789477519,773616429,body,-0.5191025483225028,-5.559330740959763e-07,-9.860543973043756e-05,3.446950255237098e-08,-4.181794921917058e-05,-3.1095450702806405e-06
1789477519,779880856,body,-0.5190088333225322,-6.047734016090405e-07,-9.765053934945852e-05,3.515295981888444e-08,-3.6144215603619015e-05,-3.012327525887757e-06
1789477519,789337065,body,-0.5189160668653618,-6.518645014729844e-07,-9.68344407961312e-05,3.535926567769548e-08,-3.08166120825925e-05,-2.913608704228336e-06
1789477519,795859917,body,-0.5188241144289328,-6.971837022187182e-07,-9.614722815744716e-05,3.5144754764112924e-08,-2.5867603757732816e-05,-2.813534712916573e-06
1789477519,802160042,body,-0.5187328504284294,-7.407011419520751e-07,-9.557835275809957e-05,3.4565280501668e-08,-2.132182273195269e-05,-2.7122532816526983e-06
1789477519,808357853,body,-0.5186421589067338,-7.823812078566623e-07,-9.511682596504402e-05,3.3675543215131764e-08,-1.7196505394094402e-05,-2.6099124700491863e-06
1789477519,814534470,body,-0.5185519340381181,-8.221839370189435e-07,-9.475139895273391e-05,3.252835515395571e-08,-1.3501981098049554e-05,-2.506660214798741e-06
1789477519,820586272,body,-0.5184620804566488,-8.600663253938029e-07,-9.447072863654275e-05,3.117458742197108e-08,-1.0242200471246924e-05,-2.4026449180408983e-06
1789477519,826698850,body,-0.5183725134231196,-8.959834992705681e-07,-9.426352885699509e-05,2.9662225940419e-08,-7.41529376470597e-06,-2.298014284040934e-06
1789477519,832852981,body,-0.5182831588423455,-9.298899093385723e-07,-9.411870643341063e-05,2.8036449984311793e-08,-5.014148909523913e-06,-2.1929148550272414e-06
1789477519,838906581,body,-0.518193953145882,-9.617406185351956e-07,-9.402548179005996e-05,2.6339098971715393e-08,-3.0269997163713043e-06,-2.0874922421966268e-06
1789477519,845227024,body,-0.5181048430538073,-9.914920428374817e-07,-9.397349414142568e-05,2.460856833826483e-08,-1.4380173301537433e-06,-1.9818902796865935e-06
1789477519,851581401,body,-0.5180157852309207,-1.0191031262313082e-06,-9.395289133349137e-05,2.287967307705286e-08,-2.2789526314309702e-07,-1.876251028989015e-06
1789477519,857625119,body,-0.517926745850426,-1.0445360150269445e-06,-9.39544047820991e-05,2.1183480541834158e-08,6.255768250995152e-07,-1.770713668709929e-06
1789477519,863766641,body,-0.517837700080773,-1.0677568256176983e-06,-9.396940985267335e-05,1.9547254262662552e-08,1.1469583403988717e-06,-1.665415402686984e-06
1789477519,869896229,body,-0.5177486315080863,-1.0887362647916324e-06,-9.398997247122481e-05,1.799462302323926e-08,1.3626258982953907e-06,-1.560490267506249e-06
1789477519,876047387,body,-0.5176595315093546,-1.1074502950135534e-06,-9.40088825540526e-05,1.6545477431200796e-08,1.300269503725896e-06,-1.4560688504787907e-06
1789477519,882086188,body,-0.5175703985865087,-1.1238804266732962e-06,-9.401967515467148e-05,1.5216110075559866e-08,9.88420322085424e-07,-1.3522786692467415e-06
1789477519,888156492,body,-0.5174812376754836,-1.1380139884275478e-06,-9.401664028438042e-05,1.4019420950253356e-08,4.560127617702919e-07,-1.2492430148263198e-06
1789477519,894148930,body,-0.5173920594408647,-1.1498446873393273e-06,-9.399482226524151e-05,1.296491482406714e-08,-2.6801670161190966e-07,-1.1470818819293625e-06
1789477519,902892931,body,-0.5173028795652728,-1.1593724626915146e-06,-9.395000967585725e-05,1.205910773171219e-08,-1.1550923283396666e-06,-1.0459107830920994e-06
1789477519,910554525,body,-0.5172137180445067,-1.1666035771250804e-06,-9.387871692902266e-05,1.1305549686570045e-08,-2.1773233374679795e-06,-9.458410150827739e-07
1789477519,916731492,body,-0.5171245984950884,-1.1715510028235448e-06,-9.377815849451975e-05,1.0705138030754648e-08,-3.3077879196347765e-06,-8.469794056492536e-07
1789477519,922858698,body,-0.5170355474835857,-1.1742337622528721e-06,-9.364621674501532e-05,1.0256400767694985e-08,-4.520778823942976e-06,-7.494284244310442e-07
1789477519,928955136,body,-0.5169465938818718,-1.1746773001560402e-06,-9.348140456425858e-05,9.955526465499893e-09,-5.792009707358109e-06,-6.53285883160592e-07
1789477519,935149813,body,-0.5168577682559953,-1.172913056713298e-06,-9.328282353047087e-05,9.796964689367189e-09,-7.098784200562041e-06,-5.586449576776303e-07
1789477519,941078403,body,-0.5167691022916431,-1.168978228167112e-06,-9.305011875304701e-05,9.773333330418892e-09,-8.42012929127586e-06,-4.6559387928806756e-07
1789477519,946943218,body,-0.5166806282607457,-1.1629155968234265e-06,-9.278343119031053e-05,9.875973189853708e-09,-9.736893481282375e-06,-3.7421655187677583e-07
1789477519,953452016,body,-0.5165923785312835,-1.1547730120812642e-06,-9.248334827819285e-05,1.0094928960994466e-08,-1.103181394826849e-05,-2.845914128053858e-07
1789477519,959401443,body,-0.5165043851235277,-1.1446033593072485e-06,-9.215085368567822e-05,1.0419359163021907e-08,-1.2289552696903668e-05,-1.9679277171535934e-07
1789477519,965355112,body,-0.5164166793123605,-1.132463680367084e-06,-9.178727692216277e-05,1.0837628811276389e-08,-1.3496705477257967e-05,-1.1088993341415998e-07
1789477519,971317052,body,-0.5163292912771655,-1.1184153902686823e-06,-9.139424336465078e-05,1.1337726391956765e-08,-1.4641785567773062e-05,-2.694766848800679e-08
1789477519,977502973,body,-0.5162422497989345,-1.1025233233546686e-06,-9.097362540105437e-05,1.190725398963245e-08,-1.5715185304928196e-05,5.497441508884478e-08
1789477519,983319344,body,-0.5161555820044811,-1.08485558342678e-06,-9.052749514509701e-05,1.2533725125160101e-08,-1.6709116990502808e-05,1.3482102382780397e-07
1789477519,989409420,body,-0.5160693131549234,-1.0654831515132054e-06,-9.005807908903716e-05,1.3204774533319236e-08,-1.7617537697276675e-05,2.1254095007769868e-07
1789477519,995143844,body,-0.5159834664788565,-1.0444792958180397e-06,-8.956771529320831e-05,1.3908138700272133e-08,-1.8436058236302852e-05,2.8808821554940417e-07
1789477520,1078790,body,-0.515898063045779,-1.0219192399718364e-06,-8.905881311950429e-05,1.4631975545111888e-08,-1.9161841005273538e-05,3.614206836186676e-07
1789477520,6893557,body,-0.5158131216808339,-9.978797743618285e-07,-8.853381603942073e-05,1.5365077919374667e-08,-1.9793487444099266e-05,4.32500905366882e-07
1789477520,13555129,body,-0.5157286589135509,-9.724390013707558e-07,-8.799516750709619e-05,1.609655570724744e-08,-2.0330918577145273e-05,5.012950758824858e-07
1789477520,22794404,body,-0.5156446889621498,-9.456755241652987e-07,-8.744528011856701e-05,1.6816377763198435e-08,-2.0775250160860932e-05,5.677739625395846e-07
1789477520,28809145,body,-0.5155612237479323,-9.176686056159835e-07,-8.688650813013779e-05,1.7515159282185853e-08,-2.11286648627035e-05,6.319121522019455e-07
1789477520,34933162,body,-0.5154782729370678,-8.884975265191147e-07,-8.632112326747075e-05,1.8184483032230088e-08,-2.139428309334071e-05,6.93687771517421e-07
1789477520,40683581,body,-0.5153958440067831,-8.582412881272359e-07,-8.575129398465888e-05,1.881657083051622e-08,-2.1576034772567056e-05,7.530832684190132e-07
1789477520,46359319,body,-0.5153139423334014,-8.26978539489059e-07,-8.517906792727843e-05,1.9404710459201437e-08,-2.167853268504959e-05,8.100842820123773e-07
1789477520,52439598,body,-0.5152325712978598,-7.947868944754196e-07,-8.460635761206524e-05,1.994295727864396e-08,-2.1706949620821897e-05,8.646798978373922e-07
1789477520,58175886,body,-0.5151517324064313,-7.617432125490388e-07,-8.403492917596806e-05,2.0426221145203925e-08,-2.1666900015524878e-05,9.168628255113489e-07
1789477520,63928242,body,-0.5150714254239526,-7.279229695799494e-07,-8.346639406604258e-05,2.0850513339862493e-08,-2.156432761470294e-05,9.66629216697851e-07
1789477520,69601626,body,-0.5149916485160037,-6.934001732987958e-07,-8.290220338356613e-05,2.1212556431764593e-08,-2.1405399446402322e-05,1.0139778700753026e-06
1789477520,75352110,body,-0.51491239839805,-6.582473716763201e-07,-8.234364489402789e-05,2.1509904499015125e-08,-2.1196407218925008e-05,1.05891111064813e-06
1789477520,80727781,body,-0.5148336704879243,-6.225352200636115e-07,-8.179184226253697e-05,2.174091616677581e-08,-2.0943676546782205e-05,1.1014339925852422e-06
1789477520,86136326,body,-0.5147554590611141,-5.863326732245206e-07,-8.124775652453002e-05,2.1904800741687998e-08,-2.0653484227964973e-05,1.1415545234810667e-06
1789477520,91505667,body,-0.5146777574056594,-5.497065111913613e-07,-8.07121893507262e-05,2.2001395882350836e-08,-2.0331984440776268e-05,1.1792833223397624e-06
1789477520,96776569,body,-0.514600557973673,-5.12721669261269e-07,-8.018578810774416e-05,2.2031228326163897e-08,-1.9985142990856636e-05,1.2146337794484243e-06
1789477520,102119966,body,-0.514523852530518,-4.754408869886645e-07,-7.966905229117633e-05,2.1995436055004777e-08,-1.9618680443349616e-05,1.2476215989343884e-06
1789477520,107466169,body,-0.5144476322978733,-4.379247769143347e-07,-7.916234122436918e-05,2.1895735879254654e-08,-1.9238023907018774e-05,1.278265054097322e-06
1789477520,112919356,body,-0.5143718880893742,-4.0023177041001577e-07,-7.866588278973407e-05,2.1734287907340446e-08,-1.884826688859576e-05,1.3065849296356677e-06
1789477520,118277175,body,-0.5142966104401769,-3.624181750710646e-07,-7.817978298629543e-05,2.1513744479524844e-08,-1.8454136889801404e-05,1.332603982080231e-06
1789477520,127466936,body,-0.5142217897265778,-3.245381057718681e-07,-7.77040360460482e-05,2.123702478823616e-08,-1.805997137657042e-05,1.3563470152293852e-06
1789477520,133617946,body,-0.5141474162764642,-2.86643482880563e-07,-7.72385350764753e-05,2.0907448050034342e-08,-1.766970019534042e-05,1.3778413753322508e-06
1789477520,138953052,body,-0.514073480470742,-2.4878417909572976e-07,-7.678308285839225e-05,2.0528593932791755e-08,-1.728683533013985e-05,1.397116005141045e-06
1789477520,144230098,body,-0.513999972833609,-2.1100791916734682e-07,-7.633740281462093e-05,2.0104192711538514e-08,-1.6914466700386224e-05,1.4142017258782907e-06
1789477520,149564850,body,-0.5139268841131994,-1.7336039022272636e-07,-7.590114990726876e-05,1.9638152051551897e-08,-1.6555263342165535e-05,1.4291313349392454e-06
1789477520,155156285,body,-0.5138542053517117,-1.358853969321269e-07,-7.547392133752396e-05,1.913445624184301e-08,-1.621148019725571e-05,1.4419392417140925e-06
1789477520,160501950,body,-0.5137819279452002,-9.862460498564095e-08,-7.505526697510669e-05,1.8597094200883758e-08,-1.588496922755438e-05,1.4526615874747903e-06
1789477520,165704265,body,-0.5137100436934179,-6.161804490238923e-08,-7.46446993556711e-05,1.803016076062309e-08,-1.5577194515233392e-05,1.4613360344551194e-06
1789477520,171126108,body,-0.5136385448398891,-2.4903685268579935e-08,-7.42417032188896e-05,1.7437673709439045e-08,-1.5289250957782196e-05,1.4680016858748222e-06
1789477520,176360631,body,-0.5135674241031369,1.1482044787536778e-08,-7.384574447571076e-05,1.6823556231290955e-08,-1.5021885522116286e-05,1.4726991281260894e-06
1789477520,181690693,body,-0.5134966746982822,4.7504536314450796e-08,-7.345627853252583e-05,1.619157165486905e-08,-1.4775521250931537e-05,1.4754702331422046e-06
1789477520,186985727,body,-0.5134262903514667,8.313073111767268e-08,-7.307275801478333e-05,1.554549129346659e-08,-1.4550282510283851e-05,1.476358178420816e-06
1789477520,192224226,body,-0.5133562653058565,1.1832916742660545e-07,-7.269463970795488e-05,1.4888816009537671e-08,-1.4346021991323524e-05,1.475407264890829e-06
1789477520,197462925,body,-0.5132865943210368,1.5306982237372282e-07,-7.23213908349175e-05,1.4224917382149431e-08,-1.4162348391490867e-05,1.472662959135415e-06
1789477520,202972842,body,-0.5132172726660125,1.8732423795498918e-07,-7.195249460320433e-05,1.3556923524283704e-08,-1.3998654644152372e-05,1.4681718645063063e-06
1789477520,208114730,body,-0.5131482961072348,2.2106517362793368e-07,-7.158745501097937e-05,1.2887855882243661e-08,-1.3854145928416584e-05,1.4619812726273109e-06
1789477520,213300623,body,-0.5130796608899852,2.542668653880534e-07,-7.12258009029211e-05,1.2220426101677274e-08,-1.372786752352251e-05,1.4541396074454673e-06
1789477520,218654262,body,-0.5130113637177688,2.8690473398759227e-07,-7.086708941532852e-05,1.1557100608261011e-08,-1.3618732047052733e-05,1.4446960721990073e-06
1789477520,225261037,body,-0.5129434017265214,3.1895545473985455e-07,-7.051090862834577e-05,1.090021396659618e-08,-1.3525545665072912e-05,1.4337005495258674e-06
1789477520,233262794,body,-0.5128757724568273,3.503969037099981e-07,-7.015687966164002e-05,1.0251816851910205e-08,-1.3447033182065877e-05,1.4212036303026981e-06
1789477520,238727446,body,-0.5128084738230104,3.8120812809240647e-07,-6.9804658117121e-05,9.613696115522633e-09,-1.3381861713110045e-05,1.4072565181749486e-06
1789477520,244134542,body,-0.5127415040815156,4.1136926578929266e-07,-6.945393496402847e-05,8.987529132063244e-09,-1.3328662924968314e-05,1.3919111272928921e-06
1789477520,249408567,body,-0.5126748617973701,4.408615543647734e-07,-6.910443688700787e-05,8.374620774335905e-09,-1.3286053534144192e-05,1.375219758077054e-06
1789477520,254918446,body,-0.5126085458107544,4.696672722952167e-07,-6.875592616310182e-05,7.77621100608709e-09,-1.3252654128486342e-05,1.3572348819021035e-06
1789477520,260342762,body,-0.5125425552028943,4.977697490445163e-07,-6.840820010871749e-05,7.193196168338496e-09,-1.3227105879382465e-05,1.3380094008362531e-06
1789477520,265629604,body,-0.5124768892623474,5.251533151735688e-07,-6.806109012137341e-05,6.626474236836044e-09,-1.3208085699628944e-05,1.3175967343121275e-06
1789477520,270802663,body,-0.5124115474523533,5.518033416104997e-07,-6.771446041180033e-05,6.076595223573067e-09,-1.319431942066829e-05,1.2960501396030356e-06
1789477520,276081278,body,-0.5123465293791438,5.777061111750248e-07,-6.736820641830406e-05,5.5439930447744165e-09,-1.3184593129077682e-05,1.2734234446198857e-06
1789477520,281377391,body,-0.5122818347611415,6.02848964875546e-07,-6.702225302004705e-05,5.0289689814533186e-09,-1.3177762471350378e-05,1.2497703329266429e-06
1789477520,286520074,body,-0.5122174634003605,6.272200742171439e-07,-6.667655249823124e-05,4.531676177315642e-09,-1.3172760496506884e-05,1.2251439596022968e-06
1789477520,291614891,body,-0.512153415155335,6.508087324274381e-07,-6.633108240695005e-05,4.052131512816061e-09,-1.316860351918295e-05,1.1995984855733319e-06
1789477520,296974784,body,-0.5120896899160733,6.736050419501418e-07,-6.598584329417907e-05,3.5903003486350296e-09,-1.3164395584950128e-05,1.1731870059556124e-06
1789477520,302185694,body,-0.5120262875809657,6.95600065863796e-07,-6.564085636054548e-05,3.1459307746514897e-09,-1.3159331335801714e-05,1.1459630177381182e-06
1789477520,307467730,body,-0.5119632080363562,7.167859437577958e-07,-6.529616108638087e-05,2.7188124530088674e-09,-1.3152697254703612e-05,1.1179793784449016e-06
1789477520,312822445,body,-0.5119004511376428,7.371554745745977e-07,-6.495181286953726e-05,2.3085610612983033e-09,-1.3143872198514895e-05,1.0892889944322108e-06
1789477520,318150901,body,-0.5118380166933263,7.567026709765844e-07,-6.460788065671629e-05,1.9148005038677987e-09,-1.313232600797835e-05,1.0599439127614158e-06
1789477520,323379659,body,-0.5117759044509415,7.754222829991545e-07,-6.426444466261691e-05,1.537092735075672e-09,-1.3117617634777883e-05,1.0299963448111496e-06
1789477520,332617111,body,-0.5117141140851206,7.933101278518772e-07,-6.392159416189936e-05,1.174944599414134e-09,-1.3099392117292264e-05,9.994975427327389e-07
1789477520,338497367,body,-0.5116526451880012,8.103627612065626e-07,-6.357942536819176e-05,8.278209998635419e-10,-1.3077376823597078e-05,9.684984433817223e-07
1789477520,343781381,body,-0.5115914972617661,8.265778638950801e-07,-6.32380394325793e-05,4.952759054693259e-10,-1.305137711493633e-05,9.370495106901433e-07
1789477520,349062054,body,-0.511530669712994,8.419538537784437e-07,-6.289754056638181e-05,1.7666485829241102e-10,-1.3021271033305287e-05,9.052003048454097e-07
1789477520,354671339,body,-0.5114701618486457,8.564901713316712e-07,-6.255803434001162e-05,-1.2850649437145296e-10,-1.2987004127807472e-05,8.729997776739628e-07
1789477520,359975029,body,-0.5114099728741458,8.701871217084888e-07,-6.22196260756563e-05,-4.207390276136797e-10,-1.2948583673728704e-05,8.404966412049705e-07
1789477520,365188773,body,-0.5113501018931343,8.830458836371578e-07,-6.18824194289825e-05,-7.005409959358062e-10,-1.2906072634032667e-05,8.077379021747728e-07
1789477520,370491273,body,-0.511290547907893,8.950685248970585e-07,-6.154651512745931e-05,-9.6851605517962e-10,-1.2859583401026646e-05,7.747705073603779e-07
1789477520,375829254,body,-0.5112313098219735,9.06258026605351e-07,-6.121200987116946e-05,-1.2250755333050014e-09,-1.2809271917745348e-05,7.416402978007342e-07
1789477520,381209253,body,-0.5111723864434328,9.166182247929646e-07,-6.087899535217619e-05,-1.4706927219694828e-09,-1.2755331333009593e-05,7.083922463368996e-07
1789477520,386520569,body,-0.5111137764890938,9.261537595871795e-07,-6.054755748931979e-05,-1.705816274807695e-09,-1.2697986119478366e-05,6.750704065564459e-07
1789477520,391872239,body,-0.5110554785896989,9.348701505024926e-07,-6.021777575933731e-05,-1.9308224209580863e-09,-1.2637486328233912e-05,6.417176330247061e-07
1789477520,397116174,body,-0.5109974912960906,9.427737007939867e-07,-5.9889722696777824e-05,-2.146085018101824e-09,-1.2574101783435731e-05,6.083761896732377e-07
1789477520,402421491,body,-0.5109398130850387,9.498716073145405e-07,-5.956346354116163e-05,-2.3519443505393277e-09,-1.2508116935318873e-05,5.750871014342029e-07
1789477520,407875107,body,-0.5108824423665934,9.561716596564457e-07,-5.923905597135244e-05,-2.5487637953859735e-09,-1.2439825807571328e-05,5.418904162420404e-07
1789477520,413206195,body,-0.5108253774909789,9.61682661105778e-07,-5.8916549998057876e-05,-2.736761021751871e-09,-1.2369527545340485e-05,5.08824949710886e-07
1789477520,418439558,body,-0.5107686167559109,9.664139756639122e-07,-5.859598795201588e-05,-2.9162145255405067e-09,-1.2297521974342141e-05,4.7592849381936635e-07
1789477520,423805171,body,-0.5107121584137025,9.703757496591152e-07,-5.8277404557374205e-05,-3.0873492697014365e-09,-1.222410573839009e-05,4.4323779916633546e-07
1789477520,431367414,body,-0.5106560006791508,9.735787832554036e-07,-5.796082712298487e-05,-3.2503066795303316e-09,-1.2149568983166575e-05,4.1078842842575704e-07
1789477520,438952658,body,-0.5106001417361457,9.760345874307813e-07,-5.764627576178887e-05,-3.405356684886846e-09,-1.2074192328635675e-05,3.7861471412128705e-07
1789477520,444534445,body,-0.5105445797450227,9.77755409369245e-07,-5.7333763749804145e-05,-3.552561345494181e-09,-1.1998244090166105e-05,3.467499118940305e-07
1789477520,449900880,body,-0.5104893128489943,9.78753844159213e-07,-5.702329784987975e-05,-3.6920557005017194e-09,-1.1921978163543234e-05,3.152259983935505e-07
1789477520,455403856,body,-0.510434339180971,9.790433494183696e-07,-5.671487878301549e-05,-3.823955656543757e-09,-1.1845632234191686e-05,2.8407389999913453e-07
1789477520,460774343,body,-0.5103796568691027,9.786378528521424e-07,-5.6408501642329726e-05,-3.948332385164229e-09,-1.1769426263932994e-05,2.533230998048609e-07
1789477520,466193665,body,-0.5103252640424644,9.775517438125125e-07,-5.610415640101768e-05,-4.0653023218202444e-09,-1.1693561317484075e-05,2.2300206615036087e-07
1789477520,471493682,body,-0.5102711588367387,9.757999890983633e-07,-5.5801828404581e-05,-4.17487500688071e-09,-1.1618219032878633e-05,1.9313789959514832e-07
1789477520,476713358,body,-0.5102173393979119,9.73397999310347e-07,-5.5501498895182615e-05,-4.277141876682388e-09,-1.154356103527018e-05,1.6375665041089582e-07
1789477520,482008651,body,-0.5101638038872828,9.703616727971452e-07,-5.520314550283903e-05,-4.3721318783456714e-09,-1.1469728748194676e-05,1.3488296777484307e-07
1789477520,487428521,body,-0.5101105504850153,9.667071962609101e-07,-5.490674280311638e-05,-4.459871458686681e-09,-1.1396843551223675e-05,1.06540308481777e-07
1789477520,492690016,body,-0.5100575773928383,9.624513041797222e-07,-5.461226277145887e-05,-4.540384548177465e-09,-1.1325007332849472e-05,7.875081704010817e-08
1789477520,498047657,body,-0.5100048828373503,9.576109266089032e-07,-5.431967530202297e-05,-4.6137414778608404e-09,-1.1254302823559456e-05,5.1535720903386965e-08
1789477520,503374557,body,-0.5099524650719727,9.522034435502831e-07,-5.402894867007229e-05,-4.6799989358358986e-09,-1.1184794397412137e-05,2.4914735400755554e-08
1789477520,508727252,body,-0.5099003223786549,9.462463973385216e-07,-5.374004997108021e-05,-4.739195586456585e-09,-1.111652914673386e-05,-1.0935965339904157e-09
1789477520,514002495,body,-0.5098484530695089,9.397576684858154e-07,-5.345294553681394e-05,-4.791362077207202e-09,-1.104953777363108e-05,-2.6471842191419348e-08
1789477520,519437592,body,-0.5097968554875556,9.327553953840557e-07,-5.3167601340015496e-05,-4.836514336810944e-09,-1.0983835720192027e-05,-5.1203972184026594e-08
1789477520,524699163,body,-0.509745528007115,9.252578181722596e-07,-5.2883983321288295e-05,-4.8747435898912854e-09,-1.091942464175978e-05,-7.527485197809242e-08
1789477520,530131558,body,-0.5096944690343039,9.172834269152428e-07,-5.260205775679127e-05,-4.906194063017387e-09,-1.085629323736756e-05,-9.867084807145242e-08
1789477520,539503735,body,-0.5096436770067513,9.088508028487691e-07,-5.2321791490145196e-05,-4.930846577265642e-09,-1.0794419169330868e-05,-1.2137932613875745e-07
1789477520,545244204,body,-0.5095931503933143,8.999787051630535e-07,-5.204315223415532e-05,-4.948823845805399e-09,-1.073376997694456e-05,-1.4338877542380912e-07
1789477520,550834160,body,-0.5095428876927999,8.906858433765554e-07,-5.176610876845277e-05,-4.960228366646313e-09,-1.0674304537546381e-05,-1.6468894860215604e-07
1789477520,556268847,body,-0.5094928874340341,8.809912098478692e-07,-5.149063112834896e-05,-4.965185784659807e-09,-1.0615974371027048e-05,-1.8527049097301223e-07
1789477520,561534092,body,-0.509443148174088,8.709136230689811e-07,-5.1216690763783744e-05,-4.9638214846617355e-09,-1.055872506424374e-05,-2.0512558882566786e-07
1789477520,566853806,body,-0.5093936684968902,8.604720263213388e-07,-5.094426065782945e-05,-4.956239664072402e-09,-1.0502497160311905e-05,-2.2424690806297104e-07
1789477520,572090643,body,-0.5093444470124462,8.49685348149887e-07,-5.067331540939137e-05,-4.942540874849826e-09,-1.0447227826158824e-05,-2.426291063274972e-07
1789477520,577416788,body,-0.5092954823546711,8.385723783966915e-07,-5.0403831323045706e-05,-4.922999966036651e-09,-1.039285161191503e-05,-2.6026682796526384e-07
1789477520,582626316,body,-0.5092467731802883,8.271519845450424e-07,-5.013578640266982e-05,-4.897717182224627e-09,-1.0339301616651753e-05,-2.771566868314625e-07
1789477520,587888765,body,-0.5091983181668752,8.154428383186647e-07,-4.986916040682215e-05,-4.8668626705143355e-09,-1.0286510460932141e-05,-2.932955721266328e-07
1789477520,593213346,body,-0.5091501160116555,8.034635839646894e-07,-4.960393480806535e-05,-4.830585277232663e-09,-1.0234411010679962e-05,-3.0868178969223536e-07
1789477520,598601952,body,-0.5091021654291189,7.912326630973026e-07,-4.934009277031184e-05,-4.789171383842777e-09,-1.01829374973938e-05,-3.233145979605384e-07
1789477520,603865297,body,-0.5090544651502041,7.787685166595214e-07,-4.907761911704772e-05,-4.7427795904239425e-09,-1.013202579681068e-05,-3.3719404804341434e-07
1789477520,609229777,body,-0.5090070139202023,7.66089230064058e-07,-4.881650023686165e-05,-4.6915494864926884e-09,-1.0081614405908698e-05,-3.5032122577698414e-07
1789477520,614682953,body,-0.5089598104971236,7.532129159320989e-07,-4.855672404084435e-05,-4.635733773263783e-09,-1.0031644677153601e-05,-3.6269823619750965e-07
1789477520,620056537,body,-0.5089128536508438,7.401572808294205e-07,-4.829827983425152e-05,-4.57563953168423e-09,-9.98206148797386e-06,-3.7432746190361024e-07
1789477520,625312865,body,-0.5088661421613281,7.269399934018899e-07,-4.8041158262666925e-05,-4.511371525072578e-09,-9.93281336621016e-06,-3.852132283539986e-07
1789477520,630661629,body,-0.5088196748168196,7.13578405389422e-07,-4.778535118258389e-05,-4.443175567169207e-09,-9.883853019692928e-06,-3.953596611862801e-07
1789477520,638902811,body,-0.5087734504134835,7.00089623443522e-07,-4.753085155449636e-05,-4.371316175468504e-09,-9.835137245204196e-06,-4.047722582751024e-07
1789477520,645643976,body,-0.5087274677540939,6.864905518441029e-07,-4.7277653339049604e-05,-4.2960189766022975e-09,-9.786627243780581e-06,-4.1345693937307144e-07
1789477520,651352874,body,-0.508681725646575,6.727977421668632e-07,-4.702575138260005e-05,-4.2174706227167066e-09,-9.738288602950603e-06,-4.2142065229262215e-07
1789477520,656648789,body,-0.5086362229037542,6.590275803427351e-07,-4.677514130540411e-05,-4.135943186565943e-09,-9.690091287850831e-06,-4.286710287543102e-07
1789477520,661945229,body,-0.508590958341834,6.451960035536369e-07,-4.6525819381326745e-05,-4.051694245894995e-09,-9.642009623465948e-06,-4.35216362168294e-07
1789477520,667258065,body,-0.5085459307806051,6.313187874334865e-07,-4.6277782442748496e-05,-3.964862533698768e-09,-9.594022185823454e-06,-4.41065534345346e-07
1789477520,672512769,body,-0.5085011390418471,6.174113198424783e-07,-4.603102777541549e-05,-3.875734354158076e-09,-9.546111582170342e-06,-4.462282975303005e-07
1789477520,677774396,body,-0.5084565819501117,6.034886234730136e-07,-4.5785553002247994e-05,-3.784527186339472e-09,-9.49826437214826e-06,-4.5071457049084633e-07
1789477520,683128796,body,-0.5084122583309798,5.895655133771894e-07,-4.554135601409366e-05,-3.6914339602465236e-09,-9.450470699199215e-06,-4.545354199609127e-07
1789477520,688438732,body,-0.5083681670118805,5.756563341601274e-07,-4.5298434870900025e-05,-3.5967164902028138e-09,-9.40272415511812e-06,-4.577017772355399e-07
1789477520,693648716,body,-0.5083243068211657,5.617751167502558e-07,-4.5056787710048675e-05,-3.5005020809169527e-09,-9.35502158132115e-06,-4.6022610125755893e-07
1789477520,698858645,body,-0.5082806765885741,5.479355596986629e-07,-4.481641268997685e-05,-3.403111289744283e-09,-9.307362648075507e-06,-4.621205467937389e-07
1789477520,704167786,body,-0.5082372751448025,5.341509356817718e-07,-4.457730791939549e-05,-3.3046736761169526e-09,-9.259749545851116e-06,-4.6339781037328925e-07
1789477520,709788271,body,-0.508194101321543,5.204342539442496e-07,-4.43394713927157e-05,-3.2053342954640586e-09,-9.212186918714652e-06,-4.6407119470860885e-07
1789477520,715193008,body,-0.5081511539517309,5.067980113886533e-07,-4.410290095365629e-05,-3.105401299513375e-09,-9.16468128145673e-06,-4.641550683469861e-07
1789477520,720401277,body,-0.508108431869865,4.932544142587189e-07,-4.3867594217671235e-05,-3.0049731756656715e-09,-9.117241068443576e-06,-4.6366277396135133e-07
1789477520,725698817,body,-0.5080659339113318,4.798152389066578e-07,-4.3633548580013766e-05,-2.904220394843697e-09,-9.069875969703843e-06,-4.626092973636709e-07
1789477520,730974199,body,-0.5080236589141831,4.664918666708178e-07,-4.340076115407188e-05,-2.8033379277958474e-09,-9.022596887631038e-06,-4.610093090652036e-07
1789477520,736921287,body,-0.5079816057175358,4.532953680296614e-07,-4.316922876701726e-05,-2.7024896228185404e-09,-8.975415592810702e-06,-4.5887802136151187e-07
1789477520,746009242,body,-0.5079397731633138,4.4023624730745556e-07,-4.29389479259681e-05,-2.6017982495201034e-09,-8.928344585246897e-06,-4.5623091521645746e-07
1789477520,751902123,body,-0.5078981600958925,4.2732472474116307e-07,-4.270991482085127e-05,-2.5014743070994693e-09,-8.881396779056278e-06,-4.5308356486347247e-07
1789477520,757276528,body,-0.5078567653624535,4.145706365482483e-07,-4.2482125315012095e-05,-2.401600508336556e-09,-8.834585200488264e-06,-4.494526902695731e-07
1789477520,762521673,body,-0.5078155878134473,4.0198332514853786e-07,-4.22555749543e-05,-2.3023086535281644e-09,-8.787922960169222e-06,-4.453533971434834e-07
1789477520,767844224,body,-0.5077746263027707,3.895718331756867e-07,-4.203025895040423e-05,-2.203680389070512e-09,-8.741422954451412e-06,-4.408026030714199e-07
1789477520,773191567,body,-0.5077338796883346,3.773446439767845e-07,-4.180617221234617e-05,-2.1059651164673106e-09,-8.695097718866894e-06,-4.3581661059680314e-07
1789477520,778602983,body,-0.507693346831887,3.6530999965904566e-07,-4.158330933507211e-05,-2.0091645956901003e-09,-8.648959365951046e-06,-4.3041249716766737e-07
1789477520,783944867,body,-0.5076530265999012,3.5347560887307144e-07,-4.136166464811852e-05,-1.9134583464442405e-09,-8.603019408718656e-06,-4.246066141681478e-07
1789477520,789332285,body,-0.5076129178635045,3.4184884578697466e-07,-4.11412321991078e-05,-1.818897024022307e-09,-8.5572885252986e-06,-4.1841623001061565e-07
1789477520,794660524,body,-0.5075730194989044,3.304366311586365e-07,-4.092200579437396e-05,-1.7255602518825335e-09,-8.511776758770166e-06,-4.118580579994477e-07
1789477520,799975383,body,-0.5075333303872824,3.1924553215342074e-07,-4.070397901667045e-05,-1.6335443496418848e-09,-8.466493280687847e-06,-4.049487359458616e-07
1789477520,805275896,body,-0.5074938494157174,3.082816600131107e-07,-4.0487145244442565e-05,-1.5429455633743756e-09,-8.421446332240699e-06,-3.977057920598964e-07
1789477520,810630784,body,-0.5074545754767951,2.97550793067032e-07,-4.027149766960534e-05,-1.4538291642342756e-09,-8.376643190943842e-06,-3.901461150593757e-07
1789477520,815810435,body,-0.5074155074690695,2.8705821953365207e-07,-4.0057029342243986e-05,-1.3663148694825867e-09,-8.33209024946272e-06,-3.822864959689989e-07
1789477520,821139523,body,-0.5073766442967437,2.768089181832226e-07,-3.9843733176319235e-05,-1.2803991252883053e-09,-8.287792886831685e-06,-3.7414431421698106e-07
1789477520,826319647,body,-0.5073379848710907,2.6680740387695253e-07,-3.9631601973984176e-05,-1.1961440216831116e-09,-8.243755614998332e-06,-3.6573604329742687e-07
1789477520,831591830,body,-0.5072995281089964,2.570578662360051e-07,-3.942062847207384e-05,-1.1135805371159075e-09,-8.199981895641768e-06,-3.570786496398611e-07
1789477520,836810632,body,-0.5072612729339196,2.475640668486428e-07,-3.92108053223442e-05,-1.0328529423993313e-09,-8.15647439552058e-06,-3.481889575785532e-07
1789477520,845674597,body,-0.5072232182760338,2.3832941277246488e-07,-3.9002125158238296e-05,-9.539490504347127e-10,-8.113234898764633e-06,-3.3908335178114784e-07
1789477520,852136924,body,-0.5071853630719776,2.2935689615293344e-07,-3.879458058760154e-05,-8.769055226163489e-10,-8.070264423451828e-06,-3.2977850335861665e-07
1789477520,857435821,body,-0.5071477062647858,2.2064924816003653e-07,-3.858816422079657e-05,-8.017069245162324e-10,-8.027563051740624e-06,-3.2029062378368457e-07
1789477520,862759214,body,-0.5071102468043841,2.1220868360960162e-07,-3.8382868690486683e-05,-7.284877418883479e-10,-7.985130347315873e-06,-3.1063584461026987e-07
1789477520,868116892,body,-0.5070729836469519,2.0403716213181042e-07,-3.8178686659978476e-05,-6.571937685627314e-10,-7.94296518996554e-06,-3.0083016192348204e-07
1789477520,873389733,body,-0.5070359157556313,1.961362595506668e-07,-3.797561084253385e-05,-5.87911846652819e-10,-7.901065872168235e-06,-2.90889396409342e-07
1789477520,878744347,body,-0.5069990420999599,1.8850719884959984e-07,-3.777363402066356e-05,-5.206023009487686e-10,-7.859430095764695e-06,-2.8082920442655836e-07
1789477520,884122170,body,-0.5069623616555142,1.811508852529276e-07,-3.7572749047438196e-05,-4.553077174419024e-10,-7.81805515625528e-06,-2.706645651071358e-07
1789477520,889465837,body,-0.5069258734051542,1.7406783821959087e-07,-3.737294886677481e-05,-3.92053991460024e-10,-7.77693789949632e-06,-2.604110437789844e-07
1789477520,894679893,body,-0.5068895763376016,1.6725833379315608e-07,-3.717422650715027e-05,-3.308494384367969e-10,-7.736074973729648e-06,-2.5008280022568935e-07
1789477520,899864874,body,-0.5068534694475822,1.6072225692210506e-07,-3.697657510292432e-05,-2.7169119575932297e-10,-7.695462620849638e-06,-2.3969492015567735e-07
1789477520,905130178,body,-0.5068175517366077,1.544592048277103e-07,-3.6779987900156226e-05,-2.1457763867124894e-10,-7.65509693953664e-06,-2.292615700128605e-07
1789477520,910393055,body,-0.5067818222117317,1.4846852783435338e-07,-3.658445823413809e-05,-1.5954160692156053e-10,-7.61497385638395e-06,-2.187967119639152e-07
1789477520,915588016,body,-0.506746279886474,1.4274912543610162e-07,-3.638997958052757e-05,-1.0654935264373085e-10,-7.575089206946573e-06,-2.083142992864771e-07
1789477520,920813686,body,-0.5067109237800741,1.3729982245428736e-07,-3.619654549857019e-05,-5.559392374101227e-11,-7.535438695774647e-06,-1.9782711508607595e-07
1789477520,926012505,body,-0.5066757529174198,1.3211892982014275e-07,-3.600414968139751e-05,-6.704935379249359e-12,-7.496018141768708e-06,-1.87348806225695e-07
1789477520,931236444,body,-0.506640766329262,1.2720470532084461e-07,-3.581278593107916e-05,4.012339403655942e-11,-7.456823381596491e-06,-1.768920159228669e-07
1789477520,936519067,body,-0.5066059630516441,1.2255500209280539e-07,-3.5622448149389735e-05,8.498447959793135e-11,-7.417850173095451e-06,-1.6646889222638182e-07
1789477520,942799850,body,-0.5065713421266851,1.1816747013226065e-07,-3.543313035941621e-05,1.2781740676857352e-10,-7.379094559433689e-06,-1.560916964442031e-07
1789477520,951352985,body,-0.5065369026011223,1.1403944503865519e-07,-3.524482667375193e-05,1.6857339910903186e-10,-7.340552604872097e-06,-1.4577217695988195e-07
1789477520,957141467,body,-0.506502643527697,1.1016817824760394e-07,-3.50575313269463e-05,2.07372381209475e-10,-7.302220495796526e-06,-1.3552176239501167e-07
1789477520,962430693,body,-0.5064685639638405,1.0655057196305283e-07,-3.487123862693147e-05,2.4424647323921514e-10,-7.26409466395124e-06,-1.253511286492749e-07
1789477520,967721149,body,-0.5064346629722061,1.0318324478068857e-07,-3.468594299079006e-05,2.7910234523398153e-10,-7.226171793102547e-06,-1.1527116923906244e-07
1789477520,973033240,body,-0.5064009396205988,1.0006282840968665e-07,-3.450163891145379e-05,3.1204865987569554e-10,-7.1884486513913886e-06,-1.0529228694125555e-07
1789477520,978277242,body,-0.5063673929815485,9.718551860045144e-08,-3.431832096364521e-05,3.430918357317155e-10,-7.15092220680147e-06,-9.54240318920591e-08
1789477520,983419021,body,-0.5063340221327011,9.454746955036536e-08,-3.413598379942219e-05,3.722938088928661e-10,-7.1135896893267024e-06,-8.567616516438656e-08
1789477520,988577266,body,-0.5063008261562498,9.214461779548174e-08,-3.395462214152453e-05,3.9959540924870935e-10,-7.076448587645061e-06,-7.605768845093636e-08
1789477520,993710905,body,-0.5062678041391843,8.997263212643441e-08,-3.377423077447428e-05,4.250751079117437e-10,-7.039496477029681e-06,-6.657747908545859e-08
1789477520,998968332,body,-0.5062349551731834,8.802714085939526e-08,-3.3594804547318806e-05,4.487013949640475e-10,-7.002731260271069e-06,-5.7243859301299854e-08
1789477521,4190436,body,-0.5062022783546515,8.630359331960171e-08,-3.341633835314167e-05,4.706081572227533e-10,-6.966150945630289e-06,-4.8065011427153204e-08
1789477521,9564731,body,-0.5061697727841847,8.479720839323963e-08,-3.323882714159343e-05,4.907615493261775e-10,-6.929753919954138e-06,-3.9048345093283865e-08
1789477521,14694195,body,-0.5061374375672467,8.35031705274085e-08,-3.30622659091576e-05,5.092509129881406e-10,-6.893538515688378e-06,-3.020089688283328e-08
1789477521,19977122,body,-0.5061052718138127,8.241648198543063e-08,-3.288664967288293e-05,5.260023989871909e-10,-6.8575034860550336e-06,-2.152992766008684e-08
1789477521,25286667,body,-0.5060732746378372,8.153201386025481e-08,-3.271197350546049e-05,5.411574372521429e-10,-6.821647510997903e-06,-1.3041736815083523e-08
1789477521,30503090,body,-0.5060414451581067,8.084455141351151e-08,-3.253823250586234e-05,5.547275493605128e-10,-6.785969553570709e-06,-4.74258822351984e-09
1789477521,35689525,body,-0.5060097824978124,8.034874608505245e-08,-3.236542178985435e-05,5.666742004804975e-10,-6.750468773335705e-06,3.3621646169618514e-09
1789477521,40963938,body,-0.5059782857840893,8.003924677634762e-08,-3.219353651445952e-05,5.77125389337799e-10,-6.715144325412844e-06,1.1267090509151306e-08
1789477521,50386226,body,-0.5059469541489043,7.99104759053568e-08,-3.202257183379141e-05,5.860702698549302e-10,-6.679995619165021e-06,1.8967384408199336e-08
1789477521,56741733,body,-0.5059157867280254,7.995687350845962e-08,-3.185252295572172e-05,5.936367846938508e-10,-6.6450220139939635e-06,2.645805920587744e-08
1789477521,62115113,body,-0.5058847826620164,8.017282156795162e-08,-3.168338506210985e-05,5.997029547022774e-10,-6.6102230391657365e-06,3.373534901547305e-08
1789477521,67366572,body,-0.5058539410953502,8.055259023299359e-08,-3.151515338920432e-05,6.044399296751926e-10,-6.575598201741853e-06,4.0795117163534636e-08
1789477521,72680616,body,-0.5058232611771171,8.109041195603393e-08,-3.1347823166181394e-05,6.078555746449519e-10,-6.541147156442915e-06,4.763405074657575e-08
1789477521,77980727,body,-0.5057927420603158,8.178050791850349e-08,-3.118138963316751e-05,6.099577516130201e-10,-6.506869720084237e-06,5.4248827979340605e-08
1789477521,83199796,body,-0.5057623829024569,8.261698311839722e-08,-3.101584804511177e-05,6.108486166052966e-10,-6.47276546855907e-06,6.063689535956868e-08
1789477521,88472735,body,-0.5057321828652078,8.359402659705117e-08,-3.085119367639886e-05,6.105004093947421e-10,-6.438834232004478e-06,6.679589033129218e-08
1789477521,93822076,body,-0.5057021411145701,8.470570074359294e-08,-3.0687421791447126e-05,6.090363486605839e-10,-6.405075685125397e-06,7.272354805200871e-08
1789477521,99020550,body,-0.50567225682056,8.594616134806825e-08,-3.052452769173336e-05,6.064363753900695e-10,-6.371489572570794e-06,7.841822761132666e-08
1789477521,104216138,body,-0.505642529157741,8.730942930491955e-08,-3.0362506664129212e-05,6.027370411856779e-10,-6.338075662304277e-06,8.387839246497464e-08
1789477521,109491002,body,-0.5056129573046557,8.878966828433921e-08,-3.0201354020770823e-05,5.980403597137766e-10,-6.304833723399173e-06,8.91029501637441e-08
1789477521,114719141,body,-0.5055835404440036,9.038091492848047e-08,-3.0041065077615652e-05,5.923594752249505e-10,-6.271763493843609e-06,9.409137890493445e-08
1789477521,120178647,body,-0.5055542777631375,9.207734326775423e-08,-2.9881635168429297e-05,5.857130904536492e-10,-6.2388645972712495e-06,9.884307695023516e-08
1789477521,125537580,body,-0.5055251684531418,9.387306097140363e-08,-2.9723059636882594e-05,5.781809376013915e-10,-6.206136702836319e-06,1.0335781560167582e-07
1789477521,130639408,body,-0.5054962117095406,9.576221763558994e-08,-2.9565333832959403e-05,5.697872014855739e-10,-6.173579446385365e-06,1.0763578582055937e-07
1789477521,135934517,body,-0.5054674067319798,9.773903172923854e-08,-2.940845313493464e-05,5.605971145648376e-10,-6.141192382718717e-06,1.1167754272489752e-07
1789477521,141180977,body,-0.505438752724155,9.979778568856463e-08,-2.9252412923478834e-05,5.506059839162622e-10,-6.108975123258546e-06,1.1548344824769878e-07
1789477521,148817270,body,-0.5054102488942742,1.0193268598255873e-07,-2.9097208600784174e-05,5.398933961483256e-10,-6.076927137317587e-06,1.1905500563855255e-07
1789477521,156395509,body,-0.5053818944543461,1.041381476143318e-07,-2.8942835586331557e-05,5.284801587134017e-10,-6.045047970814774e-06,1.2239302758313723e-07
1789477521,161838124,body,-0.5053536886207145,1.0640846970020348e-07,-2.8789289310941864e-05,5.16443627832909e-10,-6.013336877680103e-06,1.2549919718677942e-07
1789477521,167095672,body,-0.5053256306138795,1.0873821195275178e-07,-2.8636565236137187e-05,5.037812153558206e-10,-5.981793398280565e-06,1.2837533521554678e-07
1789477521,172316103,body,-0.5052977196583199,1.1112188356301322e-07,-2.8484658842139347e-05,4.90595808468468e-10,-5.950416843167775e-06,1.3102325356267352e-07
1789477521,177612516,body,-0.5052699549826718,1.1355400294937351e-07,-2.833356560796803e-05,4.768292640870516e-10,-5.9192064307437185e-06,1.3344537250981543e-07
1789477521,182787539,body,-0.5052423358197983,1.1602935120008863e-07,-2.8183281073534857e-05,4.625766678194613e-10,-5.888161557047648e-06,1.356439502590819e-07
1789477521,188103864,body,-0.5052148614062224,1.1854260250038718e-07,-2.8033800764633283e-05,4.4785754375216415e-10,-5.85728142049741e-06,1.376220865551404e-07
1789477521,193354506,body,-0.5051875309830856,1.2108864945106927e-07,-2.7885120249028916e-05,4.3277586718769726e-10,-5.826565197307419e-06,1.3938204848239907e-07
1789477521,198518355,body,-0.5051603437950103,1.236624080043792e-07,-2.7737235115591915e-05,4.172778482728211e-10,-5.79601209477752e-06,1.409275241975219e-07
1789477521,203649973,body,-0.5051332990912031,1.2625891168714305e-07,-2.7590140976118032e-05,4.0146298270923154e-10,-5.765621249154144e-06,1.4226136254126665e-07
1789477521,209122342,body,-0.5051063961242444,1.288732699182921e-07,-2.744383347534822e-05,3.853119105390968e-10,-5.735391835540797e-06,1.4338722502776755e-07
1789477521,214388723,body,-0.5050796341510854,1.3150074740011337e-07,-2.7298308265600114e-05,3.689362853841378e-10,-5.705322891373682e-06,1.4430875319784151e-07
1789477521,219713105,body,-0.5050530124325493,1.341366236529187e-07,-2.7153561047946778e-05,3.5225347209328554e-10,-5.675413579544786e-06,1.450296551897846e-07
1789477521,225054819,body,-0.5050265302333674,1.3677638330595274e-07,-2.7009587530489912e-05,3.354517233847985e-10,-5.6456628675445965e-06,1.455537901541771e-07
1789477521,230207954,body,-0.5050001868220367,1.394155447345512e-07,-2.6866383463800555e-05,3.1845501655626234e-10,-5.616069900501967e-06,1.458856189610321e-07
1789477521,235445819,body,-0.5049739814712466,1.420497768172679e-07,-2.6723944612373478e-05,3.0129951976352464e-10,-5.586633722513357e-06,1.4602895189871355e-07
1789477521,240709427,body,-0.5049479134570615,1.4467485858900673e-07,-2.6582266777741964e-05,2.840191177571589e-10,-5.557353426526538e-06,1.4598846522932966e-07
1789477521,246196976,body,-0.50492198205988,1.4728668348277326e-07,-2.6441345777636978e-05,2.666521572230737e-10,-5.5282280521979215e-06,1.4576865313870868e-07
1789477521,255356678,body,-0.5048961865636536,1.4988128279467507e-07,-2.6301177469154485e-05,2.492558748020583e-10,-5.4992565981055525e-06,1.453738854691333e-07
1789477521,261125747,body,-0.504870526256135,1.5245476832232397e-07,-2.61617577226016e-05,2.3189080160326469e-10,-5.470438130550724e-06,1.4480907607236398e-07
1789477521,266387800,body,-0.5048450004289138,1.550034141898067e-07,-2.6023082451796053e-05,2.1442986925453112e-10,-5.4417717458117765e-06,1.44078863450172e-07
1789477521,271759782,body,-0.5048196083771682,1.5752355829623028e-07,-2.5885147582985177e-05,1.9703575934798815e-10,-5.413256450238073e-06,1.431882058711462e-07
1789477521,277098006,body,-0.5047943494000906,1.6001178254352513e-07,-2.5747949069874948e-05,1.797112801424528e-10,-5.384891270163275e-06,1.4214216595232353e-07
1789477521,282370737,body,-0.5047692228001419,1.62464680018785e-07,-2.5611482909257415e-05,1.6241151279035945e-10,-5.356675401785453e-06,1.4094573303238523e-07
1789477521,287569231,body,-0.5047442278837622,1.6487901930827583e-07,-2.547574509912315e-05,1.452547344276182e-10,-5.328607853673722e-06,1.396040740981636e-07
1789477521,292813383,body,-0.5047193639610862,1.672517322682183e-07,-2.5340731679746797e-05,1.2822490199913247e-10,-5.300687764295763e-06,1.3812222511986646e-07
1789477521,297960968,body,-0.5046946303454819,1.6957978044916252e-07,-2.520643870656867e-05,1.113070638050685e-10,-5.272914288769983e-06,1.365055617960473e-07
1789477521,303132751,body,-0.5046700263545446,1.718603612694413e-07,-2.507286226692804e-05,9.457622380401836e-11,-5.2452864478793134e-06,1.347591844967001e-07
1789477521,308395091,body,-0.504645551308641,1.7409073924865576e-07,-2.493999847471467e-05,7.80007849302772e-11,-5.21780338230993e-06,1.328885466347111e-07
1789477521,313788921,body,-0.5046212045326143,1.762683454890365e-07,-2.4807843455533673e-05,6.164021611284786e-11,-5.190464294921471e-06,1.3089882185357291e-07
1789477521,319076597,body,-0.5045969853542205,1.7839075480113364e-07,-2.4676393375822187e-05,4.5491809281828034e-11,-5.1632682864319645e-06,1.2879533478243163e-07
1789477521,324349476,body,-0.5045728931046977,1.8045556344864875e-07,-2.4545644416331477e-05,2.953065247565166e-11,-5.136214628534576e-06,1.2658349442578044e-07
1789477521,329618706,body,-0.5045489271192625,1.8246064684932165e-07,-2.44155927625623e-05,1.3861736112671982e-11,-5.109302531859929e-06,1.2426871645896643e-07
1789477521,334707413,body,-0.5045250867361166,1.8440390563753792e-07,-2.4286234664381206e-05,-1.5209500015817009e-12,-5.082531129323212e-06,1.2185621004764925e-07
1789477521,340043842,body,-0.5045013712974399,1.862834123292905e-07,-2.415756635784975e-05,-1.664895787354698e-11,-5.0558995727131e-06,1.1935136643222768e-07
1789477521,345242371,body,-0.5044777801481126,1.8809741005297513e-07,-2.4029584111865545e-05,-3.149054669724636e-11,-5.029407185902577e-06,1.167595280079033e-07
1789477521,353973352,body,-0.5044543126372785,1.8984408505918307e-07,-2.3902284226607124e-05,-4.603174257642792e-11,-5.003053268340647e-06,1.1408617483622244e-07
1789477521,360505474,body,-0.5044309681169943,1.915220734833493e-07,-2.3775662999960642e-05,-6.029295847209417e-11,-4.976837038429538e-06,1.1133645612979307e-07
1789477521,365861794,body,-0.5044077459426562,1.9312980187568228e-07,-2.3649716783241333e-05,-7.419134433306026e-11,-4.950757617981549e-06,1.085154345111502e-07
1789477521,371245954,body,-0.5043846454731422,1.9466601981726736e-07,-2.352444192077161e-05,-8.77684130852663e-11,-4.924814410806659e-06,1.0562851454270882e-07
1789477521,376532103,body,-0.5043616660707408,1.9612951519912814e-07,-2.3399834788580846e-05,-1.0106009430556973e-10,-4.899006781856556e-06,1.026807299728251e-07
1789477521,382180717,body,-0.5043388071012935,1.9751928960743433e-07,-2.3275891781019452e-05,-1.1392802503261474e-10,-4.873333921777061e-06,9.967737879510201e-08
1789477521,387410397,body,-0.5043160679331281,1.9883436107921807e-07,-2.315260930954568e-05,-1.2645141059781373e-10,-4.847795154442853e-06,9.662333488272447e-08
1789477521,393359215,body,-0.5042934479390495,2.0007386395568806e-07,-2.3029983814455547e-05,-1.3866504775895017e-10,-4.822389781522232e-06,9.352355870942225e-08
1789477521,398885022,body,-0.5042709464940647,2.0123716332753475e-07,-2.2908011745143105e-05,-1.5045275870751525e-10,-4.797117177958592e-06,9.038332384222949e-08
1789477521,404170941,body,-0.5042485629770178,2.0232363989870243e-07,-2.2786689573689808e-05,-1.6189259555524434e-10,-4.771976622106441e-06,8.720712223776934e-08
1789477521,409562623,body,-0.5042262967700218,2.03332824213481e-07,-2.266601379501977e-05,-1.729671527841492e-10,-4.746967472256955e-06,8.399983887819592e-08
1789477521,414741597,body,-0.5042041472580312,2.0426426043477944e-07,-2.2545980916875072e-05,-1.8364790929232378e-10,-4.722089042290525e-06,8.076624106275069e-08
1789477521,420086380,body,-0.504182113829909,2.051177995280058e-07,-2.2426587463395406e-05,-1.9393853550311714e-10,-4.697340769323913e-06,7.75111005293902e-08
1789477521,425352040,body,-0.5041601958766493,2.0589322963390576e-07,-2.2307829988656005e-05,-2.0387152454698183e-10,-4.672721901735238e-06,7.423862057993358e-08
1789477521,430587738,body,-0.5041383927934391,2.065904704164208e-07,-2.218970505954251e-05,-2.1339614225003818e-10,-4.6482317534063625e-06,7.095366843514759e-08
1789477521,435692212,body,-0.5041167039783068,2.072096044434601e-07,-2.2072209253495246e-05,-2.2253597695006457e-10,-4.62386981252361e-06,6.766024311645011e-08
1789477521,440895694,body,-0.5040951288322658,2.077507505036871e-07,-2.1955339178822858e-05,-2.313290857682147e-10,-4.599635377424934e-06,6.436295648741648e-08
1789477521,446158573,body,-0.5040736667592424,2.0821416570974598e-07,-2.1839091455197086e-05,-2.396646935755888e-10,-4.575527726465651e-06,6.106553890431481e-08
1789477521,452995011,body,-0.5040523171669994,2.0860014340688693e-07,-2.1723462715921316e-05,-2.476796584108026e-10,-4.551546401122542e-06,5.777260444474774e-08
1789477521,461165066,body,-0.5040310794657871,2.0890915358806309e-07,-2.1608449627067885e-05,-2.5527983458775656e-10,-4.527690620908051e-06,5.4487643655669523e-08
1789477521,466694248,body,-0.5040099530694793,2.091416795100771e-07,-2.1494048854565004e-05,-2.624521554711831e-10,-4.503959855135649e-06,5.121471329249426e-08
1789477521,471950193,body,-0.5039889373942947,2.0929831140056033e-07,-2.138025709513142e-05,-2.6928790114896717e-10,-4.480353399922541e-06,4.795771245224438e-08
1789477521,477253308,body,-0.5039680318600047,2.0937972909424656e-07,-2.1267071053161898e-05,-2.757284239386354e-10,-4.456870676842474e-06,4.4719851903333184e-08
1789477521,482465975,body,-0.5039472358895782,2.0938667484164834e-07,-2.1154487464183e-05,-2.818061544255825e-10,-4.433511056398684e-06,4.1505026305717856e-08
1789477521,487660453,body,-0.5039265489086125,2.0931997501286046e-07,-2.104250306773338e-05,-2.874913345305379e-10,-4.410273838039363e-06,3.83169349240498e-08
1789477521,492844751,body,-0.5039059703456901,2.091805993732393e-07,-2.0931114628259108e-05,-2.9284518959773085e-10,-4.38715846110185e-06,3.5158457672667535e-08
1789477521,498061945,body,-0.5038854996328035,2.089694433339977e-07,-2.0820318926135322e-05,-2.978046078001075e-10,-4.3641642805460005e-06,3.203264544806799e-08
1789477521,503215635,body,-0.5038651362046455,2.0868760686738852e-07,-2.071011276973689e-05,-3.0240975574321877e-10,-4.341290699070889e-06,2.8943044299750842e-08
1789477521,508710137,body,-0.5038448794988218,2.0833616703965487e-07,-2.0600492959666383e-05,-3.0663077425235466e-10,-4.318537040550907e-06,2.589192796598018e-08
1789477521,514102090,body,-0.5038247289561361,2.0791631982340127e-07,-2.0491456338261176e-05,-3.1049228860301943e-10,-4.295902778739797e-06,2.2882969062680445e-08
1789477521,519478134,body,-0.5038046840198072,2.074292858479955e-07,-2.0382999752679354e-05,-3.1407988385412326e-10,-4.273387264156639e-06,1.9918214835546786e-08
1789477521,524868448,body,-0.5037847441368205,2.0687633058367398e-07,-2.0275120069992118e-05,-3.172571471295219e-10,-4.250989778486334e-06,1.700051412487052e-08
1789477521,530192250,body,-0.5037649087561505,2.0625883643649843e-07,-2.0167814178832225e-05,-3.2012745239327337e-10,-4.228709798814262e-06,1.4132404893889362e-08
1789477521,535458440,body,-0.5037451773303956,2.0557813408658109e-07,-2.0061078983384523e-05,-3.2270866320678427e-10,-4.2065466900914415e-06,1.1316076501043425e-08
1789477521,540742349,body,-0.50372554931457,2.0483576988479524e-07,-1.9954911395986562e-05,-3.2492316425374333e-10,-4.184499843916432e-06,8.55375605808594e-09
1789477521,546054758,body,-0.5037060241667431,2.0403309761892863e-07,-1.9849308357651424e-05,-3.26787707982695e-10,-4.162568630792168e-06,5.847683993755934e-09
1789477521,551594751,body,-0.5036866013477556,2.0317174001403634e-07,-1.9744266823122014e-05,-3.283956286518569e-10,-4.140752484503673e-06,3.1997343586874476e-09
1789477521,560787011,body,-0.5038411921282453,4.111287603321328e-08,-0.003330342483636777,-0.0005578247537739291,0.13150435243978342,-4.4264854946623244e-05
1789477521,566618003,body,-0.5022005379859451,3.7138868472649692e-06,-0.011613887564775072,0.000268148605064385,0.33013999910902414,-0.00010283612766214879
1789477521,572045256,body,-0.4942817044798713,9.501713018826596e-06,-0.02217961524202903,0.0005042578528639436,0.4318257646051828,-0.00013720698776222102
1789477521,577358947,body,-0.4765415651034502,5.845976475846132e-06,-0.03216456271843204,0.00017752840384986591,0.43821370531484855,-0.00015471259963048564
1789477521,582533364,body,-0.447964028594234,-4.344021263932036e-06,-0.039836237052618094,-0.00014831984537900855,0.39191495226767914,-0.00015682969517127364
1789477521,587596680,body,-0.4092874762796353,-1.2986340541858912e-05,-0.04454838929439271,-0.00023252038843138073,0.32740033230929944,-0.0001382683394191675
1789477521,592822799,body,-0.36200403087470434,-1.58617320426217e-05,-0.046294937945516194,-0.00014594122078377244,0.262308296425979,-0.0001043514524538846
1789477521,598044731,body,-0.30774871632870515,-1.3610235770177795e-05,-0.045350213842901874,-3.094812072729538e-05,0.20258927173511745,-6.807944075502998e-05
1789477521,603179491,body,-0.24804861873765133,-8.891362267102814e-06,-0.042091547765631884,3.491589807998669e-05,0.1488464722164287,-3.862657588376928e-05
1789477521,608474356,body,-0.18426672426181967,-3.934421062188221e-06,-0.03693743511454068,4.7305498575015666e-05,0.10021436228335336,-1.7379447329438916e-05
1789477521,613632735,body,-0.11761707754572248,2.489814858593114e-07,-0.030327875948096994,3.313514267851346e-05,0.05593162677294538,-1.3064568626933063e-06
1789477521,618968933,body,-0.049191272486481835,3.540492286907658e-06,-0.022710399744505224,1.6383202927608672e-05,0.015649299478236286,1.2719954126399575e-05
1789477521,624221012,body,0.020022869033655362,6.136460433787628e-06,-0.014523094614560694,6.994261000736338e-06,-0.020711840266958135,2.6073485890468752e-05
1789477521,629532973,body,0.08913154119125756,8.183258970054908e-06,-0.006176935806177052,4.575412099477041e-06,-0.05314920247538859,3.86920221452081e-05
1789477521,634739648,body,0.15733039691707348,9.68575320922131e-06,0.001959134179039205,5.354434602713598e-06,-0.08168696518018807,5.0038131260748254e-05
1789477521,639866133,body,0.22390194485737985,1.0563613289914198e-05,0.009568770701982147,6.4359997044443455e-06,-0.10640840563303931,5.972311106894287e-05
1789477521,645015176,body,0.28821325426782385,1.0730146038372136e-05,0.01639444741116741,6.7644581788268625e-06,-0.1274478827528543,6.76428533122547e-05
1789477521,650550398,body,0.34971349074710645,1.0136351896410399e-05,0.022240027034126066,6.4273841745575764e-06,-0.1449715100200923,7.386699341378801e-05
1789477521,657945252,body,0.40793132163673085,8.778671883902108e-06,0.026970443613611433,5.790934235444665e-06,-0.159160776533771,7.851181809850102e-05
1789477521,665416458,body,0.46247231713635545,6.689504395466209e-06,0.030509110543322067,5.067720713912143e-06,-0.17020277931035843,8.16825115373091e-05
1789477521,670744576,body,0.5130163881829121,3.926172743136016e-06,0.03283352877200814,4.273385482356322e-06,-0.17828591861503007,8.347017769786425e-05
1789477521,676034116,body,0.5593152016399182,5.640895981751832e-07,0.03396949185633522,3.335324355589863e-06,-0.18359884137196836,8.396589651320288e-05
1789477521,681185501,body,0.6011894566461153,-3.306675140562741e-06,0.03398425233876298,2.1882591408663236e-06,-0.18633089563674407,8.327002648033798e-05
1789477521,686328288,body,0.6385258965220548,-7.583841949949491e-06,0.032978999727172054,8.10162233121235e-07,-0.18667308779178118,8.149323333122919e-05
1789477521,691596737,body,0.6712739522810101,-1.2155844609274565e-05,0.0310809873046795,-7.822857223895168e-07,-0.184819042653097,7.875330869294964e-05
1789477521,696813193,body,0.6994419502495333,-1.6905440826111473e-05,0.02843562649696061,-2.5495027995656338e-06,-0.18096572310561365,7.517151497494951e-05
1789477521,701965065,body,0.723092856984713,-2.1713620220596073e-05,0.025198841797188537,-4.4406795747903465e-06,-0.17531377318149297,7.086980940008628e-05
1789477521,707176480,body,0.7423395739151111,-2.6463386235757648e-05,0.02152994588625093,-6.3991832831715006e-06,-0.16806739893252956,6.596883959912948e-05
1789477521,712422348,body,0.7573398290257708,-3.1043160187366126e-05,0.017585253637066315,-8.364815130873185e-06,-0.1594337416706308,6.0586322663034006e-05
1789477521,717697602,body,0.768290741636576,-3.534970446017196e-05,0.013512605893260263,-1.027570812081615e-05,-0.14962174099069195,5.4835611549584145e-05
1789477521,723057789,body,0.7754231576811641,-3.929052800913465e-05,0.009446920956580947,-1.2070806215452821e-05,-0.13884052829019727,4.882443981141553e-05
1789477521,728302244,body,0.7789958661503844,-4.278575517626199e-05,0.005506836186669754,-1.3692674279163136e-05,-0.12729742999581337,4.265388496387577e-05
1789477521,733522374,body,0.7792898124255933,-4.576944838077426e-05,0.0017924471525409946,-1.5090118517183605e-05,-0.11519568947693823,3.641756500933054e-05
1789477521,738818393,body,0.7766024216893712,-4.8190390266670784e-05,-0.0016158993598997997,-1.6220286751967176e-05,-0.10273203565246015,3.020105866678794e-05
1789477521,744056458,body,0.7712421366074428,-5.0012351827111784e-05,-0.00465784651888761,-1.705014759001343e-05,-0.09009423394703002,2.408152608867887e-05
1789477521,749374077,body,0.7635232596093161,-5.121389304236756e-05,-0.007292426038480236,-1.7557370036930698e-05,-0.07745875184183153,1.812749998506073e-05
1789477521,754991107,body,0.7537611730847423,-5.1787757456312005e-05,-0.009496762026664643,-1.7730656405207188e-05,-0.06498865789316523,1.2398830251942499e-05
1789477521,763905207,body,0.7422679924043845,-5.173993053017729e-05,-0.011264241376005147,-1.756958303343521e-05,-0.052831851626041586,6.9467558804144526e-06
1789477521,769550014,body,0.729348688360189,-5.108843557082828e-05,-0.01260231468748696,-1.708400122346996e-05,-0.04111969461921601,1.814092352160641e-06
1789477521,774762279,body,0.7152976986047731,-4.986193905135185e-05,-0.013530084873781741,-1.629306348546581e-05,-0.029966083261846316,-2.964488891896215e-06
1789477521,779927199,body,0.7003960327746176,-4.809823320793704e-05,-0.014075825982840002,-1.5223949328941992e-05,-0.019466974002840854,-7.362099360714189e-06
1789477521,785201507,body,0.6849088636350898,-4.584265743388853e-05,-0.014274554547917545,-1.3910376463852388e-05,-0.009700345058880896,-1.1359205864246842e-05
1789477521,790456954,body,0.669083586918108,-4.3146511603111536e-05,-0.01416575213116309,-1.2390986432308788e-05,-0.0007265565162064522,-1.4943151037505196e-05
1789477521,795810457,body,0.6531483254072294,-4.006550646724808e-05,-0.013791312785014692,-1.0707689516509282e-05,0.007410945204905344,-1.8107630285492805e-05
1789477521,801131728,body,0.6373108479357649,-3.6658286613083914e-05,-0.013193764717116994,-8.9040497850147e-06,0.014684642059821574,-2.0852139769157724e-05
1789477521,806360248,body,0.6217578709697421,-3.2985054911667515e-05,-0.012414792929340323,-7.023775144040771e-06,0.02108174520485544,-2.31814023458087e-05
1789477521,811699322,body,0.6066547088720852,-2.91063173912747e-05,-0.011494069995516394,-5.109367680062683e-06,0.026602847116903073,-2.5104787071356043e-05
1789477521,816983530,body,0.5921452384774589,-2.5081763353999338e-05,-0.010468386020691701,-3.2009710022861163e-06,0.03126048453988306,-2.663572298628177e-05
1789477521,822250986,body,0.5783521438664193,-2.0969286937907552e-05,-0.009371056396372951,-1.3354378642319105e-06,0.03507766365820303,-2.7791125802688157e-05
1789477521,827472967,body,0.5653774079941026,-1.6824153825208207e-05,-0.008231577153979739,4.543743189066239e-07,0.038086389587569235,-2.8590835446948156e-05
1789477521,832640504,body,0.5533030188895934,-1.2698310756239452e-05,-0.007075492234531783,2.1400845663095594e-06,0.04032623288091658,-2.905707809969752e-05
1789477521,837914245,body,0.5421918593808542,-8.639833248927325e-06,-0.005924434415542488,3.698060865965517e-06,0.041842957060422854,-2.9213955008261433e-05
1789477521,843167240,body,0.5320887506466618,-4.692503911361533e-06,-0.004796301474846307,5.10950599414498e-06,0.04268722370667392,-2.9086960040852072e-05
1789477521,848341547,body,0.52302162130246,-8.955119657085798e-07,-0.0037055309141678025,6.360383665046801e-06,0.04291338557230971,-2.8702534607841622e-05
1789477521,853621049,body,0.5150027751949167,2.716736633994566e-06,-0.002663439718440781,7.441213618156896e-06,0.0425783735511969,-2.8087655053847554e-05
1789477521,861726985,body,0.5080302326020179,6.1147103885243355e-06,-0.0016785997343517212,8.346764629157638e-06,0.04174067997924567,-2.726945987812725e-05
1789477521,868693532,body,0.5020891211313643,9.273755899264981e-06,-0.0007572239126801199,9.075673004286849e-06,0.04045943844908291,-2.6274912017268814e-05
1789477521,874088391,body,0.4971530942757832,1.2174026025373231e-05,9.645646642083292e-05,9.630012404817585e-06,0.0387935988357423,-2.513049715718326e-05
1789477521,879243479,body,0.4931857573356596,1.4800344089264352e-05,0.0008798386558654678,1.0014836386465355e-05,0.03680119531369824,-2.3861959828929543e-05
1789477521,884444108,body,0.4901420822342605,1.714201432669144e-05,0.0015916299326022064,1.0237713285747755e-05,0.03453870458960444,-2.2494072568257964e-05
1789477521,889642112,body,0.48796979463415197,1.91925887748812e-05,0.002231570166916643,1.0308268191633837e-05,0.03206049122098079,-2.1050437481334233e-05
1789477521,894985505,body,0.48661071868302724,2.0949599918506882e-05,0.0028001983741280843,1.023774480637121e-05,0.029418336626504154,-1.955332272956663e-05
1789477521,900331236,body,0.4860020666448225,2.241426626644313e-05,0.003298663211495758,1.0038595668370057e-05,0.02666104814956876,-1.802352499790372e-05
1789477521,905681354,body,0.48607766260569246,2.359117908388973e-05,0.0037285750661290606,9.724107316123023e-06,0.0238341442815469,-1.6480264657300532e-05
1789477521,911134349,body,0.486769091315862,2.4487976036645726e-05,0.004091895673608135,9.308064150460478e-06,0.020979611876427634,-1.494110573647801e-05
1789477521,916457477,body,0.48800676505707236,2.511500693423002e-05,0.004390860072193772,8.804452711782826e-06,0.018135730907603023,-1.342190211890199e-05
1789477521,921728131,body,0.4897209031524168,2.548499680738017e-05,0.004627925075400647,8.227206795312895e-06,0.015336962047198095,-1.1936768754382454e-05
1789477521,927044830,body,0.4918424203617658,2.5612709872771606e-05,0.00480573826464919,7.5899916520184195e-06,0.012613892110726888,-1.049807447286421e-05
1789477521,932249661,body,0.49430372191744937,2.551461821961827e-05,0.0049271216846703885,6.9060254007224186e-06,0.009993232224826286,-9.116454726255882e-06
1789477521,937515332,body,0.49703940432990973,2.52085775801124e-05,0.004995064886888259,6.187934857655612e-06,0.007497863456450264,-7.800844803686684e-06
1789477521,942683306,body,0.4999868623430701,2.471351361331578e-05,0.00501272263065242,5.44764178611153e-06,0.005146924594910897,-6.558530524686126e-06
1789477521,947918805,body,0.5030868035263669,2.4049120330053562e-05,0.004983413346289937,4.696276921000471e-06,0.002955936808658071,-5.395212093665386e-06
1789477521,953290467,body,0.5062836729735295,2.323557232730434e-05,0.004910615320887856,3.944117278066057e-06,0.0009369599969028075,-4.3150829830136815e-06
1789477521,958906494,body,0.5095259914231202,2.2293253844367684e-05,0.004797958432285154,3.200544135272688e-06,-0.0009012241820850935,-3.320919899896955e-06
1789477521,967489100,body,0.5127666108418422,2.124250444404713e-05,0.004649210081724073,2.474017851086077e-06,-0.0025529074111891917,-2.414181623124177e-06
1789477521,973089045,body,0.5159628921212844,2.010338397473265e-05,0.004468254726712464,1.7720670446059854e-06,-0.004015232496712542,-1.5951158758893324e-06
1789477521,978403658,body,0.519076810027749,1.889545733366387e-05,0.004259067066180214,1.1012899220740894e-06,-0.005287958106476876,-8.628721638553806e-07
1789477521,983650704,body,0.5220749909424015,1.7637600074763938e-05,0.004025679465262245,4.6736475111356335e-07,-0.006373214442347966,-2.156160246185205e-07
1789477521,989050483,body,0.5249286892148255,1.6347825590719515e-05,0.0037721446184905017,-1.249313207537414e-07,-0.0072752535207752655,3.4935172920078706e-07
1789477521,994421096,body,0.5276137081580997,1.5043134301237664e-05,0.003502494738764951,-6.716966915357222e-07,-0.00800019742983356,8.354778921521382e-07
1789477521,999875212,body,0.5301102718211502,1.3739385748401077e-05,0.0032206987297677707,-1.1698747893967004e-06,-0.008555787630603379,1.246840518098995e-06
1789477522,5241875,body,0.5324028537175372,1.245119228225648e-05,0.0029306188635056514,-1.6172179628477153e-06,-0.00895113807207552,1.5880343599725964e-06
1789477522,10515392,body,0.5344799686392098,1.1191835987209764e-05,0.0026359684549840186,-2.0122483881077004e-06,-0.009196494603583186,1.8640619365475889e-06
1789477522,15871421,body,0.5363339335855938,9.973207133057496e-06,0.0023402719194946884,-2.354214363770748e-06,-0.009303002883428635,2.0802287099925073e-06
1789477522,21174956,body,0.5379606036633334,8.805763701951467e-06,0.002046828431740447,-2.6430441806386464e-06,-0.009282486711776826,2.242044647486803e-06
1789477522,26431490,body,0.5393590885874803,7.698511680335853e-06,0.0017586801966426578,-2.8792966363858343e-06,-0.00914723844490779,2.3551316369166706e-06
1789477522,31853121,body,0.5405314551462193,6.659004777039849e-06,0.0014785861065423882,-3.064109488981028e-06,-0.008909822886554552,2.4251403930786383e-06
1789477522,37209309,body,0.5414824206708642,5.693361908251119e-06,0.0012090013128690292,-3.199145336500538e-06,-0.008582895793593653,2.4576731190601035e-06
1789477522,42580391,body,0.5422190422017711,4.806301391959119e-06,0.000952062996137674,-3.2865359383076423e-06,-0.008179037883872725,2.458214555065079e-06
1789477522,48021035,body,0.5427504056701803,4.001190708796299e-06,0.0007095823869337431,-3.328825075088165e-06,-0.007710604985993148,2.432072702089837e-06
1789477522,53445420,body,0.5430873190060835,3.280109073500518e-06,0.00048304288140118765,-3.3289104248249196e-06,-0.007189594736377179,2.384326213267808e-06
1789477522,58792602,body,0.5432420126759127,2.6439220984389597e-06,0.0002736039139972796,-3.2899851533551585e-06,-0.0066275299992981495,2.319779474570556e-06
1789477522,67744865,body,0.5432278507315627,2.092365963728372e-06,8.211010169965476e-05,-3.2154798187872055e-06,-0.0060353589721485095,2.242928594327131e-06
1789477522,73934580,body,0.5430590550257144,1.6241399134530064e-06,-9.08949399698673e-05,-3.109004240316742e-06,-0.0054233717340174785,2.1579309828532867e-06
1789477522,79516304,body,0.5427504448375698,1.2370048994883963e-06,-0.00024515078846796396,-2.9742920629541566e-06,-0.004801132813141129,2.068584791138124e-06
1789477522,84771672,body,0.542317193736664,9.278862685870005e-07,-0.0003806591388761972,-2.8151458935993706e-06,-0.0041774291779706225,1.9783149960258743e-06
1789477522,90087023,body,0.5417746051261856,6.929798359120239e-07,-0.0004976602034643652,-2.635385581347711e-06,-0.0035602329133193897,1.8901638478664854e-06
1789477522,95444952,body,0.5411379075260246,5.278584194906805e-07,-0.000596607317217142,-2.4387995587536325e-06,-0.0029566777128267204,1.8067897966663494e-06
1789477522,100684071,body,0.5404220703072758,4.2757833349827704e-07,-0.0006781404469253037,-2.2290996505215933e-06,-0.0023730482164340764,1.7304690533563612e-06
1789477522,106089995,body,0.5396416402539642,3.8678406169664504e-07,-0.0007430592502459456,-2.0098796103552833e-06,-0.0018147811387491035,1.6631044671130116e-06
1789477522,111466140,body,0.5388105990363972,3.998095183787858e-07,-0.0007922962661909978,-1.7845782489193184e-06,-0.001286477073216434,1.606235464042761e-06
1789477522,117158177,body,0.537942241392237,4.60775750699008e-07,-0.000826890744416433,-1.5564466976190124e-06,-0.0007919218171876584,1.5610543178199645e-06
1789477522,122780775,body,0.5370490735811685,5.636828683539483e-07,-0.0008479635417738906,-1.3285208851098002e-06,-0.00033411604392901984,1.5284247145205063e-06
1789477522,128080355,body,0.5361427314501278,7.024965237079231e-07,-0.0008566934341261498,-1.1035986253513358e-06,8.46878535016135e-05,1.508900921933891e-06
1789477522,133468903,body,0.5352339172717717,8.712274512399705e-07,-0.0008542951124540308,-8.842213072392121e-07,0.0004629429063589478,1.5027516922551093e-06
1789477522,138765390,body,0.5343323543498845,1.0640041897866568e-06,-0.0008419990576710505,-6.726609941968877e-07,0.0007997598299995186,1.509983300705674e-06
1789477522,144258438,body,0.5334467582688452,1.2751380920589295e-06,-0.000821033419898521,-4.70911268742123e-07,0.0010948554846385418,1.530366059708886e-06
1789477522,149711495,body,0.5325848235511038,1.4991807688937249e-06,-0.0007926079664050802,-2.806832734698668e-07,0.0013484985662842886,1.563459522338918e-06
1789477522,155215092,body,0.5317532244173653,1.7309735963661295e-06,-0.0007579001093620768,-1.0340568580529418e-07,0.0015614534939490047,1.6086373635463086e-06
1789477522,160758567,body,0.5309576282904692,1.9656896268943494e-06,-0.0007180429797319062,5.977176107234373e-08,0.0017349233885891337,1.6651149211076608e-06
1789477522,167579310,body,0.5302027206508275,2.198867428375401e-06,-0.0006741154773736059,2.0797085290361318e-07,0.0018704929623222899,1.731973704061988e-06
1789477522,176193080,body,0.5294922398466735,2.4264378529888685e-06,-0.0006271341990904515,3.405745317759741e-07,0.0019700720581998232,1.808187635168609e-06
1789477522,181840344,body,0.5288290204689032,2.6447433276788618e-06,-0.0005780471256639128,4.5721405021187574e-07,0.002035840498397231,1.8926440667364209e-06
1789477522,187173491,body,0.5282150439248374,2.850550348819018e-06,-0.0005277289348558394,5.577533309314074e-07,0.002070194817272837,1.984169481683463e-06
1789477522,192646029,body,0.5276514948896387,3.0410556522987062e-06,-0.000476977798833074,6.422718819008694e-07,0.002075697375013636,2.081548525350372e-06
1789477522,197988177,body,0.5271388223646502,3.2138864142170745e-06,-0.00042651352125649093,7.110460924714783e-07,0.002055028266891675,2.1835455466962405e-06
1789477522,203277342,body,0.5266768041341438,3.3670946894045705e-06,-0.00037697686963931255,7.645292612124579e-07,0.002010940367057397,2.2889222782911285e-06
1789477522,208814442,body,0.5262646134917501,3.499147525351412e-06,-0.0003289299621646164,8.033311712596444e-07,0.0019462177727575668,2.396454302196451e-06
1789477522,214067902,body,0.5259008871788692,3.608912076875302e-06,-0.00028285757400012073,8.281973873307947e-07,0.0018636378450302697,2.5049457415699326e-06
1789477522,219380605,body,0.5255837935708226,3.695637391865068e-06,-0.00023916923554488995,8.399878684666083e-07,0.0017659369759922849,2.613243735649944e-06
1789477522,224759629,body,0.5253111002316357,3.7589326016941597e-06,-0.00019820200321709377,8.396568463262529e-07,0.0016557801559875383,2.72024823719369e-06
1789477522,230169748,body,0.5250802400511084,3.7987426596906685e-06,-0.00016022379245917757,8.282321980170239e-07,0.001535734353966982,2.824923254225113e-06
1789477522,235677650,body,0.5248883752711851,3.815321529154592e-06,-0.00012543717123935332,8.067963271276827e-07,0.001408245680584856,2.9263043989201153e-06
1789477522,241167312,body,0.5247324588019938,3.809204269432932e-06,-9.398352095597333e-05,7.764677035494827e-07,0.001275620254411805,3.023504728539732e-06
1789477522,246918127,body,0.5246092923160766,3.781177589444165e-06,-6.594748012851809e-05,7.383833039279297e-07,0.0011400086551341258,3.115720475001613e-06
1789477522,252547627,body,0.524515580702538,3.7322495168534366e-06,-4.136159358481414e-05,6.936827772239362e-07,0.0010033938145382459,3.202234549645495e-06
1789477522,257888467,body,0.524447982544636,3.6636195158572013e-06,-2.021109732054048e-05,6.434935409328743e-07,0.0008675821653559343,3.282417876878912e-06
1789477522,263398812,body,0.5244031563686137,3.576647869886099e-06,-2.4387754036917956e-06,5.88917403669709e-07,0.000734197847064392,3.355731145702438e-06
1789477522,268696448,body,0.5243778024874141,3.472826353643178e-06,1.2050168323333372e-05,5.310190553490521e-07,0.0006046797477799388,3.4217236300730085e-06
1789477522,278032335,body,0.524368700333518,3.3537491067242972e-06,2.3383275867890742e-05,4.7081521527359517e-07,0.00048028114727293174,3.480032027634415e-06
1789477522,284003963,body,0.5243727412465922,3.221085168875875e-06,3.171608462549699e-05,4.092663103648168e-07,0.0003620717172557963,3.5303787899717684e-06
1789477522,289353085,body,0.5243869567332324,3.07655205776474e-06,3.722750295499799e-05,3.472686611611547e-07,0.00025094162813938656,3.5725676971393025e-06
1789477522,294821618,body,0.5244085422797482,2.9218908915000235e-06,4.0115349054186384e-05,2.856488984861226e-07,0.00014760750999395016,3.6064810781035077e-06
1789477522,300081726,body,0.5244348768437659,2.7588435402437055e-06,4.059208614993524e-05,2.2515921911884533e-07,5.262001645335047e-05,3.632075025250628e-06
1789477522,305283847,body,0.5244635381860803,2.589131553111352e-06,3.8880782711486364e-05,1.664744064057592e-07,-3.3627256233763755e-05,3.6493737105933774e-06
1789477522,310695860,body,0.524492314255453,2.4144369989046175e-06,3.521132204930358e-05,1.1018977561812396e-07,-0.00011088773485387065,3.658465497674649e-06
1789477522,316219138,body,0.52451921085175,2.236385487068555e-06,2.981688168987599e-05,5.68203419510007e-08,-0.00017905095142465842,3.6594959980678304e-06
1789477522,321541484,body,0.5245424558295999,2.056531249341985e-06,2.2930698669054366e-05,6.8013311125930105e-09,-0.00023813096234633502,3.652662982354539e-06
1789477522,326840917,body,0.5245605001193876,1.8763443637641896e-06,1.4783132874185878e-05,-3.951059240261576e-08,-0.0002882543120666175,3.638210214897957e-06
1789477522,332286239,body,0.5245720158530724,1.6972001010637736e-06,5.599036564840572e-06,-8.183529685518988e-08,-0.0003296477349822201,3.6164217070543154e-06
1789477522,337691353,body,0.5245758918975011,1.5203701674492571e-06,-4.404565616454109e-06,-1.1996588611315538e-07,-0.0003626257739140958,3.5876157584065186e-06
1789477522,343170456,body,0.5245712270949131,1.3470162054805565e-06,-1.5020485604002056e-05,-1.5376550993267337e-07,-0.0003875784781046555,3.5521393800294733e-06
1789477522,348491383,body,0.5245573215151287,1.178184895629633e-06,-2.6053072993139598e-05,-1.8316281824334358e-07,-0.0004049593263466122,3.5103626402236102e-06
1789477522,354033951,body,0.5245336660189066,1.0148051718842067e-06,-3.731961433445934e-05,-2.0814742523493573e-07,-0.00041527350546293444,3.4626736365300952e-06
1789477522,359220235,body,0.5244999304228325,8.576867087602777e-07,-4.8651440360006386e-05,-2.2876476777989505e-07,-0.0004190666563282789,3.409472589600934e-06
1789477522,364557222,body,0.5244559505474761,7.075204522498594e-07,-5.989475319428977e-05,-2.4511101376912505e-07,-0.00041691418419664773,3.3511684572413464e-06
1789477522,369784362,body,0.5244017144191636,5.648802007077688e-07,-7.091118822281356e-05,-2.573274268274131e-07,-0.00040941121339995687,3.2881735920198465e-06
1789477522,377157821,body,0.5243373478761286,4.302255394044922e-07,-8.157812748241454e-05,-2.6559471900796397e-07,-0.0003971632503294498,3.2209000938521378e-06
1789477522,385121672,body,0.5242630998198784,3.0390618017916334e-07,-9.178878300656351e-05,-2.7012755077934507e-07,-0.00038077760535588245,3.1497559301056376e-06
1789477522,390430050,body,0.5241793273267324,1.8616666140000828e-07,-0.00010145207012366987,-2.711688886432381e-07,-0.0003608556081195177,3.075142291851279e-06
1789477522,395659103,body,0.5240864808221694,7.71527468123882e-08,-0.00011049229159306008,-2.689846933038827e-07,-0.0003379856387217796,2.997449672676579e-06
1789477522,401162551,body,0.5239850894980025,-2.3082298191662354e-08,-0.00011884865401530702,-2.638584127808614e-07,-0.0003127369840853689,2.9170563035639287e-06
1789477522,406324423,body,0.5238757471297395,-1.1457037293731905e-07,-0.00012647463861261386,-2.5608617540056056e-07,-0.0002856545188899619,2.8343259019589586e-06
1789477522,411649582,body,0.523759098436685,-1.974210370042581e-07,-0.00013333724789042748,-2.4597194235285193e-07,-0.0002572541987321871,2.7496056240326967e-06
1789477522,416887984,body,0.5236358261023337,-2.71813574743509e-07,-0.0001394161498960531,-2.3382306298852533e-07,-0.0002280193445877772,2.6632245121809624e-06
1789477522,422215314,body,0.5235066385559318,-3.379889515145856e-07,-0.00014470274074732204,-2.1994606516160994e-07,-0.00019839769067825163,2.5754929861076265e-06
1789477522,427489443,body,0.5233722585955164,-3.96241870373722e-07,-0.00014919914555195217,-2.0464296414065172e-07,-0.00016879915942460554,2.486702413892616e-06
1789477522,432863576,body,0.5232334129143028,-4.4691258529582576e-07,-0.00015291717656091736,-1.8820798314873174e-07,-0.0001395943225264478,2.3971229899720382e-06
1789477522,438117272,body,0.5230908225778099,-4.903791704322454e-07,-0.00015587726633223316,-1.709243667287299e-07,-0.00011111350229217277,2.3070051745732757e-06
1789477522,443518553,body,0.5229451944776867,-5.270498306095762e-07,-0.000158107392190964,-1.5306198694114728e-07,-8.364646342469211e-05,2.2165797954906787e-06
1789477522,448920131,body,0.5227972137786793,-5.573555940861605e-07,-0.0001596420069149818,-1.3487493710175775e-07,-5.744264238712337e-05,2.1260568474012307e-06
1789477522,454318915,body,0.5226475373581205,-5.817433712671028e-07,-0.00016052098889395515,-1.1660004403406027e-07,-3.27118617718194e-05,2.035627673180555e-06
1789477522,459737527,body,0.5224967882240034,-6.006694679308803e-07,-0.00016078862366658976,-9.845483648897953e-08,-9.625472248575999e-06,1.9454643559629865e-06
1789477522,465150295,body,0.5223455508926951,-6.145934660335427e-07,-0.0001604926268695161,-8.063729926557507e-08,1.1682130248201265e-05,1.8557211680459757e-06
1789477522,470485527,body,0.5221943676865684,-6.239728454761121e-07,-0.0001596832173656316,-6.332425679680702e-08,3.1111669767381185e-05,1.7665356482680388e-06
1789477522,475804686,body,0.522043735916772,-6.292577406910761e-07,-0.00015841224759132507,-4.6671750578698973e-08,4.859688842023506e-05,1.6780285389367486e-06
1789477522,485359873,body,0.5218941058971804,-6.308866730214504e-07,-0.00015673239674674698,-3.081439329942266e-08,6.410223165090827e-05,1.5903063068424493e-06
1789477522,491435493,body,0.5217458797375637,-6.29282579005291e-07,-0.00015469643111291204,-1.5865797870308297e-08,7.762036835319664e-05,1.5034614165441478e-06
1789477522,496715419,body,0.521599410856809,-6.248494386683694e-07,-0.000152356534489166,-1.918858526035348e-09,8.916959368566468e-05,1.4175733496477896e-06
1789477522,501962010,body,0.5214550041532324,-6.179694470323596e-07,-0.00014976371034939017,1.0953363414216534e-08,9.87911572141778e-05,1.3327101628189726e-06
1789477522,507291762,body,0.5213129167663209,-6.090007124596897e-07,-0.00014696725646160252,2.2697161713155032e-08,0.00010654655888346625,1.2489300966947848e-06
1789477522,513079878,body,0.5211733593664207,-5.98275582413556e-07,-0.00014401431161146987,3.327680042292061e-08,0.00011251484744900795,1.1662815942634494e-06
1789477522,518421985,body,0.5210364979030274,-5.860991218712367e-07,-0.00014094947300219941,4.267378510817285e-08,0.00011678995732372048,1.0848055549656546e-06
1789477522,523743627,body,0.5209024557485873,-5.727486434916284e-07,-0.0001378144825332779,5.0885114407914284e-08,0.00011947811167616256,1.004535633037523e-06
1789477522,529047324,body,0.5207713161706391,-5.584729142630529e-07,-0.00013464797898418677,5.792236766121389e-08,0.00012069531968787651,9.254996235346735e-07
1789477522,534534899,body,0.5206431250735827,-5.434924575620431e-07,-0.00013148531298038643,6.381002761773608e-08,0.00012056498884324281,8.4772112180389e-07
1789477522,539901345,body,0.5205178939453844,-5.279996921238026e-07,-0.000128358420952227,6.858416088002616e-08,0.00011921567267764211,7.712182329532177e-07
1789477522,545185156,body,0.5203956029572971,-5.121597350338166e-07,-0.00012529575383380735,7.229087763688644e-08,0.00011677896809825732,6.960071153256772e-07
1789477522,550838716,body,0.5202762041599351,-4.961112358964479e-07,-0.00012232225629404278,7.498498049166218e-08,0.00011338757544140899,6.221013627835496e-07
1789477522,556294450,body,0.5201596247276125,-4.799677953566172e-07,-0.00011945939169262223,7.67283650582286e-08,0.00010917352907901758,5.495125228375928e-07
1789477522,561708960,body,0.5200457702067187,-4.6381907360888927e-07,-0.00011672520810528227,7.758880064484471e-08,0.0001042666053355125,4.782510764784387e-07
1789477522,566901477,body,0.5199345277242337,-4.4773258106674974e-07,-0.00011413444069535071,7.763849148998765e-08,9.879291034189292e-05,4.0832733591799877e-07
1789477522,572161160,body,0.5198257691231987,-4.3175545315790755e-07,-0.00011169864551124026,7.69526669233746e-08,9.287364843873401e-05,3.397507890954726e-07
1789477522,577573388,body,0.519719353990799,-4.159159776059259e-07,-0.00010942636016822905,7.560862390014078e-08,8.662406961154076e-05,2.7253216405588573e-07
1789477522,584927139,body,0.5196151325509198,-4.0022577949750053e-07,-0.00010732328673651333,7.368440273011568e-08,8.015259157304976e-05,2.0668172422240936e-07
1789477522,592381826,body,0.5195129484001136,-3.8468159301673656e-07,-0.000105392492455726,7.125788462025407e-08,7.356009143100224e-05,1.422114714892777e-07
1789477522,597816273,body,0.5194126410651635,-3.6926724503162327e-07,-0.00010363462411496829,6.840573567301022e-08,6.693935939518027e-05,7.913339250403924e-08
1789477522,603130552,body,0.5193140483686739,-3.5395560366030963e-07,-0.00010204813203411779,6.520270152712018e-08,6.0374705696309604e-05,1.7461202017320237e-08
1789477522,608332907,body,0.5192170085900376,-3.387103031596105e-07,-0.0001006295000464207,6.172070455007696e-08,5.39417116485833e-05,-4.2790380647622654e-08
1789477522,613746577,body,0.5191213624163465,-3.234878698512398e-07,-9.937347795727522e-05,5.802829302061684e-08,4.7707113530325666e-05,-1.0160555034436928e-07
1789477522,619315340,body,0.5190269546760999,-3.082391178414587e-07,-9.827331345602696e-05,5.4190179961023046e-08,4.172880862809017e-05,-1.5896745480470166e-07
1789477522,624793229,body,0.5189336358566348,-2.929110808158951e-07,-9.732098052187663e-05,5.026671612633696e-08,3.605597152254318e-05,-2.1485837655934323e-07
1789477522,630195177,body,0.5188412634062342,-2.7744841058851096e-07,-9.650740197201966e-05,4.631335713439249e-08,3.07292682937903e-05,-2.692597050461878e-07
1789477522,635626847,body,0.5187497028244316,-2.617949005047119e-07,-9.582266377665717e-05,4.2380881784743024e-08,2.578115785257787e-05,-3.2215187453102627e-07
1789477522,641007673,body,0.5186588285487491,-2.458946437720591e-07,-9.525621939459277e-05,3.851473367649688e-08,2.1236266536204794e-05,-3.7351504120252604e-07
1789477522,646385431,body,0.5185685246439445,-2.29693494457858e-07,-9.479708246151982e-05,3.47552650378575e-08,1.7111825481992856e-05,-4.233290144640823e-07
1789477522,652118865,body,0.5184786853058114,-2.1313979479406727e-07,-9.443400658490697e-05,3.1137412468788745e-08,1.3418159448506913e-05,-4.715734234446395e-07
1789477522,658090497,body,0.5183892151897945,-1.961855251018807e-07,-9.415565114689023e-05,2.7691110120310007e-08,1.0159215332768174e-05,-5.18228163497615e-07
1789477522,663407630,body,0.5183000295773202,-1.7878696844345406e-07,-9.395073253049533e-05,2.444107489577763e-08,7.333120051779599e-06,-5.632732352411339e-07
1789477522,668930111,body,0.5182110543934821,-1.609053922994061e-07,-9.380816008715087e-05,2.1407231168740585e-08,4.932758775541035e-06,-6.066890822686123e-07
1789477522,674126923,body,0.5181222260892253,-1.4250760539327268e-07,-9.371715674609462e-05,1.860463367575841e-08,2.9463633774409246e-06,-6.484572662328934e-07
1789477522,679355071,body,0.518033491403557,-1.235662855349908e-07,-9.36673641841215e-05,1.6043963515973974e-08,1.358103266078636e-06,-6.885603660421413e-07
1789477522,684874323,body,0.5179448070192462,-1.0406031251824418e-07,-9.364893263128087e-05,1.3731837623884396e-08,1.4867111451004132e-07,-7.269817604318519e-07
1789477522,693651840,body,0.5178561391268636,-8.397493731850812e-08,-9.365259577547917e-05,1.167070698916584e-08,-7.041441880728995e-07,-7.637067859905587e-07
1789477522,699456665,body,0.517767462911231,-6.330180586139822e-08,-9.366973115400854e-05,9.85987662545597e-09,-1.2249020251579206e-06,-7.98721822701669e-07
1789477522,704887431,body,0.5176787619742063,-4.203898198860559e-08,-9.369240671750275e-05,8.295041565766784e-09,-1.439978838946318e-06,-8.320153430646069e-07
1789477522,710214494,body,0.5175900277075887,-2.019078781899437e-08,-9.371341427372874e-05,6.9693972743619e-09,-1.3770638570724143e-06,-8.635777548270182e-07
1789477522,715573386,body,0.5175012586272664,2.2323821388201535e-09,-9.372629061689031e-05,5.873510775737649e-09,-1.0646873699391255e-06,-8.934013821545775e-07
1789477522,720825497,body,0.5174124596826365,2.5214229512304942e-08,-9.372532733984879e-05,4.995813160029881e-09,-5.317825090445367e-07,-9.214808244404957e-07
1789477522,726100329,body,0.5173236415506801,4.873301516931857e-08,-9.370557018287055e-05,4.322929816775862e-09,1.9271564456619141e-07,-9.478130164160506e-07
1789477522,731367642,body,0.5172348199259168,7.276182589413825e-08,-9.366280898437771e-05,3.840094811588927e-09,1.0802331620655365e-06,-9.723971939095678e-07
1789477522,736700166,body,0.5171460148150865,9.726901853591372e-08,-9.359355926472643e-05,3.53138069663852e-09,2.1028808757609524e-06,-9.95234895076618e-07
1789477522,742014699,body,0.5170572498453674,1.2221867399191978e-07,-9.349503642883906e-05,3.380127806392413e-09,3.2337391046815206e-06,-1.0163303502569713e-06
1789477522,747406662,body,0.516968551593203,1.4757105020113344e-07,-9.336512365018304e-05,3.3691403721871995e-09,4.447102551995438e-06,-1.0356901112589961e-06
1789477522,752758546,body,0.5168799489397741,1.7328293746198057e-07,-9.320233445915424e-05,3.4808378069052676e-09,5.7186868564692255e-06,-1.0533234078224678e-06
1789477522,758216462,body,0.5167914724601175,1.9930850241492623e-07,-9.300577094033461e-05,3.697827853114787e-09,7.025797829310124e-06,-1.069241823622932e-06
1789477522,763552090,body,0.516703153848269,2.2559930012769129e-07,-9.277507859276888e-05,4.002784421549675e-09,8.347464380057762e-06,-1.0834594250526454e-06
1789477522,768926255,body,0.5166150253840825,2.5210520022361554e-07,-9.251039862386006e-05,4.378980335977294e-09,9.664537313113618e-06,-1.0959927447339681e-06
1789477522,774299505,body,0.5165271194436037,2.787744643073456e-07,-9.221231861745314e-05,4.810167166746423e-09,1.0959755589177343e-05,-1.1068606038681512e-06
1789477522,779552268,body,0.5164394680542813,3.0555462250335554e-07,-9.188182230839868e-05,5.280950055921782e-09,1.2217783159123964e-05,-1.1160841156790526e-06
1789477522,784854773,body,0.5163521024981041,3.3239259721708853e-07,-9.152023914980948e-05,5.776727119292978e-09,1.3425217600424168e-05,-1.1236871261621846e-06
1789477522,793172651,body,0.516265052961492,3.5923526538656313e-07,-9.112919440403732e-05,6.28390020654902e-09,1.4570573901229527e-05,-1.1296946331860153e-06
1789477522,799738807,body,0.5161783482324721,3.8602973637976666e-07,-9.071056027490486e-05,6.790140235339629e-09,1.564424595117456e-05,-1.1341345118470548e-06
1789477522,805079152,body,0.5160920154443971,4.127239426286378e-07,-9.026640861335324e-05,7.284151471944483e-09,1.6638447616287977e-05,-1.1370362209909961e-06
1789477522,810289162,body,0.5160060798651016,4.392667123200953e-07,-8.979896563271232e-05,7.755644107069096e-09,1.7547137161679004e-05,-1.1384310474456656e-06
1789477522,815617341,body,0.5159205647295774,4.6560830694650023e-07,-8.931056903516432e-05,8.195866414717662e-09,1.8365926757244993e-05,-1.1383522304933197e-06
1789477522,820831823,body,0.5158354911142877,4.917005176940177e-07,-8.880362783197706e-05,8.597017999386507e-09,1.9091979672141408e-05,-1.1368343932666496e-06
1789477522,826237397,body,0.5157508778506664,5.174969501296025e-07,-8.828058510015657e-05,8.95269540735388e-09,1.9723898402035732e-05,-1.133913617232591e-06
1789477522,831450504,body,0.5156667414750661,5.429533202993568e-07,-8.774388388442351e-05,9.257660618142276e-09,2.0261604761707717e-05,-1.129627200083329e-06
1789477522,836726186,body,0.5155830962123515,5.680275200099734e-07,-8.719593638566627e-05,9.507607207160268e-09,2.0706215074865626e-05,-1.1240140075957202e-06
1789477522,842217251,body,0.5154999539907545,5.926797599096543e-07,-8.663909642729281e-05,9.699566334518533e-09,2.1059912476309582e-05,-1.1171137043288733e-06
1789477522,847667629,body,0.5154173244831248,6.168727471710461e-07,-8.607563535312602e-05,9.831650819082433e-09,2.132581802612725e-05,-1.1089670632868906e-06
1789477522,853119216,body,0.515335215173832,6.405717695911781e-07,-8.550772120726033e-05,9.902708358163836e-09,2.150786174731185e-05,-1.0996157815108185e-06
1789477522,858509083,body,0.5152536314462705,6.637446485729913e-07,-8.493740126533611e-05,9.912605433310521e-09,2.161065660988418e-05,-1.0891022170044194e-06
1789477522,863941346,body,0.5151725766885551,6.863618838149648e-07,-8.436658768513318e-05,9.862155973033767e-09,2.163937547155366e-05,-1.0774692443632775e-06
1789477522,869368208,body,0.5150920524143856,7.083965569202554e-07,-8.379704627465346e-05,9.752730306671762e-09,2.159963281677643e-05,-1.0647602035846619e-06
1789477522,874567222,body,0.5150120583961316,7.298244169255092e-07,-8.323038815222384e-05,9.586499170053702e-09,2.149737223118275e-05,-1.051019064419292e-06
1789477522,879774573,body,0.5149325928068347,7.506236991403055e-07,-8.266806415771667e-05,9.366131662789935e-09,2.1338760650644276e-05,-1.0362900698946049e-06
1789477522,885161992,body,0.5148536523696707,7.707752826160537e-07,-8.211136179403306e-05,9.094868495394532e-09,2.1130089498106743e-05,-1.0206174321120266e-06
1789477522,891100478,body,0.5147752325103955,7.90262354066729e-07,-8.156140451145558e-05,8.776270905162106e-09,2.0877684078310698e-05,-1.0040458228866555e-06
1789477522,899737712,body,0.5146973275124557,8.090705838254045e-07,-8.101915313870425e-05,8.414300772540939e-09,2.0587820922780557e-05,-9.866195599566665e-07
1789477522,905120918,body,0.514619930671672,8.271877941789274e-07,-8.048540920055e-05,8.013227231242766e-09,2.026665375683496e-05,-9.683832408831035e-07
1789477522,910304967,body,0.5145430344485423,8.44604056413524e-07,-7.996081992313057e-05,7.577411559323045e-09,1.9920148058595273e-05,-9.493807970755914e-07
1789477522,915671020,body,0.5144666306166369,8.613113911869793e-07,-7.94458847078392e-05,7.111355834353927e-09,1.9554023979083574e-05,-9.29656642873473e-07
1789477522,920947944,body,0.514390710405593,8.773039044905537e-07,-7.894096279600593e-05,6.619592247938889e-09,1.917370810415568e-05,-9.092546518844848e-07
1789477522,926164808,body,0.5143152646377854,8.925773228182937e-07,-7.844628203806304e-05,6.106747660198872e-09,1.8784293536423587e-05,-8.882179316163885e-07
1789477522,931402275,body,0.5142402838565424,9.071291641277155e-07,-7.796194840177211e-05,5.577337014824378e-09,1.8390507412353367e-05,-8.665897127111871e-07
1789477522,936730552,body,0.5141657584464733,9.209585189539065e-07,-7.74879561421719e-05,5.035665919975874e-09,1.799668659392234e-05,-8.444126927766237e-07
1789477522,942028238,body,0.5140916787441339,9.340658672868281e-07,-7.702419837130956e-05,4.486043940477019e-09,1.760676067889451e-05,-8.217290430931669e-07
1789477522,947278414,body,0.5140180351387433,9.464530179773286e-07,-7.657047792811192e-05,3.932560557234442e-09,1.722424130270061e-05,-7.985799900067833e-07
1789477522,952697185,body,0.5139448181630972,9.58122968213408e-07,-7.6126518309081e-05,3.3789229689958622e-09,1.6852217733062605e-05,-7.750068496202141e-07
1789477522,957986275,body,0.5138720185735713,9.690798538557966e-07,-7.569197455089348e-05,2.8288162183131515e-09,1.6493358780717524e-05,-7.510497233627212e-07
1789477522,963279598,body,0.5137996274210328,9.79328693232575e-07,-7.526644395556984e-05,2.2854900897201937e-09,1.6149918991094595e-05,-7.267484449196035e-07
1789477522,968586646,body,0.5137276361099914,9.88875465060575e-07,-7.484947650475181e-05,1.7520501980609675e-09,1.5823750035234486e-05,-7.02142101793848e-07
1789477522,973885071,body,0.5136560364484062,9.977268939300642e-07,-7.444058485321142e-05,1.2312471326835353e-09,1.5516315723317226e-05,-6.772690596878992e-07
1789477522,979131627,body,0.5135848206883631,1.0058904222944123e-06,-7.403925387472677e-05,7.254810540140826e-10,1.5228710684169394e-05,-6.52166615009573e-07
1789477522,984301356,body,0.5135139815564497,1.013373992076152e-06,-7.364494960902428e-05,2.369214729945524e-10,1.4961681758158514e-05,-6.26871880861224e-07
1789477522,989473829,body,0.5134435122763485,1.0201862299214271e-06,-7.32571276152899e-05,-2.3266569537229625e-10,1.4715651553886709e-05,-6.014209032700799e-07
1789477522,997869094,body,0.5133734065823367,1.026336067863371e-06,-7.287524065956343e-05,-6.817093997603713e-10,1.4490744339727909e-05,-5.758488100091651e-07
1789477523,4070680,body,0.5133036587255735,1.0318329627684183e-06,-7.2498745667199e-05,-1.1088290842870559e-09,1.4286812754660718e-05,-5.501903002122508e-07
1789477523,9287857,body,0.5132342634739213,1.0366866473489254e-06,-7.212711001912025e-05,-1.513132078262057e-09,1.4103465379560928e-05,-5.244790414653051e-07
1789477523,14469035,body,0.513165216104485,1.0409071298823307e-06,-7.175981706721204e-05,-1.893918267353632e-09,1.3940094952399317e-05,-4.987476698760873e-07
1789477523,19686578,body,0.5130965123913895,1.044504724727112e-06,-7.139637094852193e-05,-2.2507135063951383e-09,1.3795906637864474e-05,-4.730282974448653e-07
1789477523,25104980,body,0.5130281485880871,1.0474898651203567e-06,-7.103630067539002e-05,-2.5832917204794714e-09,1.3669945742954168e-05,-4.473519880405273e-07
1789477523,30343732,body,0.5129601214056495,1.0498733004438775e-06,-7.067916349008652e-05,-2.8915795333493153e-09,1.3561124788665972e-05,-4.2174920262571504e-07
1789477523,35668174,body,0.5128924279880769,1.0516658010400174e-06,-7.032454762758609e-05,-3.1758182763740634e-09,1.3468249948841855e-05,-3.962492985180892e-07
1789477523,41004978,body,0.5128250658833784,1.0528783692472355e-06,-6.997207433888468e-05,-3.4362643255892785e-09,1.3390046076821687e-05,-3.708808736269517e-07
1789477523,46360428,body,0.5127580330134807,1.0535220996450473e-06,-6.962139933997797e-05,-3.673497737547021e-09,1.332518035540199e-05,-3.456715943097333e-07
1789477523,51852842,body,0.5126913276423594,1.0536081307199024e-06,-6.927221372486895e-05,-3.8881824943005304e-09,1.3272284469120117e-05,-3.206482964563502e-07
1789477523,57055937,body,0.5126249483427519,1.0531478189578422e-06,-6.892424429084055e-05,-4.081097626640532e-09,1.3229975179991061e-05,-2.958369999198851e-07
1789477523,62507774,body,0.5125588939620136,1.0521524485122798e-06,-6.857725342680822e-05,-4.253035018524897e-09,1.3196873199110524e-05,-2.7126246112093136e-07
1789477523,67832014,body,0.5124931635886185,1.0506336159222349e-06,-6.823103854040756e-05,-4.404917335504398e-09,1.3171619740046902e-05,-2.46949213306003e-07
1789477523,73311670,body,0.5124277565184775,1.0486028203642437e-06,-6.788543112405561e-05,-4.537866652329218e-09,1.3152891770001074e-05,-2.2292037082655874e-07
1789477523,78624763,body,0.5123626722221845,1.046071683100174e-06,-6.754029548792256e-05,-4.652869327695769e-09,1.31394154090759e-05,-1.9919826647688288e-07
1789477523,83967637,body,0.5122979103127917,1.0430519957698471e-06,-6.719552713825425e-05,-4.750993619726446e-09,1.3129976626163547e-05,-1.758043570832854e-07
1789477523,89335399,body,0.5122334705160763,1.0395555232264681e-06,-6.685105103399191e-05,-4.8334652355924655e-09,1.3123431267599186e-05,-1.5275934894629863e-07
1789477523,95483296,body,0.5121693526409438,1.035594309277053e-06,-6.650681953093082e-05,-4.901265363048036e-09,1.3118712472331885e-05,-1.3008271941526659e-07
1789477523,104209560,body,0.5121055565528206,1.0311802717132562e-06,-6.616281024964094e-05,-4.9554861004272675e-09,1.3114836686006558e-05,-1.0779340293673145e-07
1789477523,110125411,body,0.5120420821488559,1.0263256143086552e-06,-6.581902378951092e-05,-4.997332561023309e-09,1.3110908021916908e-05,-8.590909050440075e-08
1789477523,115810495,body,0.5119789293341188,1.0210425481091877e-06,-6.547548141315391e-05,-5.027714479259453e-09,1.3106121149814754e-05,-6.444700356422617e-08
1789477523,121481720,body,0.5119160980018455,1.0153434880965974e-06,-6.51322226551277e-05,-5.0477634230251495e-09,1.3099762790259416e-05,-4.342303349120279e-08
1789477523,127268601,body,0.5118535880141485,1.0092408509337231e-06,-6.47893029540676e-05,-5.058406619307218e-09,1.3091211834521191e-05,-2.2852464426782805e-08
1789477523,133016504,body,0.5117913991864558,1.0027472296910892e-06,-6.444679130000531e-05,-5.060548936004878e-09,1.3079938152218464e-05,-2.7494325644402227e-09
1789477523,139050305,body,0.5117295312728039,9.958753731910673e-07,-6.410476796150806e-05,-5.0551107680371226e-09,1.3065500764980615e-05,1.6872379968517293e-08
1789477523,145069926,body,0.5116679839544683,9.886380383266156e-07,-6.376332223798503e-05,-5.042781355070409e-09,1.3047544954326758e-05,3.600089192553657e-08
1789477523,151121978,body,0.5116067568304079,9.810482289060026e-07,-6.34225503802557e-05,-5.024458726385912e-09,1.3025798017282907e-05,5.462405538997357e-08
1789477523,157211599,body,0.5115458494093065,9.7311891419417e-07,-6.308255357855594e-05,-5.000834179232611e-09,1.3000065311768281e-05,7.273144664729606e-08
1789477523,163237495,body,0.5114852611042086,9.6486325022326e-07,-6.27434360772297e-05,-4.972368085887167e-09,1.2970225114038819e-05,9.031301496096808e-08
1789477523,169142047,body,0.5114249912287185,9.56294509172257e-07,-6.240530347423264e-05,-4.939860423401512e-09,1.2936222842195203e-05,1.073597321600443e-07
1789477523,175184578,body,0.5113650389948692,9.474260044285863e-07,-6.206826111977607e-05,-4.903666985546962e-09,1.2898065845913807e-05,1.2386341485946048e-07
1789477523,181414766,body,0.5113054035125526,9.382711592522056e-07,-6.173241270649178e-05,-4.864176720609105e-09,1.285581726913277e-05,1.3981701431808055e-07
1789477523,187437368,body,0.5112460837905166,9.288434558039795e-07,-6.139785899463655e-05,-4.821962875094294e-09,1.280958933651683e-05,1.552137382806895e-07
1789477523,193470749,body,0.5111870787389567,9.191564273697404e-07,-6.106469670515002e-05,-4.777247662874227e-09,1.2759538129889088e-05,1.700481411207635e-07
1789477523,199238158,body,0.511128387172111,9.092236872993652e-07,-6.0733017559956916e-05,-4.73034648174571e-09,1.270585681250541e-05,1.8431538340376282e-07
1789477523,205196697,body,0.5110700078132685,8.990588503284294e-07,-6.040290751132351e-05,-4.681499145416099e-09,1.2648769829276106e-05,1.980112729360267e-07
1789477523,214999750,body,0.511011939299424,8.886756168254131e-07,-6.007444606291132e-05,-4.630938608893966e-09,1.258852724905665e-05,2.1113284098392447e-07
1789477523,221755994,body,0.5109541801878863,8.780876018366309e-07,-5.974770579088588e-05,-4.578757875922249e-09,1.252539886936185e-05,2.236775551031717e-07
1789477523,227927993,body,0.5108967289615355,8.673084786926862e-07,-5.9422751951770566e-05,-4.5251786312121606e-09,1.2459669172632913e-05,2.3564352235830317e-07
1789477523,234001699,body,0.5108395840369231,8.563518924784854e-07,-5.909964226063534e-05,-4.470171423177239e-09,1.2391632241406209e-05,2.470301542801485e-07
1789477523,240163148,body,0.5107827437703131,8.452314366117674e-07,-5.8778426766700794e-05,-4.413928803978995e-09,1.2321587067622527e-05,2.57837087813005e-07
1789477523,246244703,body,0.5107262064656382,8.33960603050863e-07,-5.845914783585148e-05,-4.35635006317822e-09,1.2249833548060798e-05,2.680648702330229e-07
1789477523,252675447,body,0.5106699703816063,8.225529443101989e-07,-5.8141840217177e-05,-4.297560860446661e-09,1.2176668316547851e-05,2.777146650301168e-07
1789477523,258920600,body,0.5106140337390542,8.110217940978578e-07,-5.7826531266402044e-05,-4.2375690134078255e-09,1.2102381550966591e-05,2.8678849387744257e-07
1789477523,265090427,body,0.510558394727947,7.993804219720749e-07,-5.7513241129958594e-05,-4.176388893084293e-09,1.2027253721411223e-05,2.9528893578301917e-07
1789477523,271212049,body,0.510503051514837,7.876419779429828e-07,-5.7201983112115455e-05,-4.113845986084193e-09,1.1951553282030003e-05,3.0321935354245845e-07
1789477523,277416234,body,0.5104480022490477,7.758195117820877e-07,-5.689276403486494e-05,-4.050154293366506e-09,1.187553397984754e-05,3.1058340311870497e-07
1789477523,283491293,body,0.5103932450694223,7.639258158017983e-07,-5.6585584640608516e-05,-3.9850835543950736e-09,1.1799433602432718e-05,3.1738568631246313e-07
1789477523,289594197,body,0.5103387781101864,7.519736614637112e-07,-5.628044007499847e-05,-3.918723160262738e-09,1.1723471950631285e-05,3.2363128459768465e-07
1789477523,295692979,body,0.5102845995065601,7.399755185817528e-07,-5.597732033948074e-05,-3.851042492881054e-09,1.1647850270132262e-05,3.2932584786544974e-07
1789477523,301896467,body,0.5102307073999823,7.279436774409355e-07,-5.567621083422448e-05,-3.781993088425372e-09,1.1572750042430408e-05,3.344754678759873e-07
1789477523,307851563,body,0.5101770999425852,7.158902794293595e-07,-5.537709283507183e-05,-3.711586281714008e-09,1.149833285494043e-05,3.3908713124246013e-07
1789477523,314055545,body,0.5101237753015293,7.038271220420257e-07,-5.5079944025067616e-05,-3.639775673823227e-09,1.1424740161179504e-05,3.431678156900345e-07
1789477523,320093542,body,0.5100707316627697,6.917659111432904e-07,-5.4784739010397035e-05,-3.5666435023225303e-09,1.1352093352930997e-05,3.467254104611639e-07
1789477523,327438976,body,0.5100179672339686,6.797180226347737e-07,-5.4491449822596527e-05,-3.492129850730619e-09,1.1280494280950829e-05,3.4976810231803936e-07
1789477523,336678685,body,0.5099654802476216,6.676944915131619e-07,-5.4200046391359696e-05,-3.4162346898454003e-09,1.1210025699042167e-05,3.5230451435325373e-07
1789477523,343110835,body,0.5099132689628343,6.557062877242418e-07,-5.3910497036617956e-05,-3.3390401018738095e-09,1.1140751970165398e-05,3.5434360496273916e-07
1789477523,349096891,body,0.5098613316674537,6.437638803956286e-07,-5.362276890283095e-05,-3.2605969792155845e-09,1.1072720103388438e-05,3.558950586258335e-07
1789477523,355487596,body,0.5098096666792055,6.318776268470805e-07,-5.333682836611493e-05,-3.1809539969582884e-09,1.100596080414571e-05,3.5696863753948564e-07
1789477523,361870153,body,0.5097582723468302,6.200574249449506e-07,-5.305264143784564e-05,-3.100084289254346e-09,1.094048964776292e-05,3.57574509122402e-07
1789477523,368085648,body,0.5097071470503676,6.083130397682536e-07,-5.277017411556896e-05,-3.0181674448626605e-09,1.0876308088631184e-05,3.577232738147431e-07
1789477523,374222832,body,0.5096562892015833,5.966537608924995e-07,-5.248939269547413e-05,-2.9352498166619873e-09,1.0813405047837005e-05,3.57425744089991e-07
1789477523,380467405,body,0.5096056972437553,5.850887051303542e-07,-5.221026409356251e-05,-2.8514065989007435e-09,1.0751758043365655e-05,3.566930588332526e-07
1789477523,386446835,body,0.5095553696511409,5.736265668216303e-07,-5.1932756043842966e-05,-2.766706292010345e-09,1.06913346100776e-05,3.555367532795257e-07
1789477523,392441428,body,0.5095053049283377,5.622758046625069e-07,-5.165683738642718e-05,-2.6813950634156883e-09,1.063209355869985e-05,3.539683582512308e-07
1789477523,398367420,body,0.5094555016096434,5.51044404754155e-07,-5.138247818868441e-05,-2.59531268087465e-09,1.0573986643382968e-05,3.519999973684062e-07
1789477523,404660290,body,0.5094059582574577,5.399401885243807e-07,-5.110964994955727e-05,-2.5088718553558634e-09,1.0516959212288748e-05,3.4964356896394427e-07
1789477523,411023821,body,0.5093566734612873,5.2897058983415e-07,-5.083832568722731e-05,-2.4220012166299547e-09,1.0460951997274892e-05,3.469113609857092e-07
1789477523,417190112,body,0.509307645836538,5.181426500897392e-07,-5.0568480053463846e-05,-2.334904683800099e-09,1.0405902068681086e-05,3.4381620987369366e-07
1789477523,423317711,body,0.5092588740224893,5.07463133754522e-07,-5.03000893865782e-05,-2.24771082135882e-09,1.0351744021049609e-05,3.403702603875368e-07
1789477523,429347230,body,0.5092103566813712,4.969384955731201e-07,-5.0033131730673455e-05,-2.1604459496950845e-09,1.0298411038941013e-05,3.3658660318159045e-07
1789477523,435294347,body,0.5091620924959125,4.865748036533052e-07,-4.9767586885175826e-05,-2.073462900885893e-09,1.0245835533088092e-05,3.3247786932608134e-07
1789477523,441450079,body,0.5091140801686664,4.7637779615513475e-07,-4.9503436366400686e-05,-1.986703678299329e-09,1.0193950597014497e-05,3.2805726159479273e-07
1789477523,451509865,body,0.5090663184195938,4.6635293668904516e-07,-4.924066338121745e-05,-1.9003413118944466e-09,1.0142690311229864e-05,3.2333755869000613e-07
1789477523,458546158,body,0.5090188059846067,4.565052863802389e-07,-4.8979252779045166e-05,-1.8144733016112025e-09,1.0091990686919326e-05,3.1833203668221213e-07
1789477523,464707765,body,0.508971541614326,4.468396436424279e-07,-4.8719191005144487e-05,-1.7293104639925257e-09,1.0041790141128014e-05,3.1305372185749165e-07
1789477523,470890275,body,0.5089245240720905,4.3736048298040675e-07,-4.846046598621841e-05,-1.6449770594014434e-09,9.992030061848688e-06,3.0751560940226515e-07
1789477523,477020079,body,0.5088777521328209,4.28071934679374e-07,-4.8203067082605244e-05,-1.5615085014293423e-09,9.942655425325828e-06,3.017311507910701e-07
1789477523,483009032,body,0.5088312245813145,4.189777920661991e-07,-4.7946984976891334e-05,-1.4790557922754305e-09,9.893614677239379e-06,2.9571317023825073e-07
1789477523,489081199,body,0.5087849402113207,4.10081570819237e-07,-4.7692211550315646e-05,-1.3977454775499667e-09,9.844860479905343e-06,2.894749604678267e-07
1789477523,495117120,body,0.5087388978240501,4.013864754961835e-07,-4.743873980966925e-05,-1.3176864334054788e-09,9.796349735576266e-06,2.8302939120541716e-07
1789477523,501146858,body,0.5086930962270722,3.9289539991642095e-07,-4.718656374815948e-05,-1.238925349010344e-09,9.748043655284888e-06,2.7638967300550337e-07
1789477523,507118229,body,0.5086475342335341,3.8461094869423794e-07,-4.693567825130905e-05,-1.1616200371299367e-09,9.699907825446571e-06,2.6956852571870777e-07
1789477523,513192844,body,0.508602210661131,3.7653545543600077e-07,-4.668607896105223e-05,-1.0857684230113618e-09,9.651912194548712e-06,2.625790077905059e-07
1789477523,519265587,body,0.5085571243310382,3.686708815005815e-07,-4.6437762203329e-05,-1.0115905839433723e-09,9.604031110889735e-06,2.554336248052898e-07
1789477523,525505525,body,0.5085122740680208,3.610189990873908e-07,-4.6190724831157514e-05,-9.390401540201335e-10,9.556243160489648e-06,2.48145023308106e-07
1789477523,531550723,body,0.5084676586988325,3.535812286215932e-07,-4.594496417002658e-05,-8.681929531889724e-10,9.508530981682462e-06,2.407256144928953e-07
1789477523,537686011,body,0.5084232770526784,3.463587797145965e-07,-4.5700477877521754e-05,-7.99220301912809e-10,9.460881067497354e-06,2.331878606360902e-07
1789477523,543727109,body,0.5083791279602201,3.393525701422038e-07,-4.545726388127557e-05,-7.320715443673361e-10,9.413283651303456e-06,2.2554392311278208e-07
1789477523,549863741,body,0.5083352102535407,3.325632667068364e-07,-4.5215320257197755e-05,-6.667982193125107e-10,9.365732353761937e-06,2.1780575903036455e-07
1789477523,556060633,body,0.5082915227660373,3.2599117986669836e-07,-4.497464519206315e-05,-6.034763218811586e-10,9.31822392303115e-06,2.0998528331045955e-07
1789477523,563953691,body,0.5082480643318891,3.196365658575552e-07,-4.473523687419265e-05,-5.420775579318948e-10,9.270758093769311e-06,2.020940611399723e-07
1789477523,572163300,body,0.5082048337867665,3.134993090813812e-07,-4.4497093437482657e-05,-4.827246583531258e-10,9.223337066440517e-06,1.9414357889965016e-07
1789477523,578339195,body,0.5081618299669807,3.07579022669051e-07,-4.426021291480267e-05,-4.2538051983485616e-10,9.175965483998664e-06,1.861452152569686e-07
1789477523,584391769,body,0.5081190517103694,3.018752093819615e-07,-4.402459316736855e-05,-3.7009248961353655e-10,9.128649898982298e-06,1.7810996364286738e-07
1789477523,590469656,body,0.5080764978556946,2.9638702962115615e-07,-4.3790231863204186e-05,-3.1681471780179983e-10,9.081398672482115e-06,1.700485143849113e-07
1789477523,596828343,body,0.5080341672435302,2.911134610171448e-07,-4.3557126417593526e-05,-2.65599073632602e-10,9.034221553368962e-06,1.6197157336633881e-07
1789477523,602954034,body,0.5079920587159421,2.8605337388229345e-07,-4.3325273974892153e-05,-2.164331213214608e-10,8.987129445143375e-06,1.5388932798769016e-07
1789477523,609199176,body,0.5079501711171988,2.8120529407189175e-07,-4.3094671388100386e-05,-1.6932883839206457e-10,8.940134148369919e-06,1.4581221434248715e-07
1789477523,615272511,body,0.5079085032934875,2.7656754076924395e-07,-4.286531520593702e-05,-1.2426502734973724e-10,8.893248149725709e-06,1.3774979366416718e-07
1789477523,621599782,body,0.5078670540937308,2.7213837133914047e-07,-4.263720163892891e-05,-8.12293601668472e-11,8.846484315587687e-06,1.29711872546576e-07
1789477523,627622031,body,0.5078258223697648,2.67915745164334e-07,-4.241032658942399e-05,-4.015185782577684e-11,8.799855820974435e-06,1.2170776796791982e-07
1789477523,633724067,body,0.5077848069764449,2.6389748303959906e-07,-4.2184685622109184e-05,-1.157999621193391e-12,8.753375606647209e-06,1.1374646941532429e-07
1789477523,639969716,body,0.5077440067722866,2.6008124116967376e-07,-4.1960273988854043e-05,3.588202290327005e-11,8.707056602262462e-06,1.0583659441910016e-07
1789477523,646009853,body,0.5077034206193575,2.564644941362792e-07,-4.173708661755759e-05,7.101588530587776e-11,8.660911479910125e-06,9.798708470517558e-08
1789477523,652253132,body,0.5076630473841308,2.530445230384502e-07,-4.151511814639733e-05,1.0425116359116613e-10,8.614952355453658e-06,9.020595274795253e-08
1789477523,658446408,body,0.5076228859374139,2.4981855028237154e-07,-4.1294362919140386e-05,1.3548216847302966e-10,8.569190482114074e-06,8.250115219408275e-08
1789477523,664580998,body,0.5075829351545973,2.4678349614318104e-07,-4.1074815024726575e-05,1.6495400131835306e-10,8.523636868866147e-06,7.488043236613166e-08
1789477523,670692718,body,0.5075431939162585,2.4393633530569095e-07,-4.085646829173059e-05,1.925764132448949e-10,8.478301434441629e-06,6.735114516825404e-08
1789477523,677367402,body,0.5075036611081616,2.4127378560296316e-07,-4.063931632773992e-05,2.183945487746949e-10,8.433193334851665e-06,5.992031053148245e-08
1789477523,686972005,body,0.5074643356213295,2.387923815202301e-07,-4.0423352541425315e-05,2.424402052925908e-10,8.388320770204557e-06,5.259485401973976e-08
1789477523,693499276,body,0.507425216352895,2.364887358950899e-07,-4.020857016038429e-05,2.647939562159408e-10,8.343691065751952e-06,4.538119048871465e-08
1789477523,699544712,body,0.507386302205427,2.3435910732082154e-07,-3.9994962259502437e-05,2.8545419465169684e-10,8.299310689655506e-06,3.8285633773869777e-08
1789477523,705360589,body,0.5073475920879245,2.3239989219994308e-07,-3.9782521774526756e-05,3.044969600010095e-10,8.255184965434114e-06,3.1314009203522e-08
1789477523,711734919,body,0.5073090849151776,2.3060720358430145e-07,-3.957124154915505e-05,3.2188057371254503e-10,8.211318320658615e-06,2.447194005953939e-08
1789477523,717832557,body,0.5072707796086553,2.2897707892854816e-07,-3.9361114328827436e-05,3.3777427368545013e-10,8.167714379097454e-06,1.776491415192007e-08
1789477523,723927165,body,0.5072326750960264,2.2750557749124118e-07,-3.915213280854407e-05,3.5211628172092175e-10,8.12437575199729e-06,1.1197732090002595e-08
1789477523,730095802,body,0.5071947703114252,2.2618858361225769e-07,-3.894428964502599e-05,3.649869258720732e-10,8.081304220153844e-06,4.77524775738123e-09
1789477523,736242748,body,0.5071570641957188,2.2502195055334825e-07,-3.873757746436898e-05,3.763598962941396e-10,8.038500736142678e-06,-1.498102393647594e-09
1789477523,742301819,body,0.5071195556959914,2.240014381099313e-07,-3.853198891923111e-05,3.8638203135235154e-10,7.995965569744213e-06,-7.618222769043794e-09
1789477523,748407505,body,0.5070822437662902,2.2312275689938627e-07,-3.8327516651421976e-05,3.9506915675405507e-10,7.953698189166573e-06,-1.3581012208329934e-08
1789477523,754625019,body,0.5070451273669511,2.2238154713683644e-07,-3.8124153362860676e-05,4.02401460822383e-10,7.911697448656824e-06,-1.9383283260382762e-08
1789477523,760821604,body,0.5070082054650774,2.2177341072746373e-07,-3.79218917851757e-05,4.0847908559003706e-10,7.8699616484654e-06,-2.502136220990174e-08
1789477523,766863880,body,0.5069714770339905,2.2129392682785948e-07,-3.772072473433025e-05,4.133043595947644e-10,7.82848850597416e-06,-3.04925390039131e-08
1789477523,773051286,body,0.5069349410538496,2.209386303174695e-07,-3.7520645088368777e-05,4.169018282909116e-10,7.787275301136582e-06,-3.5793954821954454e-08
1789477523,779005853,body,0.5068985965109788,2.207029928985798e-07,-3.732164580885003e-05,4.193981395189869e-10,7.746318988612326e-06,-4.092305616616576e-08
1789477523,784948309,body,0.5068624423980254,2.205824918663864e-07,-3.7123719958886355e-05,4.207933046258264e-10,7.705616071196726e-06,-4.587790014703353e-08
1789477523,790903409,body,0.5068264777140854,2.2057260010033302e-07,-3.6926860695253524e-05,4.211006599733319e-10,7.665162921794704e-06,-5.0656499467579224e-08
1789477523,799950899,body,0.5067907014642048,2.2066871661235877e-07,-3.6731061289493335e-05,4.2034685507237143e-10,7.624955601332812e-06,-5.5256930114902905e-08
1789477523,806995341,body,0.506755112659559,2.2086626949189486e-07,-3.653631510321822e-05,4.1859396557435584e-10,7.584990003096486e-06,-5.967817624233074e-08
1789477523,813280584,body,0.5067197103175395,2.21160752400761e-07,-3.6342615624003915e-05,4.1587079333141283e-10,7.545262002609006e-06,-6.391891002680413e-08
1789477523,819351942,body,0.5066844934609389,2.2154751385663023e-07,-3.6149956457373164e-05,4.1226826330404967e-10,7.505767347713853e-06,-6.797825107175276e-08
1789477523,825485677,body,0.506649461118731,2.2202207711238646e-07,-3.5958331308351905e-05,4.0780176671061585e-10,7.466501811794213e-06,-7.185567535395484e-08
1789477523,831436148,body,0.5066146123253964,2.2257981710761564e-07,-3.5767733997408675e-05,4.025133540643804e-10,7.427461234842873e-06,-7.555052895691155e-08
1789477523,837521000,body,0.5065799461209576,2.232162573036785e-07,-3.557815846318291e-05,3.9629843651840615e-10,7.38864134583268e-06,-7.906300726909268e-08
1789477523,843692993,body,0.5065454615509266,2.2392686543475788e-07,-3.538959874144999e-05,3.8944548232562564e-10,7.350038350021533e-06,-8.239295711065931e-08
1789477523,849790502,body,0.5065111576661974,2.2470720569401272e-07,-3.520204898116858e-05,3.818032703919423e-10,7.311648166228526e-06,-8.554062382515236e-08
1789477523,855985535,body,0.5064770335228864,2.25552777100708e-07,-3.501550342816708e-05,3.7343593505156317e-10,7.273467003042474e-06,-8.850653477553876e-08
1789477523,862483220,body,0.5064430881824392,2.2645921140937857e-07,-3.482995641742525e-05,3.644408726357802e-10,7.235491371031701e-06,-9.129166807873046e-08
1789477523,868589770,body,0.5064093207109376,2.274221842368498e-07,-3.464540239166971e-05,3.548822116713521e-10,7.1977179184344e-06,-9.389664990735663e-08
1789477523,874822025,body,0.5063757301800591,2.284372890941008e-07,-3.446183586314119e-05,3.446486020804046e-10,7.160143312359543e-06,-9.632274479413887e-08
1789477523,880864794,body,0.5063423156659217,2.2950032031087584e-07,-3.4279251431852696e-05,3.3393512360951914e-10,7.122764720627959e-06,-9.857116734335382e-08
1789477523,886968202,body,0.5063090762498307,2.3060705411183136e-07,-3.4097643771829196e-05,3.226681367821422e-10,7.085579240006752e-06,-1.0064360730707028e-07
1789477523,893132161,body,0.5062760110174077,2.3175331379481251e-07,-3.391700763044855e-05,3.108806106014932e-10,7.048584339186383e-06,-1.025415235219207e-07
1789477523,898969532,body,0.5062431190595676,2.3293503046684686e-07,-3.373733781649986e-05,2.9866540463295413e-10,7.01177769557941e-06,-1.0426702098034731e-07
1789477523,904817737,body,0.5062103994712764,2.3414817524685048e-07,-3.355862919228322e-05,2.8608653902376996e-10,6.975157205315877e-06,-1.0582198373740989e-07
1789477523,911609336,body,0.5061778513525794,2.3538873874292052e-07,-3.338087668073275e-05,2.7309477098475566e-10,6.9387209221712705e-06,-1.0720853897563545e-07
1789477523,920791975,body,0.5061454738077499,2.3665286556405632e-07,-3.320407525409058e-05,2.5974740362990816e-10,6.9024670797822604e-06,-1.0842921689918111e-07
1789477523,926910566,body,0.506113265945644,2.379367530172071e-07,-3.302821991704385e-05,2.4607511349154955e-10,6.866394225975685e-06,-1.094864067112035e-07
1789477523,933040201,body,0.5060812268796483,2.392366135475233e-07,-3.2853305729043026e-05,2.3213964135491004e-10,6.83050090191808e-06,-1.1038276962249649e-07
1789477523,939168859,body,0.5060493557274294,2.4054881149747684e-07,-3.267932777051095e-05,2.1792722416353337e-10,6.794785928553261e-06,-1.1112110783476116e-07
1789477523,945140796,body,0.5060176516111488,2.418697607028378e-07,-3.250628116189528e-05,2.0347071730071734e-10,6.7592482500575965e-06,-1.1170439008770983e-07
1789477523,951455662,body,0.5059861136571953,2.431959485733451e-07,-3.233416104744702e-05,1.888052116055743e-10,6.723887010448696e-06,-1.1213548520117831e-07
1789477523,957487041,body,0.5059547409966652,2.4452401621129515e-07,-3.21629625981592e-05,1.7398797313222893e-10,6.688701412587025e-06,-1.1241762170934672e-07
1789477523,963491604,body,0.5059235327642964,2.4585054846883297e-07,-3.199268099903652e-05,1.5904517511475378e-10,6.653690719281815e-06,-1.1255415692921113e-07
1789477523,969434263,body,0.5058924880998713,2.4717237974512404e-07,-3.182331146103859e-05,1.4400967680440995e-10,6.618854513091447e-06,-1.1254824944849862e-07
1789477523,975713867,body,0.5058616061468675,2.4848633485402167e-07,-3.165484920866638e-05,1.2884326122385982e-10,6.584192160076434e-06,-1.1240334872655744e-07
1789477523,981750534,body,0.5058308860534522,2.4978941027194717e-07,-3.1487289482772855e-05,1.135565535798057e-10,6.549703267216477e-06,-1.1212304855641895e-07
1789477523,987847179,body,0.505800326971771,2.510785517458112e-07,-3.132062753593083e-05,9.838001042367177e-11,6.515387621351164e-06,-1.1171093053923588e-07
1789477523,993965508,body,0.5057699280583223,2.523510296108946e-07,-3.115485862931851e-05,8.30688777020691e-11,6.481244692900018e-06,-1.1117101921053667e-07
1789477524,266045,body,0.5057396884739029,2.5360394954247603e-07,-3.098997804688018e-05,6.776705339968906e-11,6.447274268701346e-06,-1.1050660861548223e-07
1789477524,6369636,body,0.5057096073834131,2.5483474038008296e-07,-3.082598106759367e-05,5.2571749444022676e-11,6.413476176670778e-06,-1.0972167003077716e-07
1789477524,12637708,body,0.5056796839561584,2.5604077995872793e-07,-3.066286298987482e-05,3.7395891067200865e-11,6.379850157014868e-06,-1.0882013141739052e-07
1789477524,18697402,body,0.5056499173654414,2.572196198098194e-07,-3.0500619119959014e-05,2.2254540596191675e-11,6.346395792287538e-06,-1.0780602732710962e-07
1789477524,24746837,body,0.5056203067890052,2.583689044410827e-07,-3.033924477918532e-05,7.262721234681373e-12,6.313113079160264e-06,-1.0668301151432737e-07
1789477524,34438136,body,0.5055908514085898,2.5948634412509075e-07,-3.0178735291863114e-05,-7.588944294727835e-12,6.280001613509324e-06,-1.0545541939893027e-07
1789477524,41259683,body,0.5055615504103053,2.6056974953024924e-07,-3.0019086000299318e-05,-2.2363082832669857e-11,6.247061098905131e-06,-1.0412720114866978e-07
1789477524,47383646,body,0.5055324029844716,2.6161710293514677e-07,-2.9860292240275774e-05,-3.695134145659659e-11,6.214291328846137e-06,-1.0270231471821486e-07
1789477524,53608836,body,0.5055034083254228,2.626264216123587e-07,-2.9702349393441155e-05,-5.135862328179067e-11,6.181691867012855e-06,-1.0118493676593098e-07
1789477524,59722836,body,0.5054745656317923,2.635957860083351e-07,-2.9545252824954903e-05,-6.56320190443199e-11,6.149262371456644e-06,-9.957930611897098e-08
1789477524,66009071,body,0.5054458741064942,2.6452350203522263e-07,-2.9388997926369097e-05,-7.967870276769702e-11,6.117002471362543e-06,-9.788940737576349e-08
1789477524,72243870,body,0.5054173329562442,2.654078846593056e-07,-2.923358009622295e-05,-9.342806651060029e-11,6.08491168267296e-06,-9.611944939770245e-08
1789477524,78323938,body,0.5053889413923941,2.662472878941239e-07,-2.9078994762569096e-05,-1.0703818320567244e-10,6.052989509116384e-06,-9.427342342249311e-08
1789477524,84332452,body,0.5053606986300437,2.670403650036958e-07,-2.8925237358293768e-05,-1.2036736879061078e-10,6.021235461085344e-06,-9.235542618516443e-08
1789477524,90356112,body,0.5053326038886632,2.6778568148555395e-07,-2.8772303343145296e-05,-1.3347822721190046e-10,5.989648880215731e-06,-9.036970539328778e-08
1789477524,96388571,body,0.5053046563916656,2.6848195881772067e-07,-2.8620188183586803e-05,-1.4633564010308653e-10,5.958229288001493e-06,-8.83203144738783e-08
1789477524,102379569,body,0.5052768553666741,2.6912797549258035e-07,-2.8468887380535442e-05,-1.5880899996263582e-10,5.926975986111337e-06,-8.621125801218478e-08
1789477524,108392747,body,0.5052492000453978,2.6972281018751e-07,-2.8318396446661997e-05,-1.711007718321028e-10,5.895888206270864e-06,-8.40466749020579e-08
1789477524,114701026,body,0.5052216896635421,2.702653143980437e-07,-2.8168710910660833e-05,-1.8300706229580898e-10,5.864965361170681e-06,-8.183057306555344e-08
1789477524,120875816,body,0.505194323460934,2.7075467002496377e-07,-2.8019826347167675e-05,-1.9467701685560572e-10,5.834206557081479e-06,-7.956688378944396e-08
1789477524,126999230,body,0.5051671006813971,2.7119007747260695e-07,-2.787173832194501e-05,-2.0600442093080544e-10,5.8036110468220364e-06,-7.725949841397544e-08
1789477524,132809823,body,0.5051400205727694,2.7157078596688147e-07,-2.7724442452642115e-05,-2.1701407300095214e-10,5.7731780499049695e-06,-7.491245481782764e-08
1789477524,138880123,body,0.5051130823869037,2.718962307555687e-07,-2.7577934364290485e-05,-2.2769078212640213e-10,5.742906700356152e-06,-7.252959770419183e-08
1789477524,146632789,body,0.5050862853796139,2.7216582532295013e-07,-2.7432209715575327e-05,-2.3800157732546887e-10,5.71279614552334e-06,-7.011463411004606e-08
1789477524,155821058,body,0.5050596288106395,2.723791870810096e-07,-2.7287264192777482e-05,-2.480556029922791e-10,5.682845419512063e-06,-6.767141649992776e-08
1789477524,161981029,body,0.5050331119436997,2.7253593740150575e-07,-2.7143093490447803e-05,-2.576955303158587e-10,5.6530537929052514e-06,-6.520361750405423e-08
1789477524,167949000,body,0.5050067340464209,2.7263579046482877e-07,-2.699969334880885e-05,-2.670260384097597e-10,5.623420108849827e-06,-6.271491195166469e-08
1789477524,173991478,body,0.5049804943902491,2.7267853986812293e-07,-2.6857059540898627e-05,-2.7598303345797754e-10,5.593943630157182e-06,-6.020879705006981e-08
1789477524,180118885,body,0.5049543922505558,2.7266414218211436e-07,-2.6715187831206657e-05,-2.846245530939352e-10,5.56462332209905e-06,-5.76889143256887e-08
1789477524,186159852,body,0.5049284269065674,2.725924783488037e-07,-2.657407404619247e-05,-2.928909225992082e-10,5.535458257638982e-06,-5.515860222350198e-08
1789477524,192080030,body,0.5049025976412405,2.7246362092630744e-07,-2.6433714033297457e-05,-3.007957402255821e-10,5.5064475485973755e-06,-5.2621231379096566e-08
1789477524,198033062,body,0.5048769037414927,2.722777202017855e-07,-2.6294103649669965e-05,-3.083703684572646e-10,5.4775901369319926e-06,-5.0080235709365656e-08
1789477524,203974704,body,0.5048513444977596,2.720349413227136e-07,-2.6155238794560107e-05,-3.1557508166097114e-10,5.448885174430901e-06,-4.75386705507857e-08
1789477524,210069070,body,0.5048259192044905,2.71735533989046e-07,-2.6017115385296924e-05,-3.224434482514658e-10,5.420331620815177e-06,-4.4999889884044965e-08
1789477524,216017001,body,0.5048006271597056,2.7137984814959366e-07,-2.587972937961927e-05,-3.2894904704157633e-10,5.391928604559982e-06,-4.246681470756296e-08
1789477524,222171607,body,0.5047754676651556,2.7096831944359776e-07,-2.57430767385223e-05,-3.350765652736451e-10,5.363675229713941e-06,-3.994249369451895e-08
1789477524,228095288,body,0.5047504400262675,2.7050132236718976e-07,-2.5607153471950172e-05,-3.408528607001609e-10,5.3355705481464305e-06,-3.7429788997365265e-08
1789477524,234051091,body,0.5047255435521458,2.699794557349952e-07,-2.5471955610656148e-05,-3.463447594316927e-10,5.307613581750261e-06,-3.4931612725573194e-08
1789477524,240144502,body,0.5047007775555193,2.694032246569788e-07,-2.5337479193113353e-05,-3.5142144301449443e-10,5.279803517842881e-06,-3.245059389683518e-08
1789477524,246271007,body,0.5046761413527042,2.6877336340618805e-07,-2.5203720301367857e-05,-3.562274345119341e-10,5.2521394415981996e-06,-2.998948585288478e-08
1789477524,252466598,body,0.5046516342636765,2.6809056259104105e-07,-2.507067503546757e-05,-3.6061635648138937e-10,5.2246204826030395e-06,-2.7550789936832232e-08
1789477524,258565455,body,0.5046272556119116,2.673554531996543e-07,-2.4938339525283767e-05,-3.647526963664602e-10,5.197245740464645e-06,-2.5137079632907327e-08
1789477524,268382120,body,0.5046030047244191,2.6656900273950255e-07,-2.480670992037766e-05,-3.6850114204565005e-10,5.170014451350223e-06,-2.2750436619013877e-08
1789477524,275073835,body,0.5045788809318335,2.6573199780979185e-07,-2.467578238518459e-05,-3.719617914760161e-10,5.142925689332012e-06,-2.0393556508820316e-08
1789477524,281192118,body,0.5045548835681635,2.648452826697409e-07,-2.4545553126734624e-05,-3.750814736846792e-10,5.115978748310322e-06,-1.8068382196191786e-08
1789477524,287220759,body,0.5045310119710597,2.639098995423231e-07,-2.441601836156046e-05,-3.779224991437995e-10,5.089172649065124e-06,-1.5777137452883768e-08
1789477524,293413200,body,0.5045072654814587,2.6292676947956546e-07,-2.4287174328138598e-05,-3.8038505961567393e-10,5.062506797629688e-06,-1.3521718546768802e-08
1789477524,299447555,body,0.5044836434438862,2.618969451049818e-07,-2.4159017289158495e-05,-3.825536533743825e-10,5.035980333578133e-06,-1.1304182714582754e-08
1789477524,305500390,body,0.5044601452062059,2.6082154871676524e-07,-2.4031543537753096e-05,-3.8450387024167606e-10,5.009592412032518e-06,-9.12624635532466e-09
1789477524,312277444,body,0.5044367701197824,2.5970155987394125e-07,-2.3904749376952422e-05,-3.8608259442009356e-10,4.983342385731493e-06,-6.989655860508126e-09
1789477524,318389016,body,0.504413517539301,2.5853824079111565e-07,-2.377863113402835e-05,-3.87367632041947e-10,4.957229477519357e-06,-4.8961209676493055e-09
1789477524,324403202,body,0.5043903868227696,2.573326703351354e-07,-2.3653185156484602e-05,-3.884278940728738e-10,4.9312529801835315e-06,-2.8471871019871466e-09
1789477524,330701089,body,0.504367377331695,2.5608609506310844e-07,-2.3528407820521313e-05,-3.892123740209857e-10,4.905412114346588e-06,-8.442320536009992e-10
1789477524,336841336,body,0.5043444884307461,2.5479972504880814e-07,-2.3404295508723053e-05,-3.896745052330831e-10,4.879706279379024e-06,1.111361946881148e-09
1789477524,343075986,body,0.5043217194880911,2.534748228361759e-07,-2.328084463582974e-05,-3.899675601728074e-10,4.854134644832571e-06,3.018207131731336e-09
1789477524,349444276,body,0.5042990698750425,2.5211266690738593e-07,-2.315805162741323e-05,-3.899117159642549e-10,4.828696607856416e-06,4.875307618644767e-09
1789477524,355951985,body,0.5042765389662701,2.5071451245073795e-07,-2.3035912933401387e-05,-3.8967355249166395e-10,4.803391469010125e-06,6.6814621581681195e-09
1789477524,362064525,body,0.5042541261397296,2.4928171988147093e-07,-2.2914425021109772e-05,-3.891931502413688e-10,4.7782185399550126e-06,8.435656002585268e-09
1789477524,368130991,body,0.5042318307765925,2.478155832867324e-07,-2.2793584381969454e-05,-3.8843722657387743e-10,4.7531772167298925e-06,1.0136985428353942e-08
1789477524,374258602,body,0.5042096522612274,2.463174884770607e-07,-2.267338751694928e-05,-3.8753236524836816e-10,4.728266679988823e-06,1.178461888735216e-08
1789477524,382727064,body,0.504187589981271,2.447888006383075e-07,-2.2553830950595433e-05,-3.863364599784334e-10,4.70348643346434e-06,1.3377953519066592e-08
1789477524,390774207,body,0.504165643327594,2.432308100239191e-07,-2.2434911233199827e-05,-3.8500718508317096e-10,4.678835717761577e-06,1.4916074510648013e-08
1789477524,396916546,body,0.5041438116941747,2.416449751685258e-07,-2.2316624920722945e-05,-3.8343572264032167e-10,4.6543139522349435e-06,1.639863657564848e-08
1789477524,403140393,body,0.5041220944782425,2.4003262737351587e-07,-2.2198968592196398e-05,-3.816487187399005e-10,4.629920481852489e-06,1.782503797523764e-08
1789477524,409242099,body,0.5041004910800468,2.3839519444207028e-07,-2.2081938850316078e-05,-3.796417139713104e-10,4.605654714865437e-06,1.9194962295804838e-08
1789477524,415381584,body,0.5040790009031229,2.3673404318752908e-07,-2.196553231165373e-05,-3.775568043789819e-10,4.581515830818758e-06,2.0507998764467488e-08
1789477524,421567320,body,0.504057623354044,2.3505063718021419e-07,-2.18497456047227e-05,-3.753073743537441e-10,4.557503348985445e-06,2.176382097011737e-08
1789477524,427872786,body,0.504036357842545,2.333462245560541e-07,-2.173457539139184e-05,-3.7281566360094924e-10,4.5336166432004084e-06,2.2962507733740587e-08
1789477524,434166523,body,0.5040152037813627,2.3162233502422907e-07,-2.1620018333177068e-05,-3.701749082198265e-10,4.5098550140228295e-06,2.410380037969166e-08
1789477524,440299483,body,0.5039941605864139,2.2988031619799803e-07,-2.1506071123957212e-05,-3.6741172622833866e-10,4.486217873034745e-06,2.5187512392415634e-08
1789477524,446591576,body,0.5039732276765996,2.2812154162574258e-07,-2.1392730468300205e-05,-3.6450385028242605e-10,4.462704609612741e-06,2.6214013474933455e-08
1789477524,452900601,body,0.5039524044738759,2.2634738550811127e-07,-2.1279993091408293e-05,-3.6150231413418014e-10,4.4393144821286395e-06,2.7183266993358158e-08
1789477524,458909365,body,0.5039316904033079,2.2455921749804853e-07,-2.116785573210592e-05,-3.583315732266415e-10,4.4160470265088464e-06,2.8095442807158553e-08
1789477524,464869163,body,0.5039110848928381,2.2275840234146968e-07,-2.1056315154412715e-05,-3.5506263186384636e-10,4.392901494463473e-06,2.8950725218072143e-08
1789477524,470908688,body,0.5038905873734819,2.2094629241310562e-07,-2.0945368129453418e-05,-3.51675437894894e-10,4.369877326439107e-06,2.9749594951564878e-08
1789477524,476887238,body,0.5038701972792928,2.19124222728357e-07,-2.0835011451903234e-05,-3.4816993345018543e-10,4.346973926248066e-06,3.049237841338068e-08
1789477524,482842793,body,0.5038499140471662,2.172934824568663e-07,-2.0725241938707918e-05,-3.445838041860757e-10,4.324190571132644e-06,3.117947528633977e-08
1789477524,488849924,body,0.5038297371170526,2.1545543784630123e-07,-2.0616056415492548e-05,-3.40894780827854e-10,4.3015267248573636e-06,3.181134187087312e-08
1789477524,495044582,body,0.5038096659318338,2.1361128897968935e-07,-2.0507451728523706e-05,-3.3716718373125136e-10,4.278981727948341e-06,3.238857103020182e-08
1789477524,504370729,body,0.5037896999371984,2.117624241298538e-07,-2.039942474533986e-05,-3.3330768011262743e-10,4.2565549831067786e-06,3.291179225519614e-08
1789477524,510808593,body,0.5037698385818895,2.09910001259126e-07,-2.0291972337997203e-05,-3.2938502797200623e-10,4.2342459407723715e-06,3.3381677235143976e-08
1789477524,516866347,body,0.5037500813174935,2.080553140243358e-07,-2.0185091412305416e-05,-3.2543246339022174e-10,4.212053859314603e-06,3.3798824382424835e-08
1789477524,522850813,body,0.5037304275984027,2.06199490910089e-07,-2.0078778887426747e-05,-3.2138994595836875e-10,4.1899781891751165e-06,3.416414074574604e-08
1789477524,528761383,body,0.5037108768819938,2.043438368542344e-07,-1.9973031684930816e-05,-3.1730402743904504e-10,4.168018374131603e-06,3.447837017746923e-08
1789477524,534704134,body,0.503691428628308,2.0248941491557604e-07,-1.9867846758177618e-05,-3.131457631793634e-10,4.14617374805037e-06,3.474229205256748e-08
1789477524,540890769,body,0.5036720823004951,2.0063743333234903e-07,-1.9763221079022368e-05,-3.090172069481055e-10,4.1244436436867005e-06,3.495683452369005e-08
1789477524,546825610,body,0.5036528373642456,1.9878896787332692e-07,-1.9659151626976002e-05,-3.048361111188262e-10,4.102827558111215e-06,3.5123017881013254e-08
1789477524,553157040,body,0.5036336932882336,1.9694516973283626e-07,-1.955563539674991e-05,-3.0062237804282573e-10,4.081324865157036e-06,3.524171920202588e-08
1789477524,559108894,body,0.5037885626167413,-2.0545063767572053e-06,-0.0033337721755288055,0.0005622224752199667,-0.13150448558090305,5.14986609458107e-05
1789477524,565020892,body,0.5021482686832743,-1.170388999105494e-05,-0.011611592433859222,-0.0002628789987691131,-0.3301401387832586,0.0001330184918531644
1789477524,571106952,body,0.49422975900758187,-2.5090814237178e-05,-0.022174923412548866,-0.0005189683593489218,-0.431825235943309,0.00016772382517740895
1789477524,576968122,body,0.4764899224997716,-2.8238562962539897e-05,-0.03215933706127218,-0.00020809430798748234,-0.4382117961742169,0.00014856121746860984
1789477524,582925331,body,0.4479127452745369,-2.2410855828067672e-05,-0.03983082006354275,0.00011818436591109505,-0.3919110636235165,0.00010522993229535782
1789477524,588831607,body,0.40923665315869634,-1.5226014524856098e-05,-0.04454262650781967,0.00021116120194955972,-0.32739447395330457,6.902840421792257e-05
1789477524,594772122,body,0.36195379872797373,-1.123806081110616e-05,-0.04628870008843663,0.00013199446112955736,-0.26230132571976267,4.858443103476438e-05
1789477524,600788295,body,0.3076992257459588,-1.0407577102820803e-05,-0.04534352643140095,2.0129124748988723e-05,-0.20258250050405838,3.575558430961126e-05
1789477524,606829964,body,0.24800001974618066,-1.0650468790354075e-05,-0.04208455156897507,-4.526745701501336e-05,-0.14884109879229127,2.1713443161626696e-05
1789477524,616556169,body,0.18421914189638297,-1.0226670729505814e-05,-0.03693031275063425,-5.7669125882650264e-05,-0.10021114753469289,4.1427835969410745e-06
1789477524,623620264,body,0.11757059296704761,-8.556067349823166e-06,-0.030320798159193772,-4.289331229656411e-05,-0.05593086402418566,-1.4697239521577294e-05
1789477524,629799203,body,0.0491459134905072,-5.920454030086618e-06,-0.02270349957571019,-2.4726382861256475e-05,-0.01565093511555022,-3.2028684040262976e-05
1789477524,635894805,body,-0.020067129247575477,-2.888207378005421e-06,-0.014516461280958567,-1.3260785885322349e-05,0.020708068914848176,-4.656481133783322e-05
1789477524,641958298,body,-0.0891747798264786,5.988930457522221e-08,-0.006170618715294554,-8.29617604840828e-06,0.0531436685150614,-5.837307248128186e-05
1789477524,648200572,body,-0.1573727343973329,2.632560897859841e-06,0.0019651173776942046,-6.251950826545017e-06,0.08168009369065372,-6.800841063552277e-05
1789477524,654530407,body,-0.2239435361440758,4.678522626230205e-06,0.009574425031680742,-4.4421556920134714e-06,0.10640063839196788,-7.59173346982162e-05
1789477524,660766102,body,-0.2882542794655535,6.1110642758451745e-06,0.016399791749789824,-2.031357070457337e-06,0.12743965295246892,-8.230230101153498e-05
1789477524,666814636,body,-0.34975414548264083,6.865084300826457e-06,0.022245086212159926,6.888706033752217e-07,0.14496322195681638,-8.722520563428879e-05
1789477524,672847263,body,-0.40797180761238616,6.888576273372569e-06,0.0269752418437464,3.185366806433942e-06,0.1591527899948015,-9.072642848814748e-05
1789477524,679004737,body,-0.46251283323859155,6.149584213526149e-06,0.030513666449202042,5.121616968656911e-06,0.17019539925422186,-9.287592574776604e-05
1789477524,684965849,body,-0.5130571224831086,4.643113453140301e-06,0.032837852130501555,6.3992389221320525e-06,0.17827938991945563,-9.377151948611518e-05
1789477524,691064291,body,-0.5593563245474533,2.3925697290961213e-06,0.033973582018749164,7.046742557062508e-06,0.1835933476307312,-9.352178189898451e-05
1789477524,697016563,body,-0.6012311153887471,-5.531395787349659e-07,0.033988098172782935,7.122884173701531e-06,0.18632656079187557,-9.223446651754231e-05
1789477524,702996876,body,-0.6385682110497857,-4.124146735478681e-06,0.03298258083112151,6.679544138791584e-06,0.18666997962251242,-9.001330295422587e-05
1789477524,708969608,body,-0.671317012615648,-8.234126365827e-06,0.03108427618725293,5.763340423640686e-06,0.1848171774924583,-8.695882943855639e-05
1789477524,714940279,body,-0.699485815245684,-1.2784332612370072e-05,0.028438591388226388,4.426581715217418e-06,0.18096507142543333,-8.316959693715632e-05
1789477524,721003918,body,-0.7231375544104072,-1.766732677739208e-05,0.025201449756643176,2.732906356652776e-06,0.1753142658325282,-7.874255311126787e-05
1789477524,727977580,body,-0.7423851017199645,-2.2770576379035043e-05,0.021532165898135537,7.562715291917308e-07,0.16806893387526203,-7.37728236821545e-05
1789477524,736858370,body,-0.7573861576204447,-2.797994852057682e-05,0.017587059427051733,-1.4231255819980878e-06,0.1594361910352579,-6.835331616190529e-05
1789477524,743287661,body,-0.7683378169848615,-3.318300404009965e-05,0.013513978259378959,-3.7230325930328557e-06,0.1496249582843051,-6.257433824151302e-05
1789477524,749434111,body,-0.7754709049891417,-3.827197600075851e-05,0.009447849473540935,-6.062402640679971e-06,0.13884435554801153,-5.6523232664385636e-05
1789477524,755905807,body,-0.7790441939321142,-4.3146343055522733e-05,0.0055073202120726125,-8.363863312157305e-06,0.1273017046594439,-5.0283981795782836e-05
1789477524,762021248,body,-0.7793386167343481,-4.771494514766506e-05,0.0017924961286091088,-1.0555761341077994e-05,0.11520025077822862,-4.393676352175647e-05
1789477524,767978263,body,-0.7766515903215796,-5.1897620094496673e-05,-0.001616266258239074,-1.2573959914806662e-05,0.10273673029608349,-3.7557466345504645e-05
1789477524,773970663,body,-0.7712915531129999,-5.562635961444596e-05,-0.004658601294120972,-1.4363372577456367e-05,0.09009892091312358,-3.121718767603654e-05
1789477524,780154339,body,-0.7635728069718372,-5.8846001742669355e-05,-0.007293533212922936,-1.5879143585995004e-05,0.07746330617400189,-2.498174132944385e-05
1789477524,786083620,body,-0.7538107369715871,-6.151449134808838e-05,-0.009498180276256539,-1.7087400086644818e-05,0.06499297339429537,-1.8911199688948827e-05
1789477524,792195116,body,-0.7423174639198259,-6.360275283740676e-05,-0.011265925313362778,-1.7965550235518344e-05,0.052835842444448354,-1.305949257628374e-05
1789477524,798308831,body,-0.7293979662661961,-6.509422989775299e-05,-0.012604216662942936,-1.850214032506102e-05,0.04112329577083839,-7.4740823418083154e-06
1789477524,804468578,body,-0.7153466910051286,-6.598415108916335e-05,-0.01353215668310098,-1.8696312741421354e-05,0.02996925018849748,-2.1957331562209985e-06
1789477524,810613044,body,-0.700444658280854,-6.627858361786495e-05,-0.014078020395515553,-1.8556924037069486e-05,0.01946968131293042,2.74161650985888e-06
1789477524,816632524,body,-0.6849570520511319,-6.599333431114794e-05,-0.01427682659747142,-1.810139320927736e-05,0.009702584625823086,7.310870833238801e-06
1789477524,822636605,body,-0.6691312794972748,-6.515275367914225e-05,-0.014168060135737938,-1.7354357781807494e-05,0.0007283351251746827,1.1491681788507582e-05
1789477524,828722201,body,-0.6531954747387042,-6.378849098811893e-05,-0.013793619090163018,-1.6346216650954913e-05,-0.0074096084732367075,1.5270248986615296e-05
1789477524,834868779,body,-0.637357417530619,-6.19382429857748e-05,-0.013196036172328592,-1.511163479604102e-05,-0.014683718533181732,1.8639020586625482e-05
1789477524,841038724,body,-0.6218038346074486,-5.964452968668908e-05,-0.012417001123862122,-1.3688078321075862e-05,-0.02108119926019256,2.1596308362951487e-05
1789477524,850694730,body,-0.6067000497741385,-5.6953523282036004e-05,-0.011496191288382557,-1.2114435702658995e-05,-0.026602638637514137,2.4145830468940334e-05
1789477524,857820464,body,-0.5921899483641387,-5.391395033000085e-05,-0.010470401404235238,-1.0429769071408426e-05,-0.03126057110168046,2.6296197405431266e-05
1789477524,864177269,body,-0.5783962219503765,-5.057607995284237e-05,-0.009372951233269812,-8.672225672233167e-06,-0.03507800239021505,2.8060357750513003e-05
1789477524,870306899,body,-0.5654208599546672,-4.699080669434022e-05,-0.008233340825586468,-6.878127258490631e-06,-0.03808693868146112,2.945501868772711e-05
1789477524,876406473,body,-0.5533458558632065,-4.3208831356540586e-05,-0.007077117734051485,-5.08124351922541e-06,-0.04032695274820105,3.0500056026824672e-05
1789477524,882622659,body,-0.5422340969973696,-3.927994093131382e-05,-0.005925917914367007,-3.312247561283043e-06,-0.041843811156605036,3.1217927585327216e-05
1789477524,888691639,body,-0.5321304081316244,-3.5252385280103334e-05,-0.004797641884689739,-1.5983419788014622e-06,-0.0426881790546294,3.163310170339859e-05
1789477524,894880519,body,-0.5230627206595453,-3.117234708371687e-05,-0.0037067294621360687,3.695865158696404e-08,-0.04291441302642462,3.1771509856885326e-05
1789477524,900909682,body,-0.5150433404760649,-2.708349951678847e-05,-0.002664499547145526,1.5739090161854443e-06,-0.04257944784755098,3.166003294800051e-05
1789477524,907013624,body,-0.5080702892687605,-2.302664645788919e-05,-0.0016795255349035818,2.9964981157718067e-06,-0.04174177961824897,3.132602588743253e-05
1789477524,913249851,body,-0.5021286955049237,-1.9039438404981682e-05,-0.0007580215948630033,4.2923205597886505e-06,-0.04046054545494862,3.0796885935620195e-05
1789477524,919328743,body,-0.4971922130724193,-1.5156158117955346e-05,9.578006520903799e-05,5.452374336865465e-06,-0.038794698433360086,3.0099666744823087e-05
1789477524,925540993,body,-0.49322444727955916,-1.1407569272030305e-05,0.0008792760233577784,6.470805661662104e-06,-0.03680227555795236,2.9260741149789938e-05
1789477524,931945150,body,-0.4901803697406658,-7.820822818749665e-06,0.0015911730978736328,7.344618453113421e-06,-0.034539755976610416,2.8305509920620632e-05
1789477524,938023830,body,-0.4880077055541487,-4.419414129493683e-06,0.0022312108828599435,8.073363462816812e-06,-0.03206150630489,2.725815819433903e-05
1789477524,943983159,body,-0.48664827809888994,-1.223187026646864e-06,0.0027999282693829996,8.658821187099061e-06,-0.02941930965949368,2.6141456949728357e-05
1789477524,950035533,body,-0.48603929871101426,1.7516219694058705e-06,0.003298473915306472,9.10468846588048e-06,-0.026661974757835053,2.497660607840592e-05
1789477524,956192014,body,-0.4861145904237195,4.492302048422144e-06,0.0037284583096288846,9.416277185818558e-06,-0.023835021184274593,2.3783118264592332e-05
1789477524,963854558,body,-0.4868057368392416,6.989554989642661e-06,0.004091843370826179,9.600230673333036e-06,-0.020980436651753805,2.2578738597165355e-05
1789477524,972341466,body,-0.488043149018833,9.237353273162844e-06,0.0043908643839229615,9.664262237075187e-06,-0.018136501805482458,2.1379397509081735e-05
1789477524,978567824,body,-0.48975704501010203,1.1232773803373784e-05,0.004627978458803974,9.616917405443246e-06,-0.015337677847060461,2.0199193433303342e-05
1789477524,984616587,body,-0.49187833825761096,1.297581023447073e-05,0.004805833511124588,9.467360995263106e-06,-0.012614552018830391,1.9050402143820945e-05
1789477524,990559353,body,-0.494339432649752,1.4469167694538064e-05,0.0049272519482043645,9.225188430666773e-06,-0.009993835806635437,1.794350876963054e-05
1789477524,996547877,body,-0.49707492333437825,1.5718042318170226e-05,0.004995223704812257,8.90026018213419e-06,-0.007498410596592964,1.6887259899668182e-05
1789477525,2505244,body,-0.5000222036822273,1.672988940506084e-05,0.005012903938440459,8.502557580949745e-06,-0.005147415478893748,1.5888732275581587e-05
1789477525,8543404,body,-0.5031219798877071,1.7514182306915327e-05,0.0049836114876586676,8.042057348026583e-06,-0.0029563719199212275,1.4953415843033335e-05
1789477525,14506702,body,-0.5063186956747493,1.8082165786730746e-05,0.004910825054237376,7.5286243121766245e-06,-0.0009373401225717022,1.408530828888229e-05
1789477525,20293371,body,-0.5095608704252524,1.8446605834413506e-05,0.004798174934269973,6.971917326174054e-06,0.000900897940929681,1.3287017899282327e-05
1789477525,26394410,body,-0.5128013547711752,1.8621539285003616e-05,0.00464942894848467,6.3813092772380915e-06,0.002552633629901685,1.2559873682313629e-05
1789477525,32377789,body,-0.5159975082984987,1.8622025656968384e-05,0.004468471973081393,5.765817707926932e-06,0.004015009421195,1.1904040254753678e-05
1789477525,38241196,body,-0.5191113045065919,1.846390338139853e-05,0.0042592791230799095,5.1340443675692e-06,0.005287783653332034,1.1318634655211418e-05
1789477525,44195269,body,-0.5221093685560296,1.816355364905919e-05,0.004025883175318793,4.494123987035671e-06,0.00637308620718093,1.0801845282811213e-05
1789477525,50059460,body,-0.5249629536313202,1.773767327597183e-05,0.0037723372298549673,3.853679836693373e-06,0.007275168794627617,1.0351050131560795e-05
1789477525,56341853,body,-0.5276478619426307,1.7203059370373012e-05,0.0035026738969964216,3.2197862122590185e-06,0.008000153224732227,9.962932944984833e-06
1789477525,62291018,body,-0.5301443165074121,1.657640687712845e-05,0.0032208624677057826,2.598936795430877e-06,0.008555780712574294,9.63359634847274e-06
1789477525,68102373,body,-0.5324367898841322,1.5874121496607114e-05,0.0029307655890342703,1.9970202983910402e-06,0.008951165001790605,9.358672326339735e-06
1789477525,73992965,body,-0.5345137959927168,1.5112148535329566e-05,0.0026360969365559327,1.4193008245250377e-06,0.009196551781980308,9.133425878901918e-06
1789477525,83464870,body,-0.5363676510478324,1.4305819455838668e-05,0.002340381269474597,8.704051376530685e-07,0.00930308660177606,8.952855111059891e-06
1789477525,89976144,body,-0.5379942094614437,1.3469716210920234e-05,0.0020469180875280994,3.5431559052337425e-07,0.009282593203903722,8.811783569700767e-06
1789477525,95958422,body,-0.5393925803469164,1.2617554792628499e-05,0.0017587498997558063,-1.2563038626489665e-07,0.00914736394014058,8.70494676160065e-06
1789477525,101961417,body,-0.5405648299842539,1.1762087154976741e-05,0.0014786358797989436,-5.667353378095752e-07,0.008909963661133915,8.627071204569958e-06
1789477525,107956792,body,-0.5415156752880587,1.0915022562559654e-05,0.0012090314359551385,-9.669298368252503e-07,0.008583048220486101,8.57294656771945e-06
1789477525,114391724,body,-0.542252172973941,1.0086967256918888e-05,0.0009520739798159288,-1.3247555621645801e-06,0.00817919847785804,8.537489404260224e-06
1789477525,121321564,body,-0.5427834087351092,9.287382099418953e-06,0.0007095749463088717,-1.6393421041788167e-06,0.007710770444410466,8.515800667184672e-06
1789477525,127843518,body,-0.543120190347108,8.524558076644701e-06,0.00048301790857986496,-1.910378523056313e-06,0.007189761974136167,8.503214486486489e-06
1789477525,134651907,body,-0.5432747482004777,7.805607518048538e-06,0.00027356245055087816,-2.1380802335084778e-06,0.006627696177813515,8.495339427169948e-06
1789477525,141745359,body,-0.5432604463435271,7.136470910143761e-06,8.205331137687774e-05,-2.3231515003790746e-06,0.006035521521577957,8.48809393699343e-06
1789477525,148655044,body,-0.543091506691664,6.5219380326678745e-06,-9.096579800455776e-05,-2.466744046328567e-06,0.005423528369353462,8.477732378031222e-06
1789477525,155680386,body,-0.5427827486455704,5.965680964383899e-06,-0.0002452343853367664,-2.5704126299709098e-06,0.00480128154349758,8.460866643542681e-06
1789477525,162617148,body,-0.5423493459487312,5.470299357383392e-06,-0.0003807541004728084,-2.6360688414539554e-06,0.0041775683102919705,8.434479948573952e-06
1789477525,169239153,body,-0.5418066022225149,5.0373746283152785e-06,-0.0004977651333493178,-2.6659324956421204e-06,0.0035603610503160852,8.395934827034796e-06
1789477525,176868453,body,-0.541169746242791,4.66753310314091e-06,-0.0005967208176599427,-2.6624827046899357e-06,0.00295679374587705,8.342975709786213e-06
1789477525,183316202,body,-0.5404537476661541,4.360515553201543e-06,-0.0006782611380155624,-2.6284089869022475e-06,0.0023731513142880756,8.273727248408066e-06
1789477525,189428323,body,-0.5396731535860306,4.115252362884683e-06,-0.000743185786866385,-2.566562443309392e-06,0.0018148707325678995,8.186685704182379e-06
1789477525,195435575,body,-0.5388419459980955,3.9299426143556235e-06,-0.0007924273528011008,-2.4799087779812853e-06,0.0012865528387129156,8.080709090777343e-06
1789477525,203972728,body,-0.5379734199763695,3.8021358631116052e-06,-0.0008270251476011033,-2.3714828892538924e-06,0.0007919836544976975,7.955001811023485e-06
1789477525,211739985,body,-0.5370800821211047,3.7288151937421357e-06,-0.0008481001006581793,-2.2443456191822445e-06,0.0003341640559321778,7.809096934770872e-06
1789477525,218093477,body,-0.5361735686199738,3.706480618055936e-06,-0.0008568310686028978,-2.1015441114659356e-06,-8.465338377867612e-05,7.64283546660311e-06
1789477525,223987345,body,-0.5352645820804225,3.731231533515529e-06,-0.0008544328293916485,-1.9460744040604915e-06,-0.0004629215387254344,7.456344444531133e-06
1789477525,229969224,body,-0.5343628461326382,3.7988474810503236e-06,-0.0008421359552262704,-1.780848247370709e-06,-0.00079975099014165,7.250012058762398e-06
1789477525,236027400,body,-0.5334770766741636,3.90486624213765e-06,-0.0008211686900391857,-1.608663315404284e-06,-0.0010948584863602047,7.024462767171293e-06
1789477525,241934749,body,-0.5326149685251415,4.044658249251386e-06,-0.0007927408958354983,-1.432177283659355e-06,-0.0013485126330622698,6.780531263672675e-06
1789477525,247927636,body,-0.5317831961859164,4.213497413000202e-06,-0.0007580300789969208,-1.2538857957849452e-06,-0.001561477779490136,6.519236144542623e-06
1789477525,254325031,body,-0.5309874273389609,4.406626984973626e-06,-0.0007181694629444254,-1.0761044374087157e-06,-0.0017349569957228479,6.241753503114334e-06
1789477525,260342635,body,-0.5302323477026254,4.619320649843793e-06,-0.000674238037091197,-9.00954359279009e-07,-0.0018705349607583254,5.949390925221377e-06
1789477525,266419318,body,-0.5295216958411165,4.846937988918889e-06,-0.0006272524840196834,-7.303517162099146e-07,-0.0019701215004361314,5.643562217574508e-06
1789477525,272342304,body,-0.5288583065377486,5.084974818753707e-06,-0.0005781608657681392,-5.660004941227264e-07,-0.002035896434021027,5.325763141660515e-06
1789477525,278220967,body,-0.5282441613694028,5.329107508784194e-06,-0.0005278379361942831,-4.093888984256563e-07,-0.002070256306111178,4.99754781708701e-06
1789477525,284240433,body,-0.527680445157592,5.575231416652528e-06,-0.00047708193797370974,-2.617884335411103e-07,-0.0020757634978522486,4.660507504312117e-06
1789477525,290244450,body,-0.5271676070269756,5.819494003887723e-06,-0.0004266127393751165,-1.2425603140994452e-07,-0.002055098135312917,4.316249165138089e-06
